Record ID,Location ID,Parent Company,Business Name,Trading Name,Legal Company Name,Business Category,Business Subcategory,Independent / Chain,Number of Locations,Website,Facebook,Instagram,Other Social Media,Address Line 1,Address Line 2,Town / City,County,Postcode,Region,Country,Main Phone,Secondary Phone,Mobile,General Email,Sales Email,Purchasing Email,Contact Name,Contact Position,Contact Source,Companies House Number,Company Status,Registered Company Name,Registered Office,Incorporation Date,Existing Vape Brands,Product Categories,Potential Opportunity,Estimated Retail Type,Supplier Information,Sales Notes,Lead Priority,Priority Reasons,Primary Source,Secondary Source,Source Count,Website Checked,Phone Checked,Email Checked,Companies House Checked,Phone Status,Email Status,Last Verified Date,Verification Status,Data Confidence,Duplicate Review,Contact Type,Marketing Legal Basis,Opt-Out Status,Do Not Contact,Date Collected,Lead Status,Date Added,Last Contact,Next Follow-Up,Contact Method,Salesperson,Outcome,CRM Notes
WY-0001,1865CIGARS-01,1865 Cigars,1865 Cigars (Huddersfield),1865 Cigars,,Tobacco Specialist,Cigar and tobacco specialist,Regional Chain,7,https://1865cigars.com/,https://www.facebook.com/p/1865Cigars-61555796965999/,https://www.instagram.com/1865.cigars/,,"Sheffield House, 13 Cross Church Street",Town Centre,Huddersfield,West Yorkshire,HD1 2PY,Yorkshire & Humber,England,01484 530457,,,sales@1865cigars.com,sales@1865cigars.com,,,,,,,,,,,cigars; pipe tobacco; cigarillos; smoking accessories,,Tobacco Specialist,Stocks 70+ cigar brands including Cuban and New World cigars,"Yorkshire/North West cigar retail group with location pages for Sheffield, Manchester, Pudsey, Rotherham, Oldham and Halifax as well as Huddersfield; location count approximate from site location pages. Phone and email shown on the business's own web pages surfaced in search results.",High,Multi-site retailer; Core relevant category; Public trade/sales contact; Active website; Social presence; Phone verified on official website,https://1865cigars.com/locations/sheffield/tobacconist-in-sheffield/,https://www.facebook.com/p/1865Cigars-61555796965999/,3,No,No,No,No,Verified on official website,Publicly Listed,2026-09-16,Requires Verification,Medium,,Business (B2B),Legitimate interest (B2B) - assess per campaign; PECR: corporate subscribers,,No,2026-09-16,New,2026-09-16,,,,,,
WY-0002,420VAPESHO-01,420 Vape Shop,"420 Vape Shop (Leeds Road, Shipley)",4:20 Vape Shop,,Vape Shop,"Vape hardware, e-liquids, disposables & CBD",Multi-Site Independent,3,https://420vapeshop.co.uk/,https://www.facebook.com/420vapeshopBD4/,https://www.instagram.com/420vapeshopuk/,,206 Leeds Road,,Shipley,West Yorkshire,BD18 1EA,Yorkshire & Humber,England,01274 011507,,,,,,,,,,,,,,,vape kits; e-liquids; nic salts; disposables; pods & coils; CBD,,Vape Shop,,"One of 3 stores of the 420 Vape Shop chain (see Tong Street record for company-level notes). Hours: Mon-Fri 08:00-19:00, Sat 09:00-17:00, Sun closed. Store details published on the brand's own contact page, obtained via search-engine extraction (direct fetch blocked by network policy).",High,Multi-site retailer; Independent retailer; Core relevant category; Active website; Social presence; Phone verified on official website,https://420vapeshop.co.uk/pages/contact,https://ecigdirectory.co.uk/vape-shop/listing/420-vape-shop,2,Yes,No,No,Yes,Verified on official website,Website Found,2026-09-16,Verified (website + Companies House),Medium,,Business (B2B),Legitimate interest (B2B) - assess per campaign; PECR: corporate subscribers,,No,2026-09-16,New,2026-09-16,,,,,,
WY-0003,420VAPESHO-02,420 Vape Shop,"420 Vape Shop (Tong Street, Bradford)",4:20 Vape Shop,,Vape Shop,"Vape hardware, e-liquids, disposables & CBD",Multi-Site Independent,3,https://420vapeshop.co.uk/,https://www.facebook.com/420vapeshopBD4/,https://www.instagram.com/420vapeshopuk/,,104 Tong Street,Dudley Hill,Bradford,West Yorkshire,BD4 6HD,Yorkshire & Humber,England,01274 962277,,,,,,,,,,,,,,,vape kits; e-liquids; nic salts; disposables; pods & coils; CBD,,Vape Shop,,"3-store West Yorkshire vape chain (2x Bradford, 1x Pudsey/Leeds). Award-winning store per directory listing. A related entity '420 VAPE WHOLESALE LTD' (Companies House no. 14931262, 100 Rock Hill Lane, Bradford BD4 6DW, incorporated 12 Jun 2023) was dissolved 4 Mar 2025 - current trading entity not identified, so Companies House fields left blank. Store details (address/phone/hours) published on the brand's own contact page, obtained via search-engine extraction (direct fetch blocked by network policy). Hours: Mon-Fri 10:30-18:30, Sat 11:00-17:00, Sun closed.",High,Multi-site retailer; Independent retailer; Core relevant category; Active website; Social presence; Phone verified on official website,https://420vapeshop.co.uk/pages/contact,https://find-and-update.company-information.service.gov.uk/company/14931262,4,Yes,No,No,Yes,Verified on official website,Website Found,2026-09-16,Verified (website + Companies House),Medium,,Business (B2B),Legitimate interest (B2B) - assess per campaign; PECR: corporate subscribers,,No,2026-09-16,New,2026-09-16,,,,,,
WY-0004,420VAPESHO-03,420 Vape Shop,"420 Vape Shop (Town Street, Stanningley)",4:20 Vape Shop,,Vape Shop,"Vape hardware, e-liquids, disposables & CBD",Multi-Site Independent,3,https://420vapeshop.co.uk/,https://www.facebook.com/420vapeshopBD4/,https://www.instagram.com/420vapeshopuk/,,145 Town Street,Stanningley,Pudsey,West Yorkshire,LS28 6ES,Yorkshire & Humber,England,07551 009824,,,,,,,,,,,,,,,vape kits; e-liquids; nic salts; disposables; pods & coils; CBD,,Vape Shop,,"One of 3 stores of the 420 Vape Shop chain (see Tong Street record for company-level notes). Hours: Mon-Fri 10:00-18:30, Sat 10:30-17:00, Sun closed. Store details published on the brand's own contact page, obtained via search-engine extraction (direct fetch blocked by network policy).",High,Multi-site retailer; Independent retailer; Core relevant category; Active website; Social presence; Phone verified on official website,https://420vapeshop.co.uk/pages/contact,https://ecigdirectory.co.uk/vape-shop/listing/420-vape-shop,2,Yes,No,No,Yes,Verified on official website,Website Found,2026-09-16,Verified (website + Companies House),Medium,,Business (B2B),Legitimate interest (B2B) - assess per campaign; PECR: corporate subscribers,,No,2026-09-16,New,2026-09-16,,,,,,
WY-0005,AGPARFETTS-01,A G Parfett & Sons Ltd,Parfetts Cash & Carry (Halifax),Parfetts,A G Parfett & Sons Ltd,Cash & Carry,Delivered & cash-and-carry grocery wholesale depot,Regional Chain,,https://www.parfetts.co.uk/,https://www.facebook.com/pages/parfetts-cash-carry-Halifax/253069908059088,,,Shay Lane,Holmfield,Halifax,West Yorkshire,HX3 6RA,Yorkshire & Humber,England,01422 363167,,,,,,,,,,,,,,,grocery; beer wine & spirits; tobacco & vape; soft drinks; confectionery (full-range wholesale),,Cash & Carry,Employee-owned wholesaler; supplies independent retailers incl. Go Local symbol group,"West Yorkshire (Calderdale) depot of A G Parfett & Sons Ltd (Parfetts), the employee-owned regional wholesaler headquartered in Stockport with multiple depots across the North of England - only the Halifax depot is in West Yorkshire. Total depot count and Companies House number not captured before search budget was exhausted; number_of_locations left null.",High,Multi-site retailer; Core relevant category; Active website; Social presence,https://www.facebook.com/pages/parfetts-cash-carry-Halifax/253069908059088,https://www.thomsonlocal.com/search/cash-carry-wholesalers/halifax-brighouse-calderdale/a-g-parfett-sons-ltd/270236/01422363167,4,No,No,No,No,Verified directory,Website Found,2026-09-16,Requires Verification,Medium,,Business (B2B),Legitimate interest (B2B) - assess per campaign; PECR: corporate subscribers,,No,2026-09-16,New,2026-09-16,,,,,,
WY-0006,ABUBAKRGRO-01,Abu Bakr Group,Abu Bakr Supermarket (Batley),Abu Bakr Supermarket,Abu Bakar (Batley) Ltd,Independent Supermarket,Halal / world foods supermarket with retail & wholesale supply,Multi-Site Independent,5,https://www.abubakrgroup.com/,https://www.facebook.com/abubakrsupermarketsleeds/,https://www.instagram.com/abubakrsupermarket/,,"Unit A, Blakeridge Mill Shopping Centre",,Batley,West Yorkshire,WF17 8FU,Yorkshire & Humber,England,01924 950730,,,,,,,,,15303931,Active,ABU BAKAR (BATLEY) LTD,"21 Hyde Park Road, Leeds, England, LS6 1PY",2023-11-22,,halal meat & poultry; world foods; fresh produce; groceries; hot food,,Independent Supermarket,Leading supplier of retail and wholesale halal products,"12,000 sq ft flagship store opened October 2024 in a custom-renovated unit at Blakeridge Mill Shopping Centre with own customer parking (WF17 area - full postcode not confirmed, left blank). Operated via ABU BAKAR (BATLEY) LTD (15303931). Part of 5-store Abu Bakr Group.",High,Multi-site retailer; Independent retailer; Relevant category; Active website; Social presence,https://find-and-update.company-information.service.gov.uk/company/15303931,https://www.yorkshire.com/batley/shopping/supermarkets/abu-bakr-supermarket-1,4,Yes,No,No,Yes,Verified directory,Website Found,2026-09-16,Verified (website + Companies House),Medium,,Business (B2B),Legitimate interest (B2B) - assess per campaign; PECR: corporate subscribers,,No,2026-09-16,New,2026-09-16,,,,,,
WY-0007,ABUBAKRGRO-02,Abu Bakr Group,"Abu Bakr Supermarket (Dewsbury Road, Beeston, Leeds)",Abu Bakr Supermarket,,Independent Supermarket,Halal / world foods supermarket with retail & wholesale supply,Multi-Site Independent,5,https://www.abubakrgroup.com/,https://www.facebook.com/abubakrsupermarketsleeds/,https://www.instagram.com/abubakrleeds/,https://x.com/abubakrleeds,Dewsbury Road,Beeston,Leeds,West Yorkshire,LS11 5HY,Yorkshire & Humber,England,,,,,,,,,,,,,,,,halal meat & poultry; world foods; fresh produce; groceries,,Independent Supermarket,Leading supplier of retail and wholesale halal products,Beeston store opened 2015 (LS11 area). Street number and postcode not confirmed - left blank per no-guessing rule. Part of 5-store Abu Bakr Group (see Queens Road record).,High,Multi-site retailer; Independent retailer; Relevant category; Active website; Social presence,https://www.abubakrgroup.com/,https://en.halalguide.me/leeds/produktoviy-magazin/abu-bakr,4,Yes,No,No,No,Not Found,Website Found,2026-09-16,Duplicate Review Required,Medium,Duplicate Review Required,Business (B2B),Legitimate interest (B2B) - assess per campaign; PECR: corporate subscribers,,No,2026-09-16,New,2026-09-16,,,,,,
WY-0008,ABUBAKRGRO-03,Abu Bakr Group,"Abu Bakr Supermarket (Kirkstall Road, Leeds)",Abu Bakr Supermarket,,Independent Supermarket,Halal / world foods supermarket with retail & wholesale supply,Multi-Site Independent,5,https://www.abubakrgroup.com/,https://www.facebook.com/abubakrsupermarketsleeds/,https://www.instagram.com/abubakrleeds/,https://x.com/abubakrleeds,Kirkstall Road,Burley,Leeds,West Yorkshire,LS4 2DN,Yorkshire & Humber,England,,,,,,,,,,,,,,,,halal meat & poultry; world foods; fresh produce; groceries,,Independent Supermarket,Leading supplier of retail and wholesale halal products,Flagship site opened March 2022 on Kirkstall Road (LS4 area) per Asian Express coverage. Street number and postcode not confirmed - left blank per no-guessing rule. Part of 5-store Abu Bakr Group (see Queens Road record).,High,Multi-site retailer; Independent retailer; Relevant category; Active website; Social presence,https://www.abubakrgroup.com/,https://abu-bakr-supermarket-kirkstall-road.wheree.com/,4,Yes,No,No,No,Not Found,Website Found,2026-09-16,Duplicate Review Required,Medium,Duplicate Review Required,Business (B2B),Legitimate interest (B2B) - assess per campaign; PECR: corporate subscribers,,No,2026-09-16,New,2026-09-16,,,,,,
WY-0009,ABUBAKRGRO-04,Abu Bakr Group,"Abu Bakr Supermarket (Queens Road, Leeds)",Abu Bakr Supermarket,,Independent Supermarket,Halal / world foods supermarket with retail & wholesale supply,Multi-Site Independent,5,https://www.abubakrgroup.com/,https://www.facebook.com/abubakrsupermarketsleeds/,https://www.instagram.com/abubakrleeds/,https://www.instagram.com/abubakrsupermarket/,37 Queens Road,Burley,Leeds,West Yorkshire,LS6 1NY,Yorkshire & Humber,England,,,,,,,,,,,,,,,,halal meat & poultry; world foods; fresh produce; groceries,,Independent Supermarket,Leading supplier of retail and wholesale halal products,"Store opened 2002; Abu Bakr Group ('serving families since 1981') runs five supermarkets across West Yorkshire (Queens Road, Roundhay Road, Kirkstall Road, Dewsbury Road in Leeds, plus Batley flagship). Historic entity ABU BAKAR SUPERMARKETS LIMITED (04530917, reg. office 37 Queens Road LS6 1NY, inc. 10 Sep 2002) is shown as dissolved; current entity for the Leeds stores not conclusively identified, so CH fields left blank here (see Batley record for the active Batley company).",High,Multi-site retailer; Independent retailer; Relevant category; Active website; Social presence,https://www.abubakrgroup.com/,http://companycheck.co.uk/company/04530917/ABU-BAKAR-SUPERMARKETS-LIMITED,5,Yes,No,No,Yes,Not Found,Website Found,2026-09-16,Duplicate Review Required,Medium,Duplicate Review Required,Business (B2B),Legitimate interest (B2B) - assess per campaign; PECR: corporate subscribers,,No,2026-09-16,New,2026-09-16,,,,,,
WY-0010,ABUBAKRGRO-05,Abu Bakr Group,"Abu Bakr Supermarket (Roundhay Road, Leeds)",Abu Bakr Supermarket,,Independent Supermarket,Halal / world foods supermarket with retail & wholesale supply,Multi-Site Independent,5,https://www.abubakrgroup.com/,https://www.facebook.com/abubakrsupermarketsleeds/,https://www.instagram.com/abubakrleeds/,https://x.com/abubakrleeds,215 Roundhay Road,Harehills,Leeds,West Yorkshire,,Yorkshire & Humber,England,,,,,,,,,,,,,,,,halal meat & poultry; world foods; fresh produce; groceries,,Independent Supermarket,Leading supplier of retail and wholesale halal products,Store opened 2004 (LS8 / Harehills-Chapel Allerton area). Street number 215 per Yelp listing; full postcode not confirmed - left blank per no-guessing rule. Part of 5-store Abu Bakr Group (see Queens Road record).,High,Multi-site retailer; Independent retailer; Relevant category; Active website; Social presence,https://www.abubakrgroup.com/,https://www.yelp.com/biz/abubakar-supermarkets-leeds,3,Yes,No,No,No,Not Found,Website Found,2026-09-16,Partially Verified,Medium,,Business (B2B),Legitimate interest (B2B) - assess per campaign; PECR: corporate subscribers,,No,2026-09-16,New,2026-09-16,,,,,,
UK-000194,CRAMVAPE-01,CRAM Vape,CRAM Vape,CRAM Vape,CRAM VAPE LTD,Vape Shop,Vape store,Multi-Site Independent,2,https://www.cramvape.co.uk,,,,190 Ashby Road,,Scunthorpe,Lincolnshire,DN16 2AR,Yorkshire & Humber,England,01724 277259,,,,,,,,,07343567,,CRAM VAPE LTD,,,,vape hardware; e-liquids; disposables,,Vape Shop,,"Multi-site independent with stores in Scunthorpe (190 Ashby Road, DN16 2AR) and Gainsborough. Companies House 07343567 (CRAM VAPE LTD); related entity Cram Vape Gainsborough Ltd 13177415. Website has contact-us page; no email published in search results.",High,Multi-site retailer; Independent retailer; Core relevant category; Active website,https://www.cramvape.co.uk/pages/contact-us,https://find-and-update.company-information.service.gov.uk/company/07343567,3,Yes,No,No,Yes,Verified directory,Not Found,2026-09-16,Verified (website + Companies House),Medium,,Business (B2B),Legitimate interest (B2B) - assess per campaign; PECR: corporate subscribers,,No,2026-09-16,New,2026-09-16,,,,,,
WY-0011,CHEAPASMOK-01,Cheapasmokes,Cheapasmokes,Cheapasmokes Halifax,,Tobacco Specialist,"Cut-price cigarette, tobacco and cigar specialist",Regional Chain,,https://www.cheapasmokes.com/pages/cheapasmokes-halifax,,,,"Unit 24, Borough Market",,Halifax,West Yorkshire,HX1 1DZ,Yorkshire & Humber,England,01422 355554,,,,sales@cheapasmokes.com,,,,,,,,,,,cigarettes; tobacco; cigars; vapes,,Tobacco Specialist,Hunters & Frankau stockist (cigars.co.uk location listing),Physical shop inside Halifax Borough Market; part of the Cheapasmokes group which runs several shops plus a national online tobacconist (cheapasmokes.com).,High,Multi-site retailer; Core relevant category; Public trade/sales contact; Active website,https://www.cheapasmokes.com/pages/cheapasmokes-halifax,https://www.cheapasmokes.com/pages/contact-us,4,No,No,Yes,No,Verified directory,Website Found,2026-09-16,Partially Verified,Medium,,Business (B2B),Legitimate interest (B2B) - assess per campaign; PECR: corporate subscribers,,No,2026-09-16,New,2026-09-16,,,,,,
UK-000195,COSTCUTTER-01,Costcutter,Costcutter Tadcaster,Costcutter,,Convenience Store,Symbol-group convenience store,Franchise / Symbol Group,1,,,,,,,Tadcaster,North Yorkshire,,Yorkshire & Humber,England,,,,,,,,,,,,,,,,convenience groceries; off-licence; confectionery; soft drinks,,Convenience Store,Costcutter symbol group,"Independently-owned corner shop trading under the Costcutter symbol fascia in Tadcaster (LS24). Listed on Yorkshire.com corner-shops directory; exact street address, postcode and phone not surfaced in search snippets, so left blank pending verification.",Medium,Multi-site retailer; Independent retailer; Relevant category,https://www.yorkshire.com/tadcaster/shopping/corner-shops/costcutter-16,,1,No,No,No,No,Not Found,Not Found,2026-09-16,Requires Verification,Low,,Business (B2B),Legitimate interest (B2B) - assess per campaign; PECR: corporate subscribers,,No,2026-09-16,New,2026-09-16,,,,,,
WY-0012,DOMINIQUEL-01,Dominique London Group / C.Gars Ltd,C.Gars Leeds (Dominique London),C.Gars Leeds,,Tobacco Specialist,"Havana cigar specialist - cigars, whisky, accessories",National Chain,,https://www.cgarsltd.co.uk/,https://www.facebook.com/DominiqueLDN/,,,22 Thornton's Arcade,City Centre,Leeds,West Yorkshire,LS1 6LQ,Yorkshire & Humber,England,0113 244 5556,,,,,,,,,,,,,,,Cuban cigars; New World cigars; single malt whisky; humidors; accessories,,Tobacco Specialist,Hunters & Frankau (Havana cigar UK distributor) announced the opening,"Havana Cigar Specialist boutique in Thornton's Arcade with sampling lounge and client lockers; part of the Dominique London / C.Gars group of cigar boutiques (UK-wide chain, so head office is not local).",High,Multi-site retailer; Core relevant category; Active website; Social presence,https://www.cgarsltd.co.uk/new-cgars-ltd-store-leeds-a-521.html,https://www.cgarsltd.co.uk/cigar-shops/CGars_Leeds_1.html,3,No,No,No,No,Verified directory,Website Found,2026-09-16,Requires Verification,Medium,,Business (B2B),Legitimate interest (B2B) - assess per campaign; PECR: corporate subscribers,,No,2026-09-16,New,2026-09-16,,,,,,
WY-0013,ECIGNVAPE-01,Ecig N Vape,Ecig N Vape South Elmsall,Ecig N Vape,Ecig N Vape South Elmsall Ltd,Vape Shop,Vape retailer,Multi-Site Independent,2,,https://www.facebook.com/Ecignvapesouthelmsall/,,,13 Barnsley Road,,South Elmsall,West Yorkshire,WF9 2RJ,Yorkshire & Humber,England,01977 647267,,,,,,,,,12772350,,ECIG N VAPE SOUTH ELMSALL LTD,,,,vape hardware; e-liquids; disposables,,Vape Shop,,Facebook posts announce a second 'Woodlands' shop at 256 Great North Road (Woodlands is over the Doncaster border - outside this batch's district). Companies House number found via search; full CH record (status/incorporation) not yet retrieved.,High,Multi-site retailer; Independent retailer; Core relevant category; Social presence,https://find-and-update.company-information.service.gov.uk/company/12772350,https://www.facebook.com/Ecignvapesouthelmsall/,3,No,No,No,No,Verified directory,Not Found,2026-09-16,Requires Verification,Medium,,Business (B2B),Legitimate interest (B2B) - assess per campaign; PECR: corporate subscribers,,No,2026-09-16,New,2026-09-16,,,,,,
UK-000196,ELECTRICVA-01,Electric Vape,Electric Vape Rotherham,Electric Vape,,Vape Shop,Market-stall vape shop,Multi-Site Independent,1,https://www.electricvape.co.uk/rotherham-shop,,,,"Units 53 and 55, Rotherham Centenary Indoor Market (Ground Floor)",Howard Street,Rotherham,South Yorkshire,S65 1EL,Yorkshire & Humber,England,,,,,,,,,,,,,,,,vape hardware; e-liquids; disposables,,Vape Shop,,Electric Vape Ltd stall in Rotherham Centenary Indoor Market; open Mon-Sat 08:30-15:30. Related 'Electric Vaper' branch appears in Barnsley (separate record).,High,Multi-site retailer; Independent retailer; Core relevant category; Active website,https://www.electricvape.co.uk/rotherham-shop,,1,No,No,No,No,Not Found,Website Found,2026-09-16,Requires Verification,Medium,,Business (B2B),Legitimate interest (B2B) - assess per campaign; PECR: corporate subscribers,,No,2026-09-16,New,2026-09-16,,,,,,
UK-000197,ELECTRICVA-02,Electric Vape,Electric Vaper Barnsley,Electric Vaper,,Vape Shop,Vape shop,Multi-Site Independent,1,,,,,11 May Day Green Arcade,,Barnsley,South Yorkshire,,Yorkshire & Humber,England,,,,,,,,,,,,,,,,vape hardware; e-liquids; disposables,,Vape Shop,,"Vape shop at 11 May Day Green Arcade, Barnsley (eCig Directory listing 'electric-vaper-barnsley'); likely linked to Electric Vape Rotherham. Postcode not captured.",Medium,Multi-site retailer; Independent retailer; Core relevant category,https://ecigdirectory.co.uk/vape-shop/listing/electric-vaper-barnsley,,1,No,No,No,No,Not Found,Not Found,2026-09-16,Requires Verification,Low,,Business (B2B),Legitimate interest (B2B) - assess per campaign; PECR: corporate subscribers,,No,2026-09-16,New,2026-09-16,,,,,,
UK-000198,EZIVAPE-01,Ezi Vape,Ezi Vape Skipton,Ezi Vape,,Vape Shop,"Vape kits, e-liquids & disposables",Multi-Site Independent,3,https://www.ezi-vape.co.uk/,https://www.facebook.com/EziVapour/,,,25 High Street,,Skipton,North Yorkshire,,Yorkshire & Humber,England,07967 075860,,,,,,,,,,,,,,,vape kits; e-liquids; disposables; coils,,Vape Shop,,"Small independent vape chain (ezi-vape.co.uk) with the main branch at 25 High Street, Skipton (BD23) plus shops in Barnoldswick and Ilkley. Full Skipton postcode not confirmed in snippets so left blank. Address/phone from Yell/Facebook/Mapcarta listings.",High,Multi-site retailer; Independent retailer; Core relevant category; Active website; Social presence,https://www.ezi-vape.co.uk/,https://www.yell.com/s/vape+shops-skipton.html,2,No,No,No,No,Verified directory,Website Found,2026-09-16,Requires Verification,Low,,Business (B2B),Legitimate interest (B2B) - assess per campaign; PECR: corporate subscribers,,No,2026-09-16,New,2026-09-16,,,,,,
UK-000199,FOODPLUS-01,Food Plus,Food Plus Hexthorpe (Polski Sklep),Food Plus,,Independent Supermarket,Polish / European grocery store,Franchise / Symbol Group,1,https://www.foodplus.eu/,,,,,Hexthorpe,Doncaster,South Yorkshire,DN4 0BD,Yorkshire & Humber,England,,,,,,,,,,,,,,,,Polish groceries; deli; frozen foods; European foods,,Independent Supermarket,Food Plus franchise network,"Polish/European grocery store in Hexthorpe, Doncaster, part of the Food Plus franchise network (stores across UK/EU). Postcode DN4 0BD from Food Plus store listing; exact street not captured.",Medium,Multi-site retailer; Independent retailer; Relevant category; Active website,https://www.foodplus.eu/en/map/food-plus-polski-sklep-hexthorpe-dn4-0bd-doncaster,,1,No,No,No,No,Not Found,Website Found,2026-09-16,Requires Verification,Low,,Business (B2B),Legitimate interest (B2B) - assess per campaign; PECR: corporate subscribers,,No,2026-09-16,New,2026-09-16,,,,,,
UK-000200,FOODPLUS-02,Food Plus,Food Plus Rotherham (Polski Sklep),Food Plus,,Independent Supermarket,Polish / European grocery store,Franchise / Symbol Group,1,https://www.foodplus.eu/,,,,,,Rotherham,South Yorkshire,,Yorkshire & Humber,England,,,,,,,,,,,,,,,,Polish groceries; fresh deli; bakery items,,Independent Supermarket,Food Plus franchise network,"Polish grocery store in Rotherham (Food Plus network), noted for Polish groceries, fresh deli and bakery. Referenced in Rotherham international-supermarket search; exact address/postcode not captured.",Medium,Multi-site retailer; Independent retailer; Relevant category; Active website,https://www.yorkshire.com/rotherham/shopping/grocers,,1,No,No,No,No,Not Found,Website Found,2026-09-16,Requires Verification,Low,,Business (B2B),Legitimate interest (B2B) - assess per campaign; PECR: corporate subscribers,,No,2026-09-16,New,2026-09-16,,,,,,
WY-0014,GTNEWS-01,GT News,GT News (White Rose Shopping Centre),GT News,,Newsagent,Shopping-centre newsagent and convenience kiosk,Multi-Site Independent,2,http://www.gtnews.co.uk/,,,,"Unit 28E Lower Level, White Rose Shopping Centre",Dewsbury Road,Leeds,West Yorkshire,LS11 8LU,Yorkshire & Humber,England,0113 228 6446,,,,,,,,,,,,,,,newspapers; magazines; lottery; mobile top-ups; tobacco; sweets; drinks,,Newsagent,,Operates at least two units in the White Rose Shopping Centre (28E Lower Level and U102 Upper Level); multi-site newsagent operator.,Medium,Multi-site retailer; Independent retailer; Relevant category; Active website,https://www.leedsonline.co.uk/info/17974/,https://www.misterwhat.co.uk/company/2740902-gt-news-leeds,2,No,No,No,No,Verified directory,Website Found,2026-09-16,Requires Verification,Medium,,Business (B2B),Legitimate interest (B2B) - assess per campaign; PECR: corporate subscribers,,No,2026-09-16,New,2026-09-16,,,,,,
WY-0015,KPMVAPES-01,KPM Vapes,KPM Vapes,KPM Vapes,,Vape Shop,Vape retail and wholesale,Multi-Site Independent,2,,https://www.facebook.com/people/KPM-Vapes/61556161391449/,https://www.instagram.com/kpmvapes/,,87/89 Wakefield Road,Moldgreen,Huddersfield,West Yorkshire,HD5 9AB,Yorkshire & Humber,England,07463 530406,,,kpmvapes@outlook.com,,,,,,,,,,,,vape hardware; e-liquids; disposable vapes; wholesale vape supplies,,Vape Shop,Offers wholesale as well as retail,"Second branch at 289 Tong Street, Bradford BD4 9QS (outside Kirklees). Email seen in Yellowtom directory listing, not on an owned page, so marked Unverified. Alternative phone 07774 002629 also listed.",High,Multi-site retailer; Independent retailer; Core relevant category; Public email available; Social presence,https://www.facebook.com/people/KPM-Vapes/61556161391449/,https://www.instagram.com/kpmvapes/,3,No,No,No,No,Verified directory,Unverified,2026-09-16,Requires Verification,Medium,,Business (B2B),Legitimate interest (B2B) - assess per campaign; PECR: corporate subscribers,,No,2026-09-16,New,2026-09-16,,,,,,
WY-0016,KARANRETAI-01,Karan Retail Ltd,Chidswell Service Station (Karan Retail),Chidswell Service Station,Karan Retail Ltd,Petrol Station / Forecourt,Forecourt with convenience store,Multi-Site Independent,,,,,,Off A653 (Chidswell),,Dewsbury,West Yorkshire,,Yorkshire & Humber,England,,,,,,,,,,,,,,,,fuel; convenience retail,,Petrol Station / Forecourt,,"Karan Retail acquired Chidswell Service Station, situated just off the A653 in West Yorkshire's commuter belt with connectivity to Leeds, Wakefield, Huddersfield and Bradford (Asian Trader, trade press). Group size, full address, postcode and Companies House details not captured before search budget was exhausted - follow up. Recorded as a genuine West Yorkshire multi-site forecourt operator lead.",Medium,Multi-site retailer; Independent retailer; Relevant category,https://www.asiantrader.biz/karan-retail-chidswell-service-station-acquisition,,1,No,No,No,No,Not Found,Not Found,2026-09-16,Requires Verification,Low,,Business (B2B),Legitimate interest (B2B) - assess per campaign; PECR: corporate subscribers,,No,2026-09-16,New,2026-09-16,,,,,,
WY-0017,MANCHESTER-01,Manchester Super Stores,Manchester Superstore (Wakefield),Manchester Superstore,Manchester Super Store (Wakefield) Ltd,Independent Supermarket,Ethnic / Asian supermarket with halal meat,Regional Chain,,https://manchestersuperstores.co.uk/store-locations/manchester-super-stores-in-wakefield/,https://www.facebook.com/p/Manchester-superstore-100067793681757/,,,38 Park Lodge Lane,,Wakefield,West Yorkshire,WF1 4NL,Yorkshire & Humber,England,01924 369105,,,,,,,,,08447369,,MANCHESTER SUPER STORE (WAKEFIELD) LTD,,,,halal meat; fish; spices; exotic fruit and veg; ethnic grocery brands; toiletries,,Independent Supermarket,,"Wakefield branch of the award-winning Manchester Super Stores group (BBC Food & Farming Awards, Asian Food & Restaurant Awards). Own dedicated store page on group website. Full Companies House record (status/incorporation) not yet retrieved.",Medium,Multi-site retailer; Relevant category; Active website; Social presence,https://manchestersuperstores.co.uk/store-locations/manchester-super-stores-in-wakefield/,https://find-and-update.company-information.service.gov.uk/company/08447369,3,No,No,No,No,Verified directory,Website Found,2026-09-16,Requires Verification,Medium,,Business (B2B),Legitimate interest (B2B) - assess per campaign; PECR: corporate subscribers,,No,2026-09-16,New,2026-09-16,,,,,,
WY-0018,MANCHESTER-02,Manchester Super Stores,Manchester Superstore Bradford,Manchester Superstore,,Independent Supermarket,Asian / halal superstore,Multi-Site Independent,,https://manchestersuperstores.co.uk/store-locations/manchester-super-stores-in-bradford/,https://www.facebook.com/p/Manchester-SuperStore-Bradford-100066139307711/,,,Florence Street,Off Leeds Road,Bradford,West Yorkshire,BD3 8EX,Yorkshire & Humber,England,01274 668800,,,mssbradford01@gmail.com,,,,,,,,,,,,fresh halal meat; fish; spices; exotic fruit & veg; toiletries; ethnic brands,,Independent Supermarket,,"Bradford branch of the Manchester Super Stores group (multi-site, has store-locations page on its own website).",High,Multi-site retailer; Independent retailer; Relevant category; Public email available; Active website; Social presence,https://manchestersuperstores.co.uk/store-locations/manchester-super-stores-in-bradford/,https://www.facebook.com/p/Manchester-SuperStore-Bradford-100066139307711/,3,No,No,Yes,No,Verified directory,Website Found,2026-09-16,Partially Verified,Medium,,Business (B2B),Legitimate interest (B2B) - assess per campaign; PECR: corporate subscribers,,No,2026-09-16,New,2026-09-16,,,,,,
WY-0019,MULLACO-01,Mullaco,Mullaco (Batley),Mullaco,,Independent Supermarket,Asian and continental world foods store,Regional Chain,3,https://mullaco.co.uk/,https://www.facebook.com/mullaco.supermarket/,https://www.instagram.com/mullacosupermarket/,,35 Oxford Street,,Batley,West Yorkshire,WF17 7PJ,Yorkshire & Humber,England,01924 939128,,,,,,,,,,,,,,,world foods; halal meat and poultry; groceries,,Independent Supermarket,,Batley branch of the Mullaco world foods group (parent record: Mullaco Supermarket Dewsbury).,Medium,Multi-site retailer; Relevant category; Active website; Social presence,https://mullaco.co.uk/contact-us/,https://www.zoominfo.com/c/mullaco-ltd/370332224,3,No,No,No,No,Verified directory,Website Found,2026-09-16,Requires Verification,Medium,,Business (B2B),Legitimate interest (B2B) - assess per campaign; PECR: corporate subscribers,,No,2026-09-16,New,2026-09-16,,,,,,
WY-0020,MULLACO-02,Mullaco,Mullaco Minimarket (Dewsbury),Mullaco Minimarket,,Convenience Store,World foods minimarket,Regional Chain,3,https://mullaco.co.uk/,https://www.facebook.com/mullaco.supermarket/,,,,,Dewsbury,West Yorkshire,WF12 9LX,Yorkshire & Humber,England,,,,,,,,,,,,,,,,world foods; groceries; convenience goods,,Convenience Store,,Mullaco minimarket location in Dewsbury at postcode WF12 9LX per search results; street address not captured because mullaco.co.uk fetch was blocked.,Medium,Multi-site retailer; Relevant category; Active website; Social presence,https://www.facebook.com/mullaco.supermarket/,https://www.zoominfo.com/c/mullaco-ltd/370332224,2,No,No,No,No,Not Found,Website Found,2026-09-16,Requires Verification,Medium,,Business (B2B),Legitimate interest (B2B) - assess per campaign; PECR: corporate subscribers,,No,2026-09-16,New,2026-09-16,,,,,,
WY-0021,MULLACO-03,Mullaco,Mullaco Supermarket (Dewsbury),Mullaco Supermarket,Mullaco (Dewsbury) Ltd,Independent Supermarket,Asian and continental world foods supermarket,Regional Chain,3,https://mullaco.co.uk/,https://www.facebook.com/mullaco.supermarket/,https://www.instagram.com/mullacosupermarket/,,"Mullaco Retail Park, Slaithwaite Road",Thornhill Lees,Dewsbury,West Yorkshire,WF12 0AA,Yorkshire & Humber,England,01924 465909,,,,,,,,,06629345,,MULLACO (DEWSBURY) LTD,,,,world foods; halal meat and poultry; fresh fruit and vegetables; groceries,,Independent Supermarket,,"Family-run world foods group with stores in Dewsbury, Batley and a Dewsbury minimarket; head office listed as 7 Wellington Street, Batley WF17 5BH (ZoomInfo). Own website mullaco.co.uk could not be fetched (proxy blocked).",Medium,Multi-site retailer; Relevant category; Active website; Social presence,https://mullaco.co.uk/contact-us/,https://find-and-update.company-information.service.gov.uk/company/06629345,4,No,No,No,No,Verified directory,Website Found,2026-09-16,Requires Verification,Medium,,Business (B2B),Legitimate interest (B2B) - assess per campaign; PECR: corporate subscribers,,No,2026-09-16,New,2026-09-16,,,,,,
UK-000201,NISA-01,Nisa,Nisa Express Grimsby (Victor Street),Nisa Express,,Convenience Store,Symbol-group convenience store,Franchise / Symbol Group,1,,,,,129 Victor Street,,Grimsby,Lincolnshire,,Yorkshire & Humber,England,,,,,,,,,,,,,,,,groceries; convenience; off-licence; news,,Convenience Store,,"Nisa symbol-group convenience store, 129 Victor Street, Grimsby. No postcode/phone in search results.",Medium,Multi-site retailer; Independent retailer; Relevant category,https://www.nisalocally.co.uk/stores/north-east-lincs/grimsby/129-victor-st,,1,No,No,No,No,Not Found,Not Found,2026-09-16,Requires Verification,Low,,Business (B2B),Legitimate interest (B2B) - assess per campaign; PECR: corporate subscribers,,No,2026-09-16,New,2026-09-16,,,,,,
UK-000202,NISA-02,Nisa,Nisa Local Cleethorpes (Grimsby Road),Nisa Local,,Convenience Store,Symbol-group convenience store,Franchise / Symbol Group,1,,,,,29-31 Grimsby Road,,Cleethorpes,Lincolnshire,,Yorkshire & Humber,England,,,,,,,,,,,,,,,,groceries; convenience; off-licence; news,,Convenience Store,,"Nisa Local symbol-group store, 29-31 Grimsby Road, Cleethorpes. No postcode/phone in search results.",Medium,Multi-site retailer; Independent retailer; Relevant category,https://ratings.food.gov.uk/business/1631635/nisa-local-grimsby-local-store,,1,No,No,No,No,Not Found,Not Found,2026-09-16,Requires Verification,Low,,Business (B2B),Legitimate interest (B2B) - assess per campaign; PECR: corporate subscribers,,No,2026-09-16,New,2026-09-16,,,,,,
UK-000203,PARFETTSTH-01,Parfetts / The Local,The Local (Marfleet Lane),The Local,,Convenience Store,Symbol-group convenience store,Franchise / Symbol Group,1,,,,,Marfleet Lane,,Kingston upon Hull,East Riding of Yorkshire,,Yorkshire & Humber,England,,,,,,,Prasath Balakrishnan,Owner,Talking Retail / Wholesale Manager trade press (Feb 2024),,,,,,,groceries; convenience; off-licence; news,,Convenience Store,,"The Local (Parfetts symbol group) store on Marfleet Lane, Hull, acquired Feb 2024 by owner Prasath Balakrishnan (named in trade press). No postcode/phone in search results.",Medium,Multi-site retailer; Independent retailer; Relevant category,https://wholesalemanager.co.uk/new-the-local-store-opens-in-hull/,https://www.talkingretail.com/stores/retailer-profiles/mini-profile-new-the-local-store-opens-in-hull-11-07-2024/,2,No,No,No,No,Not Found,Not Found,2026-09-16,Requires Verification,Medium,,Business (B2B),Legitimate interest (B2B) - assess per campaign; PECR: corporate subscribers,,No,2026-09-16,New,2026-09-16,,,,,,
UK-000204,PREMIERBOO-01,Premier (Booker Group),Premier Stores Ripon,Premier Stores,,Convenience Store,Symbol-group convenience store,Franchise / Symbol Group,1,,,,,64 Bondgate,,Ripon,North Yorkshire,,Yorkshire & Humber,England,,,,,,,,,,,,,,,,convenience groceries; confectionery; soft drinks; tobacco,,Convenience Store,Premier symbol group (supplied by Booker),"Independently-owned convenience store trading under the Premier symbol fascia at 64 Bondgate, Ripon (HG4). Full postcode and phone not surfaced in search snippets. From LocalStore directory listing.",Medium,Multi-site retailer; Independent retailer; Relevant category,https://www.localstore.co.uk/store/394275/premier-stores/ripon/,,1,No,No,No,No,Not Found,Not Found,2026-09-16,Requires Verification,Low,,Business (B2B),Legitimate interest (B2B) - assess per campaign; PECR: corporate subscribers,,No,2026-09-16,New,2026-09-16,,,,,,
UK-000205,PREMIERBOO-01,Premier (Booker),Firth Park Convenience Store,Firth Park Convenience Store,,Convenience Store,Convenience store (symbol group),Franchise / Symbol Group,1,https://www.premier-stores.co.uk/our-stores/firth-park-convenience-store,,,,11-13 Stubbin Lane,Firth Park,Sheffield,South Yorkshire,S5 6QG,Yorkshire & Humber,England,,,,,,,,,,,,,,,,groceries; confectionery; soft drinks; alcohol; tobacco,,Convenience Store,Premier symbol group (Booker),"Independently owned Premier symbol-group convenience store at 11-13 Stubbin Lane, Firth Park district of Sheffield. Address/postcode from Premier store locator.",Medium,Multi-site retailer; Independent retailer; Relevant category; Active website,https://www.premier-stores.co.uk/our-stores/firth-park-convenience-store,,1,No,No,No,No,Not Found,Not Found,2026-09-16,Requires Verification,Low,,Business (B2B),Legitimate interest (B2B) - assess per campaign; PECR: corporate subscribers,,No,2026-09-16,New,2026-09-16,,,,,,
UK-000206,PREMIERBOO-02,Premier (Booker),"Premier (Grimsby Road, Cleethorpes)",Premier,,Convenience Store,Symbol-group convenience store,Franchise / Symbol Group,1,,,,,141-143 Grimsby Road,,Cleethorpes,Lincolnshire,,Yorkshire & Humber,England,,,,,,,,,,,,,,,,groceries; convenience; off-licence; news,,Convenience Store,,"Premier symbol-group convenience store, 141-143 Grimsby Road, Cleethorpes. No postcode/phone in search results.",Medium,Multi-site retailer; Independent retailer; Relevant category,https://www.premier-stores.co.uk/our-stores/grimsby-road,,1,No,No,No,No,Not Found,Not Found,2026-09-16,Requires Verification,Low,,Business (B2B),Legitimate interest (B2B) - assess per campaign; PECR: corporate subscribers,,No,2026-09-16,New,2026-09-16,,,,,,
UK-000207,PREMIERBOO-03,Premier (Booker),Premier Mexborough Convenience Store,Premier Mexborough Convenience,,Convenience Store,Convenience store (symbol group),Franchise / Symbol Group,1,https://www.premier-stores.co.uk/our-stores/mexborough-convenience-store,https://www.facebook.com/p/Premier-Mexborough-Convenience-Store-100068015556730/,,,41-43 Wath Road,,Mexborough,South Yorkshire,S64 9QZ,Yorkshire & Humber,England,01709 581369,,,,,,,,,,,,,,,groceries; newspapers; PayPoint; lottery; alcohol; tobacco,,Convenience Store,Premier symbol group (Booker),"Independently owned Premier symbol-group convenience store at 41-43 Wath Road, Mexborough. Offers PayPoint, lottery, newspapers, Evri parcel shop, Western Union. Address/postcode/phone from Premier store page and food hygiene listing.",High,Multi-site retailer; Independent retailer; Relevant category; Active website; Social presence,https://www.premier-stores.co.uk/our-stores/mexborough-convenience-store,https://ratings.food.gov.uk/business/763850,2,No,No,No,No,Verified directory,Not Found,2026-09-16,Requires Verification,Medium,,Business (B2B),Legitimate interest (B2B) - assess per campaign; PECR: corporate subscribers,,No,2026-09-16,New,2026-09-16,,,,,,
UK-000208,PREMIERBOO-04,Premier (Booker),Premier Super Convenience Store Barnsley,Premier Super Convenience Store,,Convenience Store,Convenience store (symbol group),Franchise / Symbol Group,1,,https://web.facebook.com/premier3840/,,,38-40 Dodworth Road,,Barnsley,South Yorkshire,,Yorkshire & Humber,England,,,,,,,,,,,,,,,,groceries; confectionery; soft drinks; alcohol; tobacco,,Convenience Store,Premier symbol group (Booker),"Independently owned Premier symbol-group convenience store at 38-40 Dodworth Road, Barnsley. Facebook page found; postcode not captured.",Medium,Multi-site retailer; Independent retailer; Relevant category; Social presence,https://web.facebook.com/premier3840/,,1,No,No,No,No,Not Found,Not Found,2026-09-16,Requires Verification,Low,,Business (B2B),Legitimate interest (B2B) - assess per campaign; PECR: corporate subscribers,,No,2026-09-16,New,2026-09-16,,,,,,
UK-000209,PREMIERBOO-05,Premier (Booker),Premier Wombwell Convenience Store,Premier Wombwell Convenience,,Convenience Store,Convenience store (symbol group),Franchise / Symbol Group,1,https://www.premier-stores.co.uk/our-stores/wombwell-convenience-store,,,,2 Pearson Crescent,Wombwell,Barnsley,South Yorkshire,S73 8SN,Yorkshire & Humber,England,,,,,,,,,,,,,,,,groceries; confectionery; soft drinks; alcohol; tobacco,,Convenience Store,Premier symbol group (Booker),"Independently owned Premier symbol-group convenience store at 2 Pearson Crescent, Wombwell (Barnsley). Address/postcode from Premier store locator.",Medium,Multi-site retailer; Independent retailer; Relevant category; Active website,https://www.premier-stores.co.uk/our-stores/wombwell-convenience-store,,1,No,No,No,No,Not Found,Not Found,2026-09-16,Requires Verification,Low,,Business (B2B),Legitimate interest (B2B) - assess per campaign; PECR: corporate subscribers,,No,2026-09-16,New,2026-09-16,,,,,,
UK-000210,PREMIERBOO-06,Premier (Booker),Sheffield Road Premier Convenience Store,Sheffield Road Premier Convenience Store,,Convenience Store,Convenience store (symbol group),Franchise / Symbol Group,1,,,,,110-112 Sheffield Road,,Barnsley,South Yorkshire,S70 1JB,Yorkshire & Humber,England,,,,,,,,,,,,,,,,groceries; confectionery; soft drinks; alcohol; tobacco,,Convenience Store,Premier symbol group (Booker),"Premier symbol-group convenience store at 110-112 Sheffield Road, Barnsley S70 1JB (subject of a Barnsley Council premises licence application). Independently owned.",Medium,Multi-site retailer; Independent retailer; Relevant category,https://www.barnsley.gov.uk/services/licences-and-permissions/premises-licences/pending-premises-licence-applications/sheffield-road-premier-convenience-store-application-for-a-new-premises-licence,,1,No,No,No,No,Not Found,Not Found,2026-09-16,Requires Verification,Low,,Business (B2B),Legitimate interest (B2B) - assess per campaign; PECR: corporate subscribers,,No,2026-09-16,New,2026-09-16,,,,,,
WY-0022,SMKD-01,SMKD,SMKD,SMKD Halifax,SMKD VAPE LIMITED,Vape Shop,Vape chain store,Regional Chain,,https://smkd.com/vape-shop-locator/smkd-halifax-vape-shop-market-street/,https://www.facebook.com/SmkdVapeShop/,,,31-32 Market Street,Borough Market,Halifax,West Yorkshire,HX1 1DZ,Yorkshire & Humber,England,,,,info@smkd.com,,,,,,16161027,Active,SMKD VAPE LIMITED,"Bradford Chamber Business Park, New Lane, Laisterdyke, Bradford, BD4 8BX",2025-01-03,,vape hardware; e-liquids; disposables,,Vape Shop,,Address conflict between sources: UK Malls lists 31-32 Market St HX1 1DZ (Borough Market); Yell-sourced listing gives 28 Market St HX1 1PB. One directory snippet suggests the store may now be closed with delivery-only service in Halifax - needs verification before outreach. | CONFLICTING SOURCES: another collection pass found trade reports that SMKD (Smokers Delight Ltd) closed all retail stores around mid-2026 and moved online-only. Verify store still trading before contact.,High,Multi-site retailer; Core relevant category; Public email available; Active website; Social presence,https://smkd.com/vape-shop-locator/smkd-halifax-vape-shop-market-street/,https://www.ukmalls.co.uk/shopping-centres/england/yorkshire-and-the-humber/halifax/halifax-borough-market/smkd-e-cigarettes-and-vape-shop-halifax,2,No,No,Yes,Yes,Not Found,Website Found,2026-09-16,Partially Verified,Medium,,Business (B2B),Legitimate interest (B2B) - assess per campaign; PECR: corporate subscribers,,No,2026-09-16,New,2026-09-16,,,,,,
WY-0023,SMKD-02,SMKD,SMKD,SMKD Hebden Bridge,SMKD VAPE LIMITED,Vape Shop,Vape chain store with same-day local delivery,Regional Chain,,https://smkd.com/vape-shop-locator/smkd-hebden-bridge-vape-shop-west-end/,https://www.facebook.com/SmkdVapeShop/,,,,West End,Hebden Bridge,West Yorkshire,,Yorkshire & Humber,England,01274 270303,,,info@smkd.com,,,,,,16161027,Active,SMKD VAPE LIMITED,"Bradford Chamber Business Park, New Lane, Laisterdyke, Bradford, BD4 8BX",2025-01-03,,vape hardware; e-liquids; disposables,,Vape Shop,,"West Yorkshire vape chain headquartered in Bradford; store described as at the west end of Hebden Bridge between the bridge and the crossroads, offering free same-day delivery locally. Central phone/email are chain-wide (quoted from smkd.com in search results; direct fetch blocked). Companies House match 'SMKD VAPE LIMITED' found via search - assumed operating company for the SMKD chain, worth re-verifying. | CONFLICTING SOURCES: another collection pass found trade reports that SMKD (Smokers Delight Ltd) closed all retail stores around mid-2026 and moved online-only. Verify store still trading before contact.",High,Multi-site retailer; Core relevant category; Public email available; Active website; Social presence,https://smkd.com/vape-shop-locator/smkd-hebden-bridge-vape-shop-west-end/,https://find-and-update.company-information.service.gov.uk/company/16161027,3,No,No,No,Yes,Unverified,Publicly Listed,2026-09-16,Partially Verified,Medium,,Business (B2B),Legitimate interest (B2B) - assess per campaign; PECR: corporate subscribers,,No,2026-09-16,New,2026-09-16,,,,,,
WY-0024,SMKD-03,SMKD,SMKD - E Cigarettes and Vape Shop (Wakefield),SMKD,SMKD Vape Limited,Vape Shop,Vape hardware and e-liquid retailer,Regional Chain,,https://smkd.com,https://www.facebook.com/SmkdVapeShop/,,,Ridings Shopping Centre,"Trinity Walk area, city centre",Wakefield,West Yorkshire,WF1 1DS,Yorkshire & Humber,England,01924 728100,,,info@smkd.com,,,,,,16161027,Active,SMKD VAPE LIMITED,"Bradford Chamber Business Park, New Lane, Laisterdyke, Bradford, BD4 8BX",2025-01-03,,vape hardware; e-liquids; disposables,,Vape Shop,,Bradford-headquartered regional vape chain. Former SMKD stores at Carlton Lanes Castleford (WF10 1AD) and 4 Horse Fair Pontefract (WF8 1PD) are reported CLOSED; Wakefield Ridings store remains on the smkd.com store locator. Also runs same-day vape delivery covering Castleford/Wakefield (01274 270303). Companies House details taken from CH result surfaced in web search; company page itself could not be fetched (egress blocked). Predecessor entity Smokers Delight Limited reported closed.,High,Multi-site retailer; Core relevant category; Public email available; Active website; Social presence,https://smkd.com/vape-shop-locator/wakefield-vape-shop-ridings-shopping-centre/,https://find-and-update.company-information.service.gov.uk/company/16161027,5,No,No,No,Yes,Verified directory,Unverified,2026-09-16,Partially Verified,Medium,,Business (B2B),Legitimate interest (B2B) - assess per campaign; PECR: corporate subscribers,,No,2026-09-16,New,2026-09-16,,,,,,
UK-000211,SMKD-04,SMKD,SMKD Barnsley,SMKD,,Vape Shop,E-cigarette and vape shop,Regional Chain,2,https://smkd.com/,,,,New Street,,Barnsley,South Yorkshire,,Yorkshire & Humber,England,,,,,,,,,,,,,,,,vape hardware; e-liquids; disposables,,Vape Shop,,"SMKD Barnsley branch on New Street, beside the Alhambra Shopping Centre. Part of the SMKD multi-site group. Exact postcode not captured from search results.",Medium,Multi-site retailer; Core relevant category; Active website,https://smkd.com/vape-shop-locator/smkd-barnsley-vape-shop-new-street/,,1,No,No,No,No,Not Found,Website Found,2026-09-16,Requires Verification,Low,,Business (B2B),Legitimate interest (B2B) - assess per campaign; PECR: corporate subscribers,,No,2026-09-16,New,2026-09-16,,,,,,
UK-000212,SMKD-05,SMKD,SMKD Rotherham,SMKD,,Vape Shop,E-cigarette and vape shop,Regional Chain,2,https://smkd.com/,,,,31a Effingham Street,,Rotherham,South Yorkshire,S65 1AL,Yorkshire & Humber,England,01274 270303,,,,,,,,,,,,,,Lost Mary; Elf Bar,vape hardware; e-liquids; disposables,,Vape Shop,,"SMKD is a multi-site vape retailer (Bradford-based) with a South Yorkshire branch on Effingham Street, Rotherham town centre. Phone number is the SMKD group/head-office line listed in directory. Also has a Barnsley branch (separate record).",Medium,Multi-site retailer; Core relevant category; Active website,https://smkd.com/vape-shop-locator/smkd-rotherham-vape-shop-effingham-street/,https://www.chamberofcommerce.uk/business-directory/england/rotherham/miscellaneous/1035065-smkd-e-cigarettes-and-vape-shop-rotherham,2,No,No,No,No,Verified directory,Website Found,2026-09-16,Requires Verification,Medium,,Business (B2B),Legitimate interest (B2B) - assess per campaign; PECR: corporate subscribers,,No,2026-09-16,New,2026-09-16,,,,,,
UK-000213,SPAR-01,SPAR,SPAR Barnsley Road,SPAR,,Convenience Store,Convenience store (symbol group),Franchise / Symbol Group,1,https://www.spar.co.uk/store-locator/afb31700-spar-barnsley-road,,,,Barnsley Road,,Barnsley,South Yorkshire,,Yorkshire & Humber,England,,,,,,,,,,,,,,,,groceries; confectionery; soft drinks; alcohol; tobacco,,Convenience Store,SPAR symbol group,SPAR symbol-group convenience store on Barnsley Road (typically independently owned/operated under SPAR). Listed on SPAR store locator; exact house number/postcode not captured from search snippet.,Medium,Multi-site retailer; Independent retailer; Relevant category; Active website,https://www.spar.co.uk/store-locator/afb31700-spar-barnsley-road,,1,No,No,No,No,Not Found,Not Found,2026-09-16,Requires Verification,Low,,Business (B2B),Legitimate interest (B2B) - assess per campaign; PECR: corporate subscribers,,No,2026-09-16,New,2026-09-16,,,,,,
WY-0025,SAVILEPETR-01,Savile Petroleum Limited,Dewsbury Service Station (Savile Petroleum),Dewsbury Service Station,Savile Petroleum Limited,Petrol Station / Forecourt,BP-branded independent forecourt with convenience store,Independent,1,,,,,Savile Road,Savile Town,Dewsbury,West Yorkshire,WF12 9LR,Yorkshire & Humber,England,,,,,,,,,,05197700,Active,SAVILE PETROLEUM LIMITED,"11 Headfield Road, Dewsbury, West Yorkshire, WF12 9JF",2004-08-04,,fuel; LPG; AdBlue; convenience goods; tobacco,,Petrol Station / Forecourt,BP fuel supply,24/7 BP dealer site with convenience store on Savile Road; operated by independent company Savile Petroleum Limited per directory and Companies House search results.,Medium,Multi-site retailer; Independent retailer; Relevant category,https://find-and-update.company-information.service.gov.uk/company/05197700,https://www.petrolprices.com/locations/dewsbury/savile-road/8720,4,No,No,No,Yes,Not Found,Not Found,2026-09-16,Partially Verified,Medium,,Business (B2B),Legitimate interest (B2B) - assess per campaign; PECR: corporate subscribers,,No,2026-09-16,New,2026-09-16,,,,,,
WY-0026,SINGKEEFOO-01,Sing Kee Foods (Sing-Ying Group),Sing Kee Foods (Sheepscar),Sing Kee Foods,Sing Kee Food Supply Limited,Independent Supermarket,Chinese / Oriental supermarket and catering supplier,Multi-Site Independent,2,https://singkeefoods.co.uk/gb/,https://www.facebook.com/singkee.chinesesupermarket/,,,"Sing Yang Building, 30-36 Cross Stamford Street",Sheepscar,Leeds,West Yorkshire,LS7 1BA,Yorkshire & Humber,England,0113 898 0168,,,,wholesale@singkeefoods.co.uk,,,,,04025779,,SING KEE FOOD SUPPLY LIMITED,,,,Chinese and East Asian groceries; fresh and frozen foods; catering supply,,Independent Supermarket,Imports from the Far East; supplies catering businesses across the North of England,"Main Sheepscar site of Sing Kee Foods, part of the Sing-Ying Group. Companies House number seen in CH search result URL; CH site blocked by proxy so status/registered office not captured.",High,Multi-site retailer; Independent retailer; Relevant category; Public trade/sales contact; Active website; Social presence,https://singkeefoods.com/gb/contact-us,https://find-and-update.company-information.service.gov.uk/company/04025779/persons-with-significant-control,4,No,No,Yes,Yes,Verified directory,Website Found,2026-09-16,Partially Verified,Medium,,Business (B2B),Legitimate interest (B2B) - assess per campaign; PECR: corporate subscribers,,No,2026-09-16,New,2026-09-16,,,,,,
WY-0027,SINGKEEFOO-02,Sing Kee Foods (Sing-Ying Group),Sing Kee Oriental Supermarket (Merrion Centre),Sing Kee,,Independent Supermarket,Chinese / Oriental supermarket,Multi-Site Independent,2,https://singkeefoods.co.uk/gb/,https://www.facebook.com/SingKeeLeedsCentre/,,,"26-28 Woodhouse Lane, Merrion Centre",City Centre,Leeds,West Yorkshire,LS2 8LX,Yorkshire & Humber,England,,,,,,,,,,,,,,,,Chinese and East Asian groceries; fresh and frozen foods,,Independent Supermarket,Sing-Ying Group imports fresh/frozen foods from the Far East,"City-centre branch of Sing Kee Foods; sister site at Cross Stamford Street, Sheepscar.",High,Multi-site retailer; Independent retailer; Relevant category; Active website; Social presence,https://singkeefoods.co.uk/gb/stores,https://www.merrioncentre.co.uk/units/sing-kee,3,No,No,No,No,Not Found,Website Found,2026-09-16,Requires Verification,Medium,,Business (B2B),Legitimate interest (B2B) - assess per campaign; PECR: corporate subscribers,,No,2026-09-16,New,2026-09-16,,,,,,
UK-000214,SPAR-01,Spar,"Spar (Trinity Road, Cleethorpes)",Spar,,Convenience Store,Symbol-group convenience store,Franchise / Symbol Group,1,,,,,52 Trinity Road,,Cleethorpes,Lincolnshire,,Yorkshire & Humber,England,,,,,,,,,,,,,,,,groceries; convenience; off-licence; news,,Convenience Store,,"Spar symbol-group convenience store, 52 Trinity Road, Cleethorpes. No postcode/phone in search results.",Medium,Multi-site retailer; Independent retailer; Relevant category,https://www.192.com/atoz/business/dn35/convenience--stores/,,1,No,No,No,No,Not Found,Not Found,2026-09-16,Requires Verification,Low,,Business (B2B),Legitimate interest (B2B) - assess per campaign; PECR: corporate subscribers,,No,2026-09-16,New,2026-09-16,,,,,,
WY-0028,SPEEDPETRO-01,Speed Petroleum,Glasshoughton Service Station,Glasshoughton Service Station (BP / Nisa Local),,Petrol Station / Forecourt,BP-branded dealer forecourt with Nisa Local shop,Franchise / Symbol Group,1,https://www.nisalocally.co.uk/stores/west-yorkshire/castleford/bp-glasshoughton-ser-st,,,,Park Road,Glasshoughton,Castleford,West Yorkshire,WF10 4RS,Yorkshire & Humber,England,01977 278353,,,,,,,,,,,,,,,fuel; convenience grocery; alcohol,,Petrol Station / Forecourt,BP fuel; Nisa Local shop supply,"24/7 site near M62 J32/Xscape. FSA register lists the shop as 'Nisa Local @ Speed Petroleum', indicating an independent operator (Speed Petroleum) rather than a BP corporate site. Operator company details need Companies House follow-up.",Medium,Multi-site retailer; Independent retailer; Relevant category; Active website,https://www.nisalocally.co.uk/stores/west-yorkshire/castleford/bp-glasshoughton-ser-st,https://www.justoffjunction.co.uk/fuel.php?ServiceID=4621,4,No,No,No,No,Verified directory,Not Found,2026-09-16,Requires Verification,Medium,,Business (B2B),Legitimate interest (B2B) - assess per campaign; PECR: corporate subscribers,,No,2026-09-16,New,2026-09-16,,,,,,
WY-0029,TBCASHCARR-01,TB Cash & Carry,TB Cash & Carry (Bradford),TB Cash & Carry,,Cash & Carry,"Confectionery, soft drinks, crisps & snacks wholesaler",Multi-Site Independent,2,https://tbcashandcarry.co.uk/,https://www.facebook.com/p/TB-Cash-Carry-100077147298501/,,,91 Legrams Lane,,Bradford,West Yorkshire,BD7 1NH,Yorkshire & Humber,England,01274 740555,,,info@tbcashandcarry.co.uk,,,,,,,,,,,,confectionery; soft drinks; crisps & snacks,,Cash & Carry,,"Bradford branch of TB Cash & Carry (2 sites; see Leeds record). Secondary phone 01274 741330. An older directory entry (Gazette directory) lists 30 Summerville Road, Bradford - Yell and TouchBradford list 91 Legrams Lane BD7 1NH, which is used here; the discrepancy suggests a past relocation and should be re-verified.",High,Multi-site retailer; Independent retailer; Core relevant category; Public email available; Active website; Social presence,https://tbcashandcarry.co.uk/,https://www.yell.com/biz/t-b-cash-and-carry-bradford-949082/,3,Yes,No,No,Yes,Verified directory,Unverified,2026-09-16,Verified (website + Companies House),Medium,,Business (B2B),Legitimate interest (B2B) - assess per campaign; PECR: corporate subscribers,,No,2026-09-16,New,2026-09-16,,,,,,
WY-0030,TBCASHCARR-02,TB Cash & Carry,TB Cash & Carry (Leeds),TB Cash & Carry,,Cash & Carry,"Confectionery, soft drinks, crisps & snacks wholesaler",Multi-Site Independent,2,https://tbcashandcarry.co.uk/,https://www.facebook.com/p/TB-Cash-Carry-100064390671766/,,,90 Gelderd Road,,Leeds,West Yorkshire,LS12 6HD,Yorkshire & Humber,England,0113 245 1454,,,info@tbcashandcarry.co.uk,,,,,,,,,,,,confectionery; soft drinks; crisps & snacks,,Cash & Carry,,"Established 1985; independent cash & carry with stores in Leeds and Bradford. Email info@tbcashandcarry.co.uk appears in the Dun & Bradstreet company profile and business directories (matches own domain) but could not be confirmed on the website itself because direct fetch was blocked - marked Unverified. Companies House search did not conclusively identify the registered entity (candidate 'T B LEEDS LIMITED' 13393099 not confirmed as the same business, so not recorded).",High,Multi-site retailer; Independent retailer; Core relevant category; Public email available; Active website; Social presence,https://tbcashandcarry.co.uk/,https://www.thomsonlocal.com/search/cash-carry-wholesalers/leeds/t-b-cash-carry/1798109/01132451454,3,Yes,No,No,Yes,Verified directory,Unverified,2026-09-16,Verified (website + Companies House),Medium,,Business (B2B),Legitimate interest (B2B) - assess per campaign; PECR: corporate subscribers,,No,2026-09-16,New,2026-09-16,,,,,,
UK-000215,THEDRAMSHO-01,The Dram Shop,The Dram Shop,The Dram Shop,,Off-Licence,"Wine, spirits and craft beer merchant",Multi-Site Independent,2,,,,,21 Commonside,,Sheffield,South Yorkshire,S10 1GA,Yorkshire & Humber,England,0114 268 3117,,,,,,,,,,,,,,,fine wines; spirits; craft beers,,Off-Licence,,"Well-regarded independent off-licence on Commonside, Sheffield, with a curated wine/spirit/craft-beer range; operates a second Sheffield branch (Hillsborough). Address/postcode/phone from Yelp and FindOpen listings.",Medium,Multi-site retailer; Independent retailer; Relevant category,https://www.yelp.co.uk/biz/dram-shop-sheffield,https://find-open.co.uk/sheffield/the-dram-shop-1534489,2,No,No,No,No,Verified directory,Not Found,2026-09-16,Requires Verification,Medium,,Business (B2B),Legitimate interest (B2B) - assess per campaign; PECR: corporate subscribers,,No,2026-09-16,New,2026-09-16,,,,,,
WY-0031,THEVAPECEN-01,The Vape Centre,The Vape Centre (Wetherby),The Vape Centre,Vape Centre Wetherby Ltd,Vape Shop,,Multi-Site Independent,2,http://www.thevapecentre.co.uk/,,,,16 Market Place,,Wetherby,West Yorkshire,LS22 6NE,Yorkshire & Humber,England,07388 892397,,,,,,,,,,,,,,,vape hardware; e-liquids,,Vape Shop,,"Second branch at 2 Gillygate, York (The Vape Centre York/Wetherby). Legal name 'Vape Centre Wetherby Ltd' per Cylex listing title - not yet verified at Companies House (CH site blocked by network proxy this session).",High,Multi-site retailer; Independent retailer; Core relevant category; Active website,https://wetherbytowncouncil.gov.uk/our-businesses/vape-centre/,https://www.wegetyoufound.co.uk/listings/the-vape-centre/wetherby/vaporizer-store,3,No,No,No,No,Verified directory,Website Found,2026-09-16,Requires Verification,Medium,,Business (B2B),Legitimate interest (B2B) - assess per campaign; PECR: corporate subscribers,,No,2026-09-16,New,2026-09-16,,,,,,
WY-0032,TOTALLYWIC-01,Totally Wicked,Totally Wicked,Totally Wicked Brighouse,,Vape Shop,E-cigarette and e-liquid chain store,National Chain,,,,,,53-55 Bethel Street,,Brighouse,West Yorkshire,HD6 1JR,Yorkshire & Humber,England,01484 769431,,,,,,,,,,,,,,Totally Wicked,vape hardware; e-liquids; disposables,,Vape Shop,,Some Totally Wicked branded stores are franchised; ownership of this branch not established.,Medium,Multi-site retailer; Core relevant category,https://brighouse.cylex-uk.co.uk/vape-shops/,,1,No,No,No,No,Verified directory,Not Found,2026-09-16,Requires Verification,Medium,,Business (B2B),Legitimate interest (B2B) - assess per campaign; PECR: corporate subscribers,,No,2026-09-16,New,2026-09-16,,,,,,
WY-0033,TOTALLYWIC-02,Totally Wicked,Totally Wicked,Totally Wicked Halifax,,Vape Shop,E-cigarette and e-liquid chain store,National Chain,,https://www.totallywicked-eliquid.co.uk/stores/halifax-e-cigs-e-liquid-shop,,,,10 Commercial Street,,Halifax,West Yorkshire,HX1 1TA,Yorkshire & Humber,England,01422 320223,,,,,,,,,,,,,,Totally Wicked; Lost Mary; Elf Bar,vape hardware; e-liquids; disposables,,Vape Shop,,"Authorised Totally Wicked stockist store; some Totally Wicked branded stores are franchised, ownership of this branch not established.",Medium,Multi-site retailer; Core relevant category; Active website,https://www.totallywicked-eliquid.co.uk/stores/halifax-e-cigs-e-liquid-shop,https://www.yell.com/s/tobacconists-halifax.html,3,No,No,No,No,Verified directory,Website Found,2026-09-16,Requires Verification,Medium,,Business (B2B),Legitimate interest (B2B) - assess per campaign; PECR: corporate subscribers,,No,2026-09-16,New,2026-09-16,,,,,,
UK-000216,VAPEXSTORE-01,VAPEx Stores,VAPEx Doncaster,VAPEx,,Vape Shop,E-cigarette and vape shop,Multi-Site Independent,1,https://vapexstores.co.uk/dn1,https://www.facebook.com/vapexdoncaster/,,,61a Carr House Road,,Doncaster,South Yorkshire,DN1 2BY,Yorkshire & Humber,England,01302 315051,,,,,,,,,,,,,,,vape hardware; e-liquids; disposables; accessories,,Vape Shop,,VAPEx is a multi-site vape retailer (vapexstores.co.uk); Doncaster DN1 branch on Carr House Road. Address/phone cross-checked in directory listings.,High,Multi-site retailer; Independent retailer; Core relevant category; Active website; Social presence,https://directory.gazettelive.co.uk/company/38099bbaff0399ea2ed5ae56d12efd2e,https://www.thomsonlocal.com/search/smoking-cessation/doncaster/vapex/3267060/01302315051,2,No,No,No,No,Verified directory,Website Found,2026-09-16,Requires Verification,Medium,,Business (B2B),Legitimate interest (B2B) - assess per campaign; PECR: corporate subscribers,,No,2026-09-16,New,2026-09-16,,,,,,
UK-000217,VALLIFOREC-01,Valli Forecourts,Valli Forecourts (Bawtry Road),Valli Forecourts,,Petrol Station / Forecourt,Independent forecourt with convenience store,Multi-Site Independent,1,,,,,Bawtry Road,,Doncaster,South Yorkshire,,Yorkshire & Humber,England,,,,,,,,,,,,,,,,fuel; convenience groceries; forecourt shop,,Petrol Station / Forecourt,,"Independent forecourt operator (Valli Forecourts is a multi-site independent forecourt group) on Bawtry Road, Doncaster. Listed in Doncaster petrol-station directory; exact house number/postcode not captured.",Medium,Multi-site retailer; Independent retailer; Relevant category,https://www.mylocalservices.co.uk/24+Hr+Petrol+Stations-Doncaster.html,,1,No,No,No,No,Not Found,Not Found,2026-09-16,Requires Verification,Low,,Business (B2B),Legitimate interest (B2B) - assess per campaign; PECR: corporate subscribers,,No,2026-09-16,New,2026-09-16,,,,,,
WY-0034,VALLIFOREC-01,Valli Forecourts Ltd,BP Gledhow Service Station (Valli Forecourts),Gledhow Service Station,Valli Forecourts Ltd,Petrol Station / Forecourt,BP-branded forecourt with convenience store,Regional Chain,16,https://valliforecourts.co.uk/,,,,,Gledhow,Leeds,West Yorkshire,LS8 4BU,Yorkshire & Humber,England,,,,,,,,,,,,,,,,fuel; convenience retail,,Petrol Station / Forecourt,,BP Gledhow Service Station in Leeds referenced as a Valli Forecourts site in petrol-station listings. Street address/postcode/phone not confirmed - follow up via valliforecourts.co.uk site list. One of 16 Valli Forecourts sites.,Medium,Multi-site retailer; Relevant category; Active website,https://www.petrolprices.com/locations/huddersfield,https://www.192.com/atoz/business/leeds-ls8/petrol-service-stations/b-p-gledhow-service-station/b2cc5ed266e9de6ac0fa2b011faef822e624c3ac/ml/,3,No,No,No,No,Not Found,Website Found,2026-09-16,Requires Verification,Medium,,Business (B2B),Legitimate interest (B2B) - assess per campaign; PECR: corporate subscribers,,No,2026-09-16,New,2026-09-16,,,,,,
WY-0035,VALLIFOREC-02,Valli Forecourts Ltd,Valli Forecourts Ltd (Head Office),Valli Forecourts,Valli Forecourts Ltd,Petrol Station / Forecourt,Independent forecourt group head office,Regional Chain,16,https://valliforecourts.co.uk/,,,https://uk.linkedin.com/company/valli-forecourts-ltd,,Moortown,Leeds,West Yorkshire,,Yorkshire & Humber,England,,,,,,,,,,,,,,,,fuel; convenience retail; food-to-go,,Petrol Station / Forecourt,Sweetzone lists forecourts/petrol stations as a supplied sector; sites branded BP among others,"Independent forecourt group with 16 sites, predominantly around Yorkshire and stretching to Birmingham (per Sweetzone sector page / company profile). Head office listed under Moortown, Leeds on yorkshire.com but street address/postcode not confirmed - left blank. Confirmed West Yorkshire site: BP Gledhow Service Station, Leeds (see separate record). Full site list and Companies House details not captured before session search budget was exhausted - HIGH-PRIORITY follow-up: fetch valliforecourts.co.uk site list and CH record.",Medium,Multi-site retailer; Relevant category; Active website; Social presence,https://www.yorkshire.com/moortown/transport/petrol-stations/valli-forecourts-ltd-head-office,https://uk.linkedin.com/company/valli-forecourts-ltd,3,No,No,No,No,Not Found,Website Found,2026-09-16,Requires Verification,Low,,Business (B2B),Legitimate interest (B2B) - assess per campaign; PECR: corporate subscribers,,No,2026-09-16,New,2026-09-16,,,,,,
WY-0036,VAPARAMA-01,Vaparama,Vaparama (Featherstone),Vaparama,Vaparama Ltd,Vape Shop,E-liquid specialist / vape retailer,Regional Chain,7,https://www.vaparama.co.uk,https://www.facebook.com/p/Vaparama-100063743672150/,,,73-75 Station Lane,,Featherstone,West Yorkshire,WF7 5BJ,Yorkshire & Humber,England,,,,,shop@vaparama.co.uk,,,,,09736212,Active,VAPARAMA LTD,"13 Market Place, Pontefract, England, WF8 1AG",2015-08-17,,e-liquids; vape hardware; accessories,,Vape Shop,,Featherstone branch of the Vaparama chain (HQ Pontefract).,High,Multi-site retailer; Core relevant category; Public email available; Active website; Social presence,https://www.vaparama.co.uk/contact/,https://find-and-update.company-information.service.gov.uk/company/09736212,3,No,No,Yes,Yes,Not Found,Publicly Listed,2026-09-16,Partially Verified,Medium,,Business (B2B),Legitimate interest (B2B) - assess per campaign; PECR: corporate subscribers,,No,2026-09-16,New,2026-09-16,,,,,,
WY-0037,VAPARAMA-02,Vaparama,Vaparama (Pontefract),Vaparama,Vaparama Ltd,Vape Shop,E-liquid specialist / vape retailer and wholesaler,Regional Chain,7,https://www.vaparama.co.uk,https://www.facebook.com/p/Vaparama-100063743672150/,,,13 Market Place,,Pontefract,West Yorkshire,WF8 1AG,Yorkshire & Humber,England,01977 277170,,,shop@vaparama.co.uk,,,,,,09736212,Active,VAPARAMA LTD,"13 Market Place, Pontefract, England, WF8 1AG",2015-08-17,,e-liquids (own 200+ flavour range); vape hardware; accessories,,Vape Shop,Supplies e-liquid wholesale to other bricks-and-mortar vape stores,"Established 2014. Yorkshire multi-store chain: Pontefract (HQ/registered office), Wakefield, Featherstone, plus Leeds, Doncaster, Sheffield, Halifax. This is the flagship/registered-office store.",High,Multi-site retailer; Core relevant category; Public email available; Active website; Social presence,https://find-and-update.company-information.service.gov.uk/company/09736212,https://pontefract.cylex-uk.co.uk/company/vaparama-26236284.html,4,No,No,No,Yes,Verified directory,Unverified,2026-09-16,Partially Verified,Medium,,Business (B2B),Legitimate interest (B2B) - assess per campaign; PECR: corporate subscribers,,No,2026-09-16,New,2026-09-16,,,,,,
WY-0038,VAPARAMA-03,Vaparama,Vaparama (Wakefield),Vaparama,Vaparama Ltd,Vape Shop,E-liquid specialist / vape retailer,Regional Chain,7,https://www.vaparama.co.uk,https://www.facebook.com/p/Vaparama-100063743672150/,,,"Britannia House, 31 Warrengate",,Wakefield,West Yorkshire,,Yorkshire & Humber,England,,,,,shop@vaparama.co.uk,,,,,09736212,Active,VAPARAMA LTD,"13 Market Place, Pontefract, England, WF8 1AG",2015-08-17,,e-liquids; vape hardware; accessories,,Vape Shop,,Wakefield branch of the Vaparama chain (HQ Pontefract). Address from vapemaps directory listing of Vaparama Limited store locations; postcode and branch phone not found.,High,Multi-site retailer; Core relevant category; Public email available; Active website; Social presence,https://www.vaparama.co.uk/contact/,https://find-and-update.company-information.service.gov.uk/company/09736212,3,No,No,Yes,Yes,Not Found,Publicly Listed,2026-09-16,Partially Verified,Medium,,Business (B2B),Legitimate interest (B2B) - assess per campaign; PECR: corporate subscribers,,No,2026-09-16,New,2026-09-16,,,,,,
UK-000218,VAPESAFE-01,Vape Safe,Vape Safe Whitby,Vape Safe,,Vape Shop,"Premium e-liquids, pods & mods",Multi-Site Independent,2,https://www.vapesafe.net/,,,,24 Baxtergate,,Whitby,North Yorkshire,YO21 1BW,Yorkshire & Humber,England,01947 604873,,,,,,,,,,,,,,,e-liquids; pods; mods,,Vape Shop,,"Whitby branch of Vape Safe (vapesafe.net), a small independent chain with a second shop in York (8 Stonegate). Address 24 Baxtergate (YO21 1BW) and phone from Vape Shop Near Me directory listing via search snippets.",High,Multi-site retailer; Independent retailer; Core relevant category; Active website,https://www.vapesafe.net/,https://vapeshop-nearme.com/listing/vape-safe-whitby/,2,No,No,No,No,Verified directory,Not Found,2026-09-16,Requires Verification,Low,,Business (B2B),Legitimate interest (B2B) - assess per campaign; PECR: corporate subscribers,,No,2026-09-16,New,2026-09-16,,,,,,
UK-000219,VAPESAFE-02,Vape Safe,Vape Safe York,Vape Safe,,Vape Shop,"Premium e-liquids, pods & mods",Multi-Site Independent,2,https://www.vapesafe.net/,,,,8 Stonegate,,York,North Yorkshire,YO1 8AX,Yorkshire & Humber,England,01904 848488,,,,,,,,,,,,,,,premium e-liquids; pods; mods; disposables,,Vape Shop,,"York city-centre branch of Vape Safe (vapesafe.net), 8 Stonegate (YO1 8AX). Second location of the Vape Safe chain (also Whitby). Address/phone from eCig Directory / Cylex York listings via search snippets.",High,Multi-site retailer; Independent retailer; Core relevant category; Active website,https://www.vapesafe.net/,https://ecigdirectory.co.uk/vape-shop/listing/vape-safe-york,2,No,No,No,No,Verified directory,Website Found,2026-09-16,Requires Verification,Medium,,Business (B2B),Legitimate interest (B2B) - assess per campaign; PECR: corporate subscribers,,No,2026-09-16,New,2026-09-16,,,,,,
UK-000220,VAPESHACK-01,Vape Shack,The Vape Shack Beverley,The Vape Shack,,Vape Shop,E-liquid and e-cigarette shop,Multi-Site Independent,2,https://www.vape-shack.co.uk,https://www.facebook.com/thevapeshackbeverley/,,,7 Sow Hill Road,Beverley Bus Station,Beverley,East Riding of Yorkshire,HU17 8BG,Yorkshire & Humber,England,07359 267997,,,,,,,,,,,,,,,e-liquids; e-cigarettes; filters; disposables,,Vape Shop,,Beverley store of Vape Shack (own website vape-shack.co.uk). A separately-branded 'Vape Shack Immingham' operates at 70 Pelham Rd; shared parent inferred from common brand/name — link not independently confirmed.,High,Multi-site retailer; Independent retailer; Core relevant category; Active website; Social presence,https://www.vape-shack.co.uk/,https://find-open.co.uk/beverley/the-vape-shack-beverley-3114235,2,Yes,No,No,No,Verified directory,Not Found,2026-09-16,Partially Verified,Medium,,Business (B2B),Legitimate interest (B2B) - assess per campaign; PECR: corporate subscribers,,No,2026-09-16,New,2026-09-16,,,,,,
UK-000221,VAPESHACK-02,Vape Shack,Vape Shack Immingham,Vape Shack,,Vape Shop,Vape shop,Multi-Site Independent,2,,https://www.facebook.com/vapeshackimmingham/,,,70 Pelham Road,,Immingham,Lincolnshire,,Yorkshire & Humber,England,01469 577493,,,,,,,,,,,,,,,disposables; kits; e-liquids; vape hardware,,Vape Shop,,Immingham store trading as Vape Shack. Shared parent with The Vape Shack Beverley inferred from brand/name; link not independently confirmed. No postcode in search results.,High,Multi-site retailer; Independent retailer; Core relevant category; Social presence,https://www.facebook.com/vapeshackimmingham/,https://www.thomsonlocal.com/search/smoking-cessation/brigg-south-humberside/vape-shack-immingham/3239866/01469577493,2,No,No,No,No,Verified directory,Not Found,2026-09-16,Requires Verification,Low,,Business (B2B),Legitimate interest (B2B) - assess per campaign; PECR: corporate subscribers,,No,2026-09-16,New,2026-09-16,,,,,,
UK-000222,VAPESHOPGU-01,Vape Shop Guy,Vape Shop Guy Boroughbridge,Vape Shop Guy,,Vape Shop,Vaping products & e-liquids,Multi-Site Independent,4,https://vapeshopguy.co.uk/,,,,34 High Street,,Boroughbridge,North Yorkshire,,Yorkshire & Humber,England,01423 325924,,,,,,,,,,,,,,,vape hardware; e-liquids; disposables,,Vape Shop,,Boroughbridge branch of the Vape Shop Guy group (vapeshopguy.co.uk). Address 34 High Street and phone from the group's own Locations/Contact pages via search snippets; full postcode not surfaced (YO51 area).,High,Multi-site retailer; Independent retailer; Core relevant category; Active website; Phone verified on official website,https://vapeshopguy.co.uk/locations,,1,No,No,No,No,Verified on official website,Website Found,2026-09-16,Requires Verification,Medium,,Business (B2B),Legitimate interest (B2B) - assess per campaign; PECR: corporate subscribers,,No,2026-09-16,New,2026-09-16,,,,,,
UK-000223,VAPESHOPGU-02,Vape Shop Guy,Vape Shop Guy Ripon,Vape Shop Guy,Vape Shop Guy Ripon Ltd,Vape Shop,Vaping products & e-liquids,Multi-Site Independent,4,https://vapeshopguy.co.uk/,,,,4 North Street,,Ripon,North Yorkshire,,Yorkshire & Humber,England,,,,,,,,,,16398053,,VAPE SHOP GUY RIPON LTD,,,,vape hardware; e-liquids; disposables,,Vape Shop,,Ripon branch of the Vape Shop Guy group at 4 North Street. Companies House match VAPE SHOP GUY RIPON LTD (no. 16398053) surfaced in search results; CH page not opened so status/incorporation left blank.,High,Multi-site retailer; Independent retailer; Core relevant category; Active website,https://vapeshopguy.co.uk/locations,https://find-and-update.company-information.service.gov.uk/company/16398053,2,No,No,No,No,Not Found,Website Found,2026-09-16,Requires Verification,Medium,,Business (B2B),Legitimate interest (B2B) - assess per campaign; PECR: corporate subscribers,,No,2026-09-16,New,2026-09-16,,,,,,
UK-000224,VAPESHOPGU-03,Vape Shop Guy,Vape Shop Guy Thirsk,Vape Shop Guy,Vape Shop Guy Thirsk Ltd,Vape Shop,Vaping products & e-liquids,Multi-Site Independent,4,https://vapeshopguy.co.uk/,,,,2 Millgate,,Thirsk,North Yorkshire,,Yorkshire & Humber,England,,,,,,,,,,15869863,,VAPE SHOP GUY THIRSK LTD,,,,vape hardware; e-liquids; disposables,,Vape Shop,,Thirsk branch of the Vape Shop Guy group at 2 Millgate. Companies House match VAPE SHOP GUY THIRSK LTD (16-digit no. 15869863) surfaced in search results; CH page not opened so status/incorporation left blank. Distinct from The Vape Lounge Thirsk (7 Market Place).,High,Multi-site retailer; Independent retailer; Core relevant category; Active website,https://vapeshopguy.co.uk/locations,https://find-and-update.company-information.service.gov.uk/company/15869863,2,No,No,No,No,Not Found,Website Found,2026-09-16,Requires Verification,Medium,,Business (B2B),Legitimate interest (B2B) - assess per campaign; PECR: corporate subscribers,,No,2026-09-16,New,2026-09-16,,,,,,
UK-000225,VAPESHOPGU-04,Vape Shop Guy,Vapour Worx Knaresborough,Vapour Worx,,Vape Shop,Vaping products & e-liquids,Multi-Site Independent,4,https://vapeshopguy.co.uk/,,,,39a High Street,,Knaresborough,North Yorkshire,HG5 0HB,Yorkshire & Humber,England,01423 610083,,,,,,,,,,,,,,,vape hardware; e-liquids; disposables,,Vape Shop,,"Knaresborough branch trading as Vapour Worx, part of the Vape Shop Guy group (vapeshopguy.co.uk) which also runs shops in Boroughbridge, Thirsk and Ripon. Address 39a High Street HG5 0HB, phone from Crewe Chronicle / FindOpen / Yell listings and Totally Locally Knaresborough via search snippets. Open Mon-Fri 09:00-17:30, Sat 09:00-17:00.",High,Multi-site retailer; Independent retailer; Core relevant category; Active website,https://directory.crewechronicle.co.uk/company/1223189121957890,https://vymaps.com/GB/Vapour-Worx-Knaresborough-318766375170972/,3,No,No,No,No,Verified directory,Website Found,2026-09-16,Requires Verification,Medium,,Business (B2B),Legitimate interest (B2B) - assess per campaign; PECR: corporate subscribers,,No,2026-09-16,New,2026-09-16,,,,,,
WY-0039,WOWVAPE-01,WOW Vape,WOW Vape (Castleford),WOW Vape,,Vape Shop,Vape retailer,Multi-Site Independent,2,https://wow-vape.co.uk,https://www.facebook.com/wowvapecas/,https://www.instagram.com/wow_vape_castleford/,,45 Carlton Street,,Castleford,West Yorkshire,WF10 1BA,Yorkshire & Humber,England,01977 516062,,,,,,,,,,,,,,,vape hardware; e-liquids,,Vape Shop,,Yelp shows an older WOW Vape listing at 42 Carlton St marked CLOSED and a current listing at 45 Carlton Street; the 45 Carlton Street listing and active Facebook/Instagram pages suggest the shop relocated across the street. Sister branding to WOW Vape Wakefield.,High,Multi-site retailer; Independent retailer; Core relevant category; Active website; Social presence,https://www.facebook.com/wowvapecas/,https://www.yelp.com/biz/wow-vape-castleford,3,No,No,No,No,Verified directory,Not Found,2026-09-16,Requires Verification,Medium,,Business (B2B),Legitimate interest (B2B) - assess per campaign; PECR: corporate subscribers,,No,2026-09-16,New,2026-09-16,,,,,,
WY-0040,WOWVAPE-02,WOW Vape,WOW Vape (Wakefield),WOW Vape,,Vape Shop,Vape retailer,Multi-Site Independent,2,,,https://www.instagram.com/wowvapewakefield/,,,,Wakefield,West Yorkshire,,Yorkshire & Humber,England,,,,,,,,,,,,,,,,vape hardware; e-liquids,,Vape Shop,,Wakefield branch of WOW Vape (sister shop to Castleford). Confirmed via Instagram handle and Puffing Bird directory listing; street address not found in accessible sources - needs follow-up.,High,Multi-site retailer; Independent retailer; Core relevant category; Social presence,https://www.instagram.com/wowvapewakefield/,https://vapeshops.puffingbird.com/yorkshire-and-the-humber/wakefield/wow-vape-wakefield,2,No,No,No,No,Not Found,Not Found,2026-09-16,Requires Verification,Low,,Business (B2B),Legitimate interest (B2B) - assess per campaign; PECR: corporate subscribers,,No,2026-09-16,New,2026-09-16,,,,,,
WY-0041,WEAREVAPES-01,We Are Vapes,We Are Vapes,We Are Vapes,,Vape Shop,"Vape kits, e-liquids & accessories",Multi-Site Independent,3,https://www.wearevapes.com/,,,,287 Tong Street,,Bradford,West Yorkshire,BD4 9QJ,Yorkshire & Humber,England,01274 270773,,,,,,,,,,,,,,,vape hardware; e-liquids; disposables,,Vape Shop,,"West Yorkshire vape specialist with three Bradford branches (Tong Street, High Street Wibsey, Killinghall Road). Official site wearevapes.com confirmed in search results; direct fetch blocked by network proxy so branch details taken from Yelp listing snippets.",High,Multi-site retailer; Independent retailer; Core relevant category; Active website,https://www.wearevapes.com/,https://www.yelp.co.uk/biz/we-are-vapes-bradford-3,2,No,No,No,No,Verified directory,Website Found,2026-09-16,Requires Verification,Medium,,Business (B2B),Legitimate interest (B2B) - assess per campaign; PECR: corporate subscribers,,No,2026-09-16,New,2026-09-16,,,,,,
WY-0042,WEAREVAPES-02,We Are Vapes,We Are Vapes,We Are Vapes,,Vape Shop,"Vape kits, e-liquids & accessories",Multi-Site Independent,3,https://www.wearevapes.com/,,,,220 High Street,Wibsey,Bradford,West Yorkshire,,Yorkshire & Humber,England,01274 634327,,,,,,,,,,,,,,,vape hardware; e-liquids; disposables,,Vape Shop,,Wibsey branch of the 3-store We Are Vapes group. Phone listed against this branch in directory results.,High,Multi-site retailer; Independent retailer; Core relevant category; Active website,https://www.wearevapes.com/,https://www.yelp.com/biz/we-are-vapes-bradford-2,2,No,No,No,No,Verified directory,Website Found,2026-09-16,Requires Verification,Medium,,Business (B2B),Legitimate interest (B2B) - assess per campaign; PECR: corporate subscribers,,No,2026-09-16,New,2026-09-16,,,,,,
WY-0043,WEAREVAPES-03,We Are Vapes,We Are Vapes,We Are Vapes,,Vape Shop,"Vape kits, e-liquids & accessories",Multi-Site Independent,3,https://www.wearevapes.com/,,,,446 Killinghall Road,,Bradford,West Yorkshire,,Yorkshire & Humber,England,,,,,,,,,,,,,,,,vape hardware; e-liquids; disposables,,Vape Shop,,Killinghall Road branch (Bradford Moor side of the city) of the 3-store We Are Vapes group.,High,Multi-site retailer; Independent retailer; Core relevant category; Active website,https://www.wearevapes.com/,https://www.yelp.com/biz/we-are-vapes-bradford,2,No,No,No,No,Not Found,Website Found,2026-09-16,Requires Verification,Low,,Business (B2B),Legitimate interest (B2B) - assess per campaign; PECR: corporate subscribers,,No,2026-09-16,New,2026-09-16,,,,,,
WY-0044,WORLDWIDEF-01,Worldwide Foods Group,Worldwide Foods Bradford (Great Horton Road),Worldwide Foods,Worldwide Foods (Bradford) Limited,Independent Supermarket,Halal / world food supermarket,Regional Chain,,https://worldwidefoods.co.uk/,https://www.facebook.com/worldwidefoods/,,,607 Great Horton Road,Great Horton,Bradford,West Yorkshire,BD7 4ED,Yorkshire & Humber,England,01274 572661,,,info@worldwidefoods.co.uk,,,,,,04179487,,WORLDWIDE FOODS (BRADFORD) LIMITED,,,,halal meat; fresh produce; spices; world foods; groceries,,Independent Supermarket,,Second Bradford store of the Worldwide Foods group. Two phone numbers seen in listings: 01274 572661 and 01274 572673.,High,Multi-site retailer; Relevant category; Public email available; Active website; Social presence,https://worldwidefoods.co.uk/worldwide-bradford-great-horton-road/,https://worldwidefoods.co.uk/contact-us/,3,No,No,Yes,Yes,Verified directory,Website Found,2026-09-16,Partially Verified,Medium,,Business (B2B),Legitimate interest (B2B) - assess per campaign; PECR: corporate subscribers,,No,2026-09-16,New,2026-09-16,,,,,,
WY-0045,WORLDWIDEF-02,Worldwide Foods Group,Worldwide Foods Bradford (Leeds Road),Al Halal Worldwide Foods,Worldwide Foods (Bradford) Limited,Independent Supermarket,Halal / world food supermarket (24 hours),Regional Chain,,https://worldwidefoods.co.uk/,https://www.facebook.com/worldwidefoods/,,,1001 Leeds Road,,Bradford,West Yorkshire,BD3 7NH,Yorkshire & Humber,England,01274 656638,,,,,,,,,04179487,,WORLDWIDE FOODS (BRADFORD) LIMITED,,,,halal meat; fresh produce; spices; world foods; groceries,,Independent Supermarket,,"Family-owned group (Alam brothers: Pervez, Arshad, Shahid, Zahid, Asif, Kashif) described as the UK's leading halal supermarket chain, outlets across the North and Midlands. Bradford Leeds Road store trades as Al Halal / Worldwide Foods and is open 24 hours. A separate company AL HALAL SUPERMARKET LIMITED (04049854) also appears in Companies House search - operating entity per store needs confirming.",Medium,Multi-site retailer; Relevant category; Active website; Social presence,https://worldwidefoods.co.uk/worldwide-bradford-leeds-road/,https://find-and-update.company-information.service.gov.uk/company/04179487,3,No,No,No,Yes,Verified directory,Website Found,2026-09-16,Partially Verified,Medium,,Business (B2B),Legitimate interest (B2B) - assess per campaign; PECR: corporate subscribers,,No,2026-09-16,New,2026-09-16,,,,,,
WY-0046,WORLDWIDEF-03,Worldwide Foods Group,Worldwide Foods Bradford (Woodhead Road),Al Halal Supermarket,Worldwide Foods (Bradford) Limited,Independent Supermarket,Halal / world food supermarket,Regional Chain,,https://worldwidefoods.co.uk/,https://www.facebook.com/worldwidefoods/,,,Woodhead Road,,Bradford,West Yorkshire,,Yorkshire & Humber,England,,,,,,,,,,04179487,,WORLDWIDE FOODS (BRADFORD) LIMITED,,,,halal meat; fresh produce; world foods; groceries,,Independent Supermarket,,"Third Bradford location cited in group locations list (search snippet) and on Yelp as Al Halal Supermarket, Woodhead Road. Postcode/phone not captured - needs enrichment.",Medium,Multi-site retailer; Relevant category; Active website; Social presence,https://worldwidefoods.co.uk/locations/,https://www.yelp.co.uk/biz/al-halal-supermarket-bradford,2,No,No,No,Yes,Not Found,Website Found,2026-09-16,Partially Verified,Low,,Business (B2B),Legitimate interest (B2B) - assess per campaign; PECR: corporate subscribers,,No,2026-09-16,New,2026-09-16,,,,,,
UK-000226,YORKSHIREA-01,Yorkshire Agricultural Society,Fodder,Fodder,,Independent Supermarket,"Farm shop, food hall & cafe",Independent,1,https://fodder.co.uk/,,,,Great Yorkshire Showground,Railway Road,Harrogate,North Yorkshire,HG2 8NZ,Yorkshire & Humber,England,01423 546111,,,enquiries@fodder.co.uk,,,,,,,,,,,,fresh produce; butchery; deli; bakery; Yorkshire cheese; groceries,,Independent Supermarket,Works with 430+ Yorkshire farmers/producers; ~85% of stock sourced from Yorkshire,"Award-winning Yorkshire farm shop and food hall on the Great Yorkshire Showground, run as a social enterprise by the Yorkshire Agricultural Society. Address, phone and general email from own site and Visit Harrogate / 192.com listings via search snippets. Strong independent-retail prospect (large product range).",High,Multi-site retailer; Independent retailer; Relevant category; Public email available; Active website; Phone verified on official website,https://fodder.co.uk/,https://visitharrogate.co.uk/business-directory/fodder-farm-shop-and-cafe,3,No,No,No,No,Verified on official website,Publicly Listed,2026-09-16,Requires Verification,Medium,,Business (B2B),Legitimate interest (B2B) - assess per campaign; PECR: corporate subscribers,,No,2026-09-16,New,2026-09-16,,,,,,
UK-000227,ECIGARETTE-01,eCigarette Outlet,eCigarette Outlet,eCigarette Outlet,,Vape Shop,E-cigarette specialist chain,Regional Chain,6,https://ecigaretteoutlet.co.uk,https://www.facebook.com/EcigaretteoutletHull/,,,53 Jameson Street,City Centre,Kingston upon Hull,East Riding of Yorkshire,,Yorkshire & Humber,England,,,,customer.service@ecigaretteoutlet.co.uk,,,,,,,,,,,,e-cigarettes; e-liquids; disposables; hardware,,Vape Shop,,"Regional vape chain (parent: eCigarette Outlet). Hull city-centre store at 53 Jameson St; further Hull branches at 187 Newland Ave (HU5 2EN) and 3A Chapel Street (HU1 3PA), plus Scunthorpe, Cleethorpes and Bridlington. Shared general email customer.service@ecigaretteoutlet.co.uk.",High,Multi-site retailer; Core relevant category; Public email available; Active website; Social presence,https://www.facebook.com/EcigaretteoutletHull/,https://ecigdirectory.co.uk/vape-shop-hull-listings/,2,Yes,No,No,No,Not Found,Publicly Listed,2026-09-16,Partially Verified,Medium,,Business (B2B),Legitimate interest (B2B) - assess per campaign; PECR: corporate subscribers,,No,2026-09-16,New,2026-09-16,,,,,,
UK-000228,ECIGARETTE-02,eCigarette Outlet,eCigarette Outlet Cleethorpes,eCigarette Outlet,,Vape Shop,E-cigarette specialist chain,Regional Chain,1,https://ecigaretteoutlet.co.uk,,,,3 St Peter's Avenue,,Cleethorpes,Lincolnshire,DN35 8HQ,Yorkshire & Humber,England,01472 694619,,,customer.service@ecigaretteoutlet.co.uk,,,,,,,,,,,,e-cigarettes; e-liquids; disposables; hardware,,Vape Shop,,Cleethorpes branch of eCigarette Outlet regional chain. Shared brand email and website.,High,Multi-site retailer; Core relevant category; Public email available; Active website,https://vapeshop-nearme.com/listing/ecigarette-outlet-cleethorpes/,,1,Yes,No,No,No,Verified directory,Publicly Listed,2026-09-16,Partially Verified,Medium,,Business (B2B),Legitimate interest (B2B) - assess per campaign; PECR: corporate subscribers,,No,2026-09-16,New,2026-09-16,,,,,,
UK-000229,ECIGARETTE-03,eCigarette Outlet,eCigarette Outlet Scunthorpe,eCigarette Outlet,,Vape Shop,E-cigarette specialist chain,Regional Chain,1,https://ecigaretteoutlet.co.uk,https://www.facebook.com/Ecigaretteoutlet/,,,14 Laneham Street,,Scunthorpe,Lincolnshire,DN15 6LJ,Yorkshire & Humber,England,,,,customer.service@ecigaretteoutlet.co.uk,,,,,,,,,,,,e-cigarettes; e-liquids; disposables; hardware,,Vape Shop,,Scunthorpe branch of the eCigarette Outlet regional chain (High Street / Laneham St). Shared brand email and website.,High,Multi-site retailer; Core relevant category; Public email available; Active website; Social presence,https://www.facebook.com/Ecigaretteoutlet/,https://vapeshop-nearme.com/listing/ecigarette-outlet-scunthorpe/,2,Yes,No,No,No,Not Found,Publicly Listed,2026-09-16,Partially Verified,Medium,,Business (B2B),Legitimate interest (B2B) - assess per campaign; PECR: corporate subscribers,,No,2026-09-16,New,2026-09-16,,,,,,
UK-000230,IVAPESTORE-01,iVape Store,iVape Harrogate,iVape Store,,Vape Shop,"Disposables, e-liquids & devices",Regional Chain,,https://ivapestore.co.uk/stores/ivape-harrogate,https://www.facebook.com/iVapeHarrogateUK/,,,8 Beulah Street,,Harrogate,North Yorkshire,HG1 1QQ,Yorkshire & Humber,England,01423 509009,,,,,,,,,,,,,,,disposable vapes; e-liquids; devices; accessories,,Vape Shop,,"Harrogate branch of the iVape Store chain (ivapestore.co.uk). Address 8 Beulah Street, phone from chain store page and iBegin/Yelp listings via search snippets. Note VPZ operates at 10 Beulah Street next door (national multiple, excluded).",High,Multi-site retailer; Core relevant category; Active website; Social presence,https://ivapestore.co.uk/stores/ivape-harrogate,https://harrogate.cylex-uk.co.uk/vape-shops/,2,No,No,No,No,Verified directory,Website Found,2026-09-16,Requires Verification,Medium,,Business (B2B),Legitimate interest (B2B) - assess per campaign; PECR: corporate subscribers,,No,2026-09-16,New,2026-09-16,,,,,,
WY-0047,WY-0047-01,,A & B Stores,A & B Stores,,Off-Licence,Off-licence / convenience,Independent,1,,,,,,,Bingley,West Yorkshire,,Yorkshire & Humber,England,,,,,,,,,,,,,,,,beers; wines; spirits; convenience lines,,Off-Licence,,Off-licence listed for Bingley; street address not captured - needs enrichment.,Low,Independent retailer; Relevant category,https://www.yorkshire.com/bingley/shopping/off-license/a-b-stores,,1,No,No,No,No,Not Found,Not Found,2026-09-16,Requires Verification,Low,,Business (B2B),Legitimate interest (B2B) - assess per campaign; PECR: corporate subscribers,,No,2026-09-16,New,2026-09-16,,,,,,
UK-000231,UK-000231-01,,A Touch of Glass,A Touch of Glass,,Vape Shop,E-cig and e-liquid shop,Independent,1,,,,,2 Chapel Street,,Bridlington,East Riding of Yorkshire,YO15 2DW,Yorkshire & Humber,England,01262 677677,,,,,,,,,,,,,,Totally Wicked,e-cigarettes; e-liquids; hardware,,Vape Shop,,Independent Bridlington vape shop; listed as a Totally Wicked stockist/affiliated store. Address 2 Chapel Street YO15 2DW.,Medium,Independent retailer; Core relevant category,https://ecigdirectory.co.uk/vape-shop/listing/a-touch-of-class-bridlington,https://www.totallywicked-eliquid.co.uk/stores/bridlington-e-cigs-e-liquid-touch-of-glass,2,No,No,No,No,Verified directory,Not Found,2026-09-16,Requires Verification,Medium,,Business (B2B),Legitimate interest (B2B) - assess per campaign; PECR: corporate subscribers,,No,2026-09-16,New,2026-09-16,,,,,,
UK-000232,UK-000232-01,,AA Off Licence,AA Off Licence,,Off-Licence,Off-licence / convenience,Independent,1,,,,,Hessle Road,,Kingston upon Hull,East Riding of Yorkshire,,Yorkshire & Humber,England,,,,,,,,,,,,,,,,"beers, wines & spirits; groceries; snacks",,Off-Licence,,"Independent off-licence/convenience store on Hessle Road, Hull; open 06:00-01:00 daily per listing. No postcode/phone in search results.",Low,Independent retailer; Relevant category,https://www.yorkshire.com/hull/shopping/off-license/aa-off-licence,,1,No,No,No,No,Not Found,Not Found,2026-09-16,Requires Verification,Low,,Business (B2B),Legitimate interest (B2B) - assess per campaign; PECR: corporate subscribers,,No,2026-09-16,New,2026-09-16,,,,,,
WY-0048,WY-0048-01,,AV & JI Stores,Premier AV & JI Stores (Sowerby Off Licence),,Convenience Store,Premier symbol group convenience store and off-licence,Franchise / Symbol Group,1,,https://www.facebook.com/people/Premier-AV-JI-Stores/61567311514140/,,,12 Albert Road,,Sowerby Bridge,West Yorkshire,HX6 2PA,Yorkshire & Humber,England,,,,,,,,,,,,,,,,"convenience; beers, wines and spirits",,Convenience Store,Premier symbol group (Booker),Independently owned store trading under the Premier fascia.,Medium,Independent retailer; Relevant category; Social presence,https://www.facebook.com/people/Premier-AV-JI-Stores/61567311514140/,https://www.yorkshire.com/sowerby-bridge/shopping/corner-shops/av-ji-stores-premier-sowerby-off-licence-,3,No,No,No,No,Not Found,Not Found,2026-09-16,Requires Verification,Medium,,Business (B2B),Legitimate interest (B2B) - assess per campaign; PECR: corporate subscribers,,No,2026-09-16,New,2026-09-16,,,,,,
UK-000233,UK-000233-01,,Agha Lounge,Agha Lounge,,Smoke / Shisha Shop,Shisha bar and restaurant,Independent,1,https://aghalounge.com/,,,,5 North Bank,,Sheffield,South Yorkshire,,Yorkshire & Humber,England,,,,,,,,,,,,,,,,shisha; Middle Eastern food; soft drinks,,Smoke / Shisha Shop,,Family-run Middle Eastern restaurant and shisha bar near Sheffield city centre (close to Victoria Quays). Postcode not captured from search results.,Medium,Independent retailer; Core relevant category; Active website,https://aghalounge.com/about-us/,,1,No,No,No,No,Not Found,Website Found,2026-09-16,Requires Verification,Low,,Business (B2B),Legitimate interest (B2B) - assess per campaign; PECR: corporate subscribers,,No,2026-09-16,New,2026-09-16,,,,,,
UK-000234,UK-000234-01,,Ainsty Farm Shop,Ainsty Farm Shop,,Independent Supermarket,"Farm shop, butchery, bakery & deli",Independent,1,https://www.ainstyfarmshop.co.uk/home.html,,,,York Road,Green Hammerton,York,North Yorkshire,YO26 8EQ,Yorkshire & Humber,England,01423 331897,,,,,,Stuart and Lily Beaton,Owners,https://www.tripadvisor.co.uk/Restaurant_Review-g1807555-d5494230-Reviews-Ainsty_Farm_Shop-Green_Hammerton_North_Yorkshire_England.html,,,,,,,butchery; bakery; deli; groceries; local produce,,Independent Supermarket,Sells quality local produce; began late 1990s as farmer-direct meat sales,"Independent farm shop at Green Hammerton near York (YO26 8EQ), open since 2000, owned/run by Stuart and Lily Beaton (publicly named in Tripadvisor/directory descriptions). Traditional butchery, bakery, deli, grocers and coffee shop. Address/phone from own site and FarmingUK / yellowsitesuk via search snippets.",Medium,Independent retailer; Relevant category; Active website; Phone verified on official website,https://www.ainstyfarmshop.co.uk/home.html,https://www.farminguk.com/agricultural-directory/ainsty-farm-shop_56319.html,3,No,No,No,No,Verified on official website,Website Found,2026-09-16,Requires Verification,Medium,,Business (B2B),Legitimate interest (B2B) - assess per campaign; PECR: corporate subscribers,,No,2026-09-16,New,2026-09-16,,,,,,
WY-0049,WY-0049-01,,Al-Falah Supermarket,Al-Falah Supermarket,,Independent Supermarket,Halal / international supermarket,Independent,1,,https://www.facebook.com/alfalahbradford/,,,150 Manningham Lane,Manningham,Bradford,West Yorkshire,,Yorkshire & Humber,England,,,,,,,,,,,,,,,,Bangladeshi/Indian/Pakistani groceries; fresh produce; frozen; catering supplies; household,,Independent Supermarket,,Serving Bradford's Manningham community for over 20 years per its own Facebook description (via search snippet).,Medium,Independent retailer; Relevant category; Social presence,https://www.facebook.com/alfalahbradford/,https://en.halalguide.me/bradford/produktoviy-magazin/al-falah-supermarket,2,No,No,No,No,Not Found,Not Found,2026-09-16,Requires Verification,Medium,,Business (B2B),Legitimate interest (B2B) - assess per campaign; PECR: corporate subscribers,,No,2026-09-16,New,2026-09-16,,,,,,
UK-000235,UK-000235-01,,Alchemist Vape Shop Parkgate,Alchemist Vape,,Vape Shop,"Vape, e-liquid and CBD shop",Independent,1,,https://www.facebook.com/AlchemistParkgate/,,,,Parkgate,Rotherham,South Yorkshire,,Yorkshire & Humber,England,,,,,,,,,,,,,,,,vape liquids; coils; CBD products,,Vape Shop,,"Independent vape shop in Parkgate, Rotherham; supplies vape liquids, coils and CBD. Only a Facebook page found; street address/postcode not captured.",Medium,Independent retailer; Core relevant category; Social presence,https://www.facebook.com/AlchemistParkgate/,,1,No,No,No,No,Not Found,Not Found,2026-09-16,Requires Verification,Low,,Business (B2B),Legitimate interest (B2B) - assess per campaign; PECR: corporate subscribers,,No,2026-09-16,New,2026-09-16,,,,,,
UK-000236,UK-000236-01,,Angel Smoke e-Cigarettes,Angel Smoke,,Vape Shop,E-cigarette shop (also fireworks),Independent,1,https://angelsmoke.co.uk,https://www.facebook.com/angelsmokeshop/,,,62-64 Rawmarsh Hill,Rawmarsh,Rotherham,South Yorkshire,S62 6EU,Yorkshire & Humber,England,01709 322634,,,,,,,,,,,,,,,e-cigarettes; e-liquids; vape kits; fireworks,,Vape Shop,,"Independent vape shop (trades as Angel Smoke Vape Shop & Rotherham Fireworks) in Rawmarsh, Rotherham. Address/postcode/phone from Chamber of Commerce and Wheree directory listings.",Medium,Independent retailer; Core relevant category; Active website; Social presence,https://www.chamberofcommerce.uk/business-directory/england/sheffield/miscellaneous/307306-angel-smoke-vape-shop-rotherham-fireworks,https://angel-smoke-vape-shop-rotherham-fireworks.wheree.com/,2,No,No,No,No,Verified directory,Website Found,2026-09-16,Requires Verification,Medium,,Business (B2B),Legitimate interest (B2B) - assess per campaign; PECR: corporate subscribers,,No,2026-09-16,New,2026-09-16,,,,,,
WY-0050,WY-0050-01,,Anwarsons Newsagency,Anwarsons Quality Tobacconists,,Newsagent,Newsagent and tobacconist,Independent,1,,,,,41 Bethel Street,,Brighouse,West Yorkshire,HD6 1JR,Yorkshire & Humber,England,01484 717622,,,,,,,,,,,,,,,news; tobacco; cigars; confectionery,,Newsagent,,Also listed as 'Anwarsons Quality Tobacconists' (MisterWhat) - dual newsagent/tobacconist offer.,Low,Independent retailer; Relevant category,https://thomsonlocal.com/search/Newsagents/Wyke-West-Yorkshire/Anwarsons-Newsagency/2652959/01484717622,https://www.misterwhat.co.uk/company/540928-anwarsons-quality-tobacconists-brighouse,3,No,No,No,No,Verified directory,Not Found,2026-09-16,Requires Verification,Medium,,Business (B2B),Legitimate interest (B2B) - assess per campaign; PECR: corporate subscribers,,No,2026-09-16,New,2026-09-16,,,,,,
WY-0051,WY-0051-01,,Armley Ridge Road Convenience Store & Off-Licence,Armley Ridge Road Convenience Store & Off-Licence,,Convenience Store,Convenience store with off-licence,Independent,1,,https://www.facebook.com/NoProblemArmley/,,,Armley Ridge Road,Armley,Leeds,West Yorkshire,,Yorkshire & Humber,England,,,,,,,,,,,,,,,,groceries; alcohol,,Convenience Store,,Active Facebook business page for an Armley convenience store and off-licence; street number not published in sources found.,Medium,Independent retailer; Relevant category; Social presence,https://www.facebook.com/NoProblemArmley/,,1,No,No,No,No,Not Found,Not Found,2026-09-16,Requires Verification,Low,,Business (B2B),Legitimate interest (B2B) - assess per campaign; PECR: corporate subscribers,,No,2026-09-16,New,2026-09-16,,,,,,
WY-0052,WY-0052-01,,Asia Foods,Asia Foods,,Independent Supermarket,Asian grocery and halal meat store,Independent,1,,,,,97-99 Yews Hill Road,Lockwood,Huddersfield,West Yorkshire,HD1 3SG,Yorkshire & Humber,England,01484 514828,,,,,,,,,,,,,,,Asian groceries; halal meat; fresh produce,,Independent Supermarket,,,Low,Independent retailer; Relevant category,https://asia-foods-huddersfield.edan.io/,https://www.yorkshire.com/huddersfield/shopping/grocers/asia-foods,2,No,No,No,No,Verified directory,Not Found,2026-09-16,Requires Verification,Medium,,Business (B2B),Legitimate interest (B2B) - assess per campaign; PECR: corporate subscribers,,No,2026-09-16,New,2026-09-16,,,,,,
WY-0053,WY-0053-01,,Azeem's Vape Shop,Azeem's Vape Shop,Azeems Vape Shop Ltd,Vape Shop,"Vape shop with CBD, e-liquids, drinks",Independent,1,https://azeemsvapeshop.co.uk/,https://www.facebook.com/azeemskeighley1/,https://www.instagram.com/azeems_vape_shop/,,130 Lawkholme Lane,,Keighley,West Yorkshire,BD21 3LU,Yorkshire & Humber,England,01535 213920,,,info@azeemsvapeshop.co.uk,,,,,,13574720,Dissolved,AZEEMS VAPE SHOP LTD,,,,vapes; e-liquids; CBD; drinks; electronics,,Vape Shop,,"Open 7 days 10am-10pm, 100+ e-liquid flavours. CAUTION: Companies House shows Azeems Vape Shop Ltd (13574720) dissolved 7 July 2026 per search snippet - shop may continue trading under a different entity; verify current trading status before contact.",High,Independent retailer; Core relevant category; Public email available; Active website; Social presence,https://azeemsvapeshop.co.uk/contact/,https://find-and-update.company-information.service.gov.uk/company/13574720,3,No,No,Yes,Yes,Verified directory,Website Found,2026-09-16,Partially Verified,Medium,,Business (B2B),Legitimate interest (B2B) - assess per campaign; PECR: corporate subscribers,,No,2026-09-16,New,2026-09-16,,,,,,
WY-0054,WY-0054-01,,Azeem's Vape Shop,Azeem's Vape Shop,,Vape Shop,,Independent,1,,,,,,,Todmorden,West Yorkshire,,Yorkshire & Humber,England,,,,,,,,,,,,,,,,vapes,,Vape Shop,,Listed among Todmorden vape shops on Yelp and on tobaccoshops.co.uk; street address not captured before search budget was exhausted.,Medium,Independent retailer; Core relevant category,https://tobaccoshops.co.uk/05958051/Azeem%E2%80%99s_vape_shop,https://www.yelp.com/search?cflt=vapeshops&find_loc=Todmorden%2C+West+Yorkshire,2,No,No,No,No,Not Found,Not Found,2026-09-16,Requires Verification,Low,,Business (B2B),Legitimate interest (B2B) - assess per campaign; PECR: corporate subscribers,,No,2026-09-16,New,2026-09-16,,,,,,
WY-0055,WY-0055-01,,BGC Wholesale,BGC Wholesale (rebranding to Tiger Feet),BGC Wholesale Ltd,Cash & Carry,"Greeting cards, gifts & retail sundries wholesaler",Independent,1,https://bgcwholesale.com/locations/bradford,,,,12 Roydsdale Way,Euroway Estate,Bradford,West Yorkshire,BD4 6SE,Yorkshire & Humber,England,01274 651059,,,,,,,,,12428420,,BGC WHOLESALE LTD,,,,greeting cards; gifts; retail sundries,,Cash & Carry,,"Supplies independent retailers with cards/gifts at competitive prices. Recent listings show a rebrand to 'Tiger Feet Limited (previously BGC Wholesale)' - confirm current trading name. Linked historically to Budget Greeting Cards Ltd, Bradford.",Medium,Independent retailer; Core relevant category; Active website,https://find-and-update.company-information.service.gov.uk/company/12428420/officers,https://bradford.cylex-uk.co.uk/company/bgc-wholesale-ltd-27159538.html,3,No,No,No,Yes,Verified directory,Website Found,2026-09-16,Partially Verified,Medium,,Business (B2B),Legitimate interest (B2B) - assess per campaign; PECR: corporate subscribers,,No,2026-09-16,New,2026-09-16,,,,,,
WY-0056,WY-0056-01,,Baildon Green Convenience Store,Baildon Green Convenience Store,,Convenience Store,Neighbourhood convenience store,Independent,1,,,,,Cliffe Lane West,Baildon,Shipley,West Yorkshire,,Yorkshire & Humber,England,,,,,,,,,,,,,,,,convenience lines; groceries,,Convenience Store,,"Open 7 days, 7am-11pm per listing snippet.",Low,Independent retailer; Relevant category,https://www.yorkshire.com/shipley/shopping/corner-shops/baildon-green-convenience-store,,1,No,No,No,No,Not Found,Not Found,2026-09-16,Requires Verification,Low,,Business (B2B),Legitimate interest (B2B) - assess per campaign; PECR: corporate subscribers,,No,2026-09-16,New,2026-09-16,,,,,,
WY-0057,WY-0057-01,,Baildon Off Licence,Baildon Off Licence,,Off-Licence,Neighbourhood off-licence,Independent,1,,,,,Coach Road,Baildon,Shipley,West Yorkshire,,Yorkshire & Humber,England,,,,,,,,,,,,,,,,beers; wines; spirits; convenience lines,,Off-Licence,,"Coach Road, Baildon (Saltaire side). Google rating 4.3; open Mon-Sat 9am-8pm, Sun 10am-6pm per listing snippet.",Low,Independent retailer; Relevant category,https://www.yorkshire.com/saltaire/shopping/off-license/baildon-off-licence,,1,No,No,No,No,Not Found,Not Found,2026-09-16,Requires Verification,Low,,Business (B2B),Legitimate interest (B2B) - assess per campaign; PECR: corporate subscribers,,No,2026-09-16,New,2026-09-16,,,,,,
WY-0058,WY-0058-01,,Bar Market,Bar Market Ltd,,Off-Licence,24-hour off-licence,Independent,1,,,,,Crown Street,,Halifax,West Yorkshire,,Yorkshire & Humber,England,,,,,,,,,,,,,,,,"beers, wines and spirits",,Off-Licence,,Described as open 24/7. Directory name suggests a limited company but no Companies House match was verified; street number and postcode not captured.,Low,Independent retailer; Relevant category,https://www.yorkshire.com/halifax/shopping/off-license/bar-market-ltd,,1,No,No,No,No,Not Found,Not Found,2026-09-16,Requires Verification,Low,,Business (B2B),Legitimate interest (B2B) - assess per campaign; PECR: corporate subscribers,,No,2026-09-16,New,2026-09-16,,,,,,
UK-000237,UK-000237-01,,Bargains Cash & Carry Ltd,Bargains Cash & Carry,,Cash & Carry,Cash & carry wholesaler,Independent,1,,,,,,,Sheffield,South Yorkshire,,Yorkshire & Humber,England,,,,,,,,,,,,,,,,grocery wholesale; confectionery; soft drinks; household,,Cash & Carry,,Independent cash & carry wholesaler in Sheffield listed on Cylex; street address/postcode not captured from search snippet.,Medium,Independent retailer; Core relevant category,https://sheffield.cylex-uk.co.uk/company/bargains-cash---carry-ltd-27419816.html,,1,No,No,No,No,Not Found,Not Found,2026-09-16,Requires Verification,Low,,Business (B2B),Legitimate interest (B2B) - assess per campaign; PECR: corporate subscribers,,No,2026-09-16,New,2026-09-16,,,,,,
WY-0059,WY-0059-01,,Barry's Cash & Carry,Cut Price Barry's / Barrys Cash and Carry,BARRY'S CASH & CARRY LTD,Cash & Carry,Clearance food and drink cash & carry (open to trade and public),Independent,1,http://www.cutpricebarrys.co.uk/,https://www.facebook.com/p/Barrys-Cash-Carry-61550239916577/,https://www.instagram.com/barryscashandcarry/,,163 King Cross Road,,Halifax,West Yorkshire,HX1 3LN,Yorkshire & Humber,England,01422 646060,,,info@cutpricebarrys.co.uk,,,,,,11123434,Active - Active proposal to strike off,BARRY'S CASH & CARRY LTD,"163 King Cross Road, Halifax, United Kingdom, HX1 3LN",2017-12-22,,clearance food; drinks; novelty items; wholesale,,Cash & Carry,,SIC 46900 non-specialised wholesale trade. CAUTION: Companies House shows 'Active proposal to strike off' and overdue accounts - check current trading/legal status before outreach. Email taken from a business directory listing that mirrors the company's own domain; own-site contact page could not be fetched (egress blocked).,High,Independent retailer; Core relevant category; Public email available; Active website; Social presence,https://cutpricebarrys.co.uk/barrys-cash-and-carry/,https://find-and-update.company-information.service.gov.uk/company/11123434,5,No,No,No,Yes,Verified directory,Unverified,2026-09-16,Partially Verified,Medium,,Business (B2B),Legitimate interest (B2B) - assess per campaign; PECR: corporate subscribers,,No,2026-09-16,New,2026-09-16,,,,,,
WY-0060,WY-0060-01,,Batley Bargain Centre,Batley Bargain Centre,,Other Relevant Retail,Mobile phone and gadget store also selling vapes,Independent,1,https://www.batleybargaincentre.com/,https://www.facebook.com/p/Batley-bargain-centre-100089268260696/,https://www.instagram.com/batleybargainscentre/,,,,Batley,West Yorkshire,WF17 5DA,Yorkshire & Humber,England,01924 475600,,,javorange@yahoo.co.uk,,,,,,,,,,,,vape products; mobile phones; gadgets,,Other Relevant Retail,,Own website describes it as a phone and gadget store with a vape shop offer; site fetch blocked by proxy so address/phone not captured.,Medium,Independent retailer; Public email available; Active website; Social presence,https://www.batleybargaincentre.com/,https://www.misterwhat.co.uk/company/550608-batley-bargain-centre-batley,2,No,No,Yes,No,Verified directory,Website Found,2026-09-16,Partially Verified,Medium,,Business (B2B),Legitimate interest (B2B) - assess per campaign; PECR: corporate subscribers,,No,2026-09-16,New,2026-09-16,,,,,,
WY-0061,WY-0061-01,,Beer Ritz,Beer Ritz,,Off-Licence,Specialist craft beer off-licence,Independent,1,https://www.beerritz.co.uk/,https://www.facebook.com/beerritz/,https://www.instagram.com/beerritzleeds/,https://x.com/beerritzleeds,14 Weetwood Lane,Far Headingley,Leeds,West Yorkshire,LS16 5LX,Yorkshire & Humber,England,0113 275 3464,,,,sales@beerritz.co.uk,,,,,,,,,,,craft beer; bottled beer; wine; spirits,,Off-Licence,,Well-known specialist beer shop in Far Headingley with online store; open 12:00-21:00 daily.,High,Independent retailer; Relevant category; Public trade/sales contact; Active website; Social presence,https://www.beerritz.co.uk/contact-us,https://www.yelp.co.uk/biz/beer-ritz-leeds,3,No,No,Yes,No,Verified directory,Website Found,2026-09-16,Partially Verified,Medium,,Business (B2B),Legitimate interest (B2B) - assess per campaign; PECR: corporate subscribers,,No,2026-09-16,New,2026-09-16,,,,,,
WY-0062,WY-0062-01,,Bespoke Shisha,Bespoke Shisha,,Smoke / Shisha Shop,Shisha supplies,Independent,1,,,,,40 Low Road,,Dewsbury,West Yorkshire,WF13 3PP,Yorkshire & Humber,England,,,,,,,,,,,,,,,,shisha pipes; shisha flavours; smoking accessories,,Smoke / Shisha Shop,,Single directory listing (Suitable For Vegetarian business directory) giving full address; no phone or website found.,Medium,Independent retailer; Core relevant category,https://suitableforvegetarian.com/business/detail/bespoke-shisha,,1,No,No,No,No,Not Found,Not Found,2026-09-16,Requires Verification,Low,,Business (B2B),Legitimate interest (B2B) - assess per campaign; PECR: corporate subscribers,,No,2026-09-16,New,2026-09-16,,,,,,
WY-0063,WY-0063-01,,Best Choice Wholesale,Best Choice Wholesale,,Cash & Carry,General cash & carry supplying convenience retailers,Independent,1,https://www.bestchoicewholesale.co.uk/,,,,"Unit 5, Sheepscar House, Sheepscar Street South",Sheepscar,Leeds,West Yorkshire,LS7 1AD,Yorkshire & Humber,England,0113 531 6345,,,info@bestchoicewholesale.co.uk,,,,,,,,,,,,food and drink; smoking accessories; vapes; household; cleaning; sweets; shop supplies,,Cash & Carry,,"Supplies convenience retailers, corner shops, off-licences, pharmacies and market traders. Contact details as published on their own contact-us page (surfaced via search results; direct fetch blocked by proxy). Strong wholesale prospect - stocks vapes and smoking accessories.",High,Independent retailer; Core relevant category; Public email available; Active website; Phone verified on official website,https://www.bestchoicewholesale.co.uk/contact-us/,https://www.yell.com/biz/best-choice-wholesale-leeds-9089835/,3,No,No,No,No,Verified on official website,Publicly Listed,2026-09-16,Requires Verification,Medium,,Business (B2B),Legitimate interest (B2B) - assess per campaign; PECR: corporate subscribers,,No,2026-09-16,New,2026-09-16,,,,,,
UK-000238,UK-000238-01,,Beverley International Foods,Beverley International Foods,,Independent Supermarket,International / Polish foods supermarket,Independent,1,,,,,Beverley Road,,Kingston upon Hull,East Riding of Yorkshire,,Yorkshire & Humber,England,,,,,,,,,,,,,,,,Polish foods; world foods; groceries,,Independent Supermarket,,"Independent international/Polish supermarket on Beverley Road, Hull. No postcode/phone in search results.",Low,Independent retailer; Relevant category,https://www.yorkshire.com/hull/shopping/supermarkets/beverley-international-foods,,1,No,No,No,No,Not Found,Not Found,2026-09-16,Requires Verification,Low,,Business (B2B),Legitimate interest (B2B) - assess per campaign; PECR: corporate subscribers,,No,2026-09-16,New,2026-09-16,,,,,,
WY-0064,WY-0064-01,,Big D Vapes,Big D Vapes & Dry Herb Vape Lounge,Big D Vapes Ltd,Vape Shop,Vape shop and dry herb vape lounge,Independent,1,,https://www.facebook.com/BigDVapesSlaithwaite,,,1139 Manchester Road,,Slaithwaite,West Yorkshire,HD7 5LU,Yorkshire & Humber,England,01484 843253,,,,,,,,,12029439,,BIG D VAPES LTD,,,,vape hardware; e-liquids; dry herb vaporisers,,Vape Shop,,"Serves Colne Valley villages (Slaithwaite, Marsden, Linthwaite, Meltham) per its Facebook posts. A Tripadvisor listing also shows a Big D Vapes in Holmfirth; not separately confirmed so only the Slaithwaite site is recorded. Companies House match BIG D VAPES LTD 12029439 seen in search results.",Medium,Independent retailer; Core relevant category; Social presence,https://find-and-update.company-information.service.gov.uk/company/12029439,https://www.facebook.com/BigDVapesSlaithwaite,4,No,No,No,No,Verified directory,Not Found,2026-09-16,Requires Verification,Medium,,Business (B2B),Legitimate interest (B2B) - assess per campaign; PECR: corporate subscribers,,No,2026-09-16,New,2026-09-16,,,,,,
WY-0065,WY-0065-01,,Bingley Vape Shop,Bingley Vape Shop,Bingley Vape Shop Ltd,Vape Shop,"Vape shop, e-cigs, smoking accessories, phone cases",Independent,1,,https://www.facebook.com/BingleyVapeShop/,,,67-69 Main Street,,Bingley,West Yorkshire,BD16 2JA,Yorkshire & Humber,England,01535 213290,,,,,,,,,11788618,,BINGLEY VAPE SHOP LTD,"67-69 Main Street, Bingley, West Yorkshire, BD16 2JA",,,vape hardware; e-liquids; smoking accessories,,Vape Shop,,Registered office matches the shop address (per Companies House search snippet). Phone taken from search-result summary of its Facebook/directory listing - confirm before use.,Medium,Independent retailer; Core relevant category; Social presence,https://find-and-update.company-information.service.gov.uk/company/11788618,https://www.facebook.com/BingleyVapeShop/,2,No,No,No,Yes,Unverified,Not Found,2026-09-16,Partially Verified,Medium,,Business (B2B),Legitimate interest (B2B) - assess per campaign; PECR: corporate subscribers,,No,2026-09-16,New,2026-09-16,,,,,,
WY-0066,WY-0066-01,,Boothtown Post Office & Off-Licence,Boothtown Post Office & Off-Licence,,Off-Licence,Off-licence with post office counter,Independent,1,,,,,,Boothtown,Halifax,West Yorkshire,,Yorkshire & Humber,England,,,,,,,,,,,,,,,,"beers, wines and spirits; post office services; convenience",,Off-Licence,,Found via Halifax Courier local directory search listing; street address and phone not captured before search budget was exhausted.,Low,Independent retailer; Relevant category,https://findit.halifaxcourier.co.uk/search/halifax/off-licence,,1,No,No,No,No,Not Found,Not Found,2026-09-16,Requires Verification,Low,,Business (B2B),Legitimate interest (B2B) - assess per campaign; PECR: corporate subscribers,,No,2026-09-16,New,2026-09-16,,,,,,
WY-0067,WY-0067-01,,Booze Express,Booze Express Halifax,,Off-Licence,,Independent,1,,,,https://nextdoor.co.uk/pages/booze-express-halifax/,520 Gibbet Street,,Halifax,West Yorkshire,HX2 0AH,Yorkshire & Humber,England,,,,,,,,,,,,,,,,"beers, wines and spirits; snacks",,Off-Licence,,"A company named BOOZE EXPRESS HALIFAX LTD (10264056) was dissolved 19 Nov 2019; the shop is still listed as trading on local directories, so it may now operate under a different legal entity - verify before outreach.",Medium,Independent retailer; Relevant category; Social presence,https://find-and-update.company-information.service.gov.uk/company/10264056,https://findit.halifaxcourier.co.uk/company/1155715525128193,3,No,No,No,Yes,Not Found,Not Found,2026-09-16,Partially Verified,Low,,Business (B2B),Legitimate interest (B2B) - assess per campaign; PECR: corporate subscribers,,No,2026-09-16,New,2026-09-16,,,,,,
WY-0068,WY-0068-01,,Bottle and Bean,Bottle and Bean,,Off-Licence,"Wine, craft beer and coffee shop",Independent,1,,,,,,,Wetherby,West Yorkshire,,Yorkshire & Humber,England,,,,,,,,,,,,,,,,wine; craft beer; coffee,,Off-Licence,,"Independent off-licence in Wetherby offering quality wines, craft beers and coffee; street address not captured - follow up.",Low,Independent retailer; Relevant category,https://www.yorkshire.com/wetherby/shopping/off-license/bottle-and-bean,,1,No,No,No,No,Not Found,Not Found,2026-09-16,Requires Verification,Low,,Business (B2B),Legitimate interest (B2B) - assess per campaign; PECR: corporate subscribers,,No,2026-09-16,New,2026-09-16,,,,,,
WY-0069,WY-0069-01,,Bridge Off Licence Convenience Store,Bridge Off Licence Convenience Store,,Off-Licence,Off-licence and convenience store,Independent,1,,,,,,,Sowerby Bridge,West Yorkshire,,Yorkshire & Humber,England,,,,,,,,,,,,,,,,"beers, wines and spirits; convenience",,Off-Licence,,Street address not published in the directory listing found.,Low,Independent retailer; Relevant category,https://www.yorkshire.com/sowerby-bridge/shopping/off-license/bridge-off-licence-convenience-store,,1,No,No,No,No,Not Found,Not Found,2026-09-16,Requires Verification,Low,,Business (B2B),Legitimate interest (B2B) - assess per campaign; PECR: corporate subscribers,,No,2026-09-16,New,2026-09-16,,,,,,
WY-0070,WY-0070-01,,Brooks News,Brooks News,,Newsagent,,Independent,1,,,,,19 Church Lane,,Pudsey,West Yorkshire,LS28 7LD,Yorkshire & Humber,England,0113 257 3382,,,,,,,,,,,,,,,newspapers; magazines; confectionery; tobacco,,Newsagent,,,Low,Independent retailer; Relevant category,https://www.thomsonlocal.com/search/newsagents/morley-west-yorkshire,https://findit.yorkshireeveningpost.co.uk/search/leeds/newsagent,2,No,No,No,No,Verified directory,Not Found,2026-09-16,Requires Verification,Medium,,Business (B2B),Legitimate interest (B2B) - assess per campaign; PECR: corporate subscribers,,No,2026-09-16,New,2026-09-16,,,,,,
WY-0071,WY-0071-01,,C Booth and Son,C Booth and Son,,Tobacco Specialist,Hardware store and specialist tobacconist,Independent,1,,,,,Cross Church Street,Town Centre,Huddersfield,West Yorkshire,,Yorkshire & Humber,England,,,,,,,,,,,,,,,,pipe tobacco; hand-rolling tobacco; cigars; hardware and household goods,,Tobacco Specialist,,"150+ year old family shop, described in press coverage as the only specialist tobacconist in Huddersfield; sells pipe and hand-rolling tobacco and cigars alongside hardware.",Medium,Independent retailer; Core relevant category,https://www.examinerlive.co.uk/news/west-yorkshire-news/the-shop-sells-everything-c-9967957,,1,No,No,No,No,Not Found,Not Found,2026-09-16,Requires Verification,Low,,Business (B2B),Legitimate interest (B2B) - assess per campaign; PECR: corporate subscribers,,No,2026-09-16,New,2026-09-16,,,,,,
UK-000239,UK-000239-01,,CK Fast Food Suppliers,CK Fast Food Suppliers,,Cash & Carry,Foodservice wholesale,Independent,1,https://www.ckfastfoods.com,,,,70 Northumberland Avenue,,Kingston upon Hull,East Riding of Yorkshire,,Yorkshire & Humber,England,,,,,,,,,,,,,,,,fast food supplies; wholesale catering goods,,Cash & Carry,,"Cash & carry wholesaler / fast food supplier, 70 Northumberland Avenue, Hull. Own website ckfastfoods.com. No postcode/phone in search results.",Medium,Independent retailer; Core relevant category; Active website,https://www.ckfastfoods.com/categories,,1,Yes,No,No,No,Not Found,Not Found,2026-09-16,Partially Verified,Low,,Business (B2B),Legitimate interest (B2B) - assess per campaign; PECR: corporate subscribers,,No,2026-09-16,New,2026-09-16,,,,,,
WY-0072,WY-0072-01,,Carlton Self Service,Carlton Self Service,,Newsagent,Newsagent and self-service store,Independent,1,,,,,6-8 Swanhill Lane,,Pontefract,West Yorkshire,WF8 2SE,Yorkshire & Humber,England,01977 780317,,,,,,,,,,,,,,,news and magazines; tobacco; confectionery; convenience,,Newsagent,,,Low,Independent retailer; Relevant category,https://www.thomsonlocal.com/search/newsagents/wakefield-pontefract-castleford/carlton-self-service/1650013/01977780317,,1,No,No,No,No,Verified directory,Not Found,2026-09-16,Requires Verification,Medium,,Business (B2B),Legitimate interest (B2B) - assess per campaign; PECR: corporate subscribers,,No,2026-09-16,New,2026-09-16,,,,,,
WY-0073,WY-0073-01,,Caspar's Bottle Shop,Caspar's Bottle Shop,,Off-Licence,Craft beer bottle shop,Independent,1,https://www.casparsbottleshop.com/,https://www.facebook.com/casparsbottleshop/,,,65 Potternewton Lane,Chapel Allerton,Leeds,West Yorkshire,LS7 3LW,Yorkshire & Humber,England,0113 237 4554,,,,,,,,,,,,,,,craft beer; cider; wine,,Off-Licence,,"Chapel Allerton's independent craft beer shop; open Tue-Sat 12:30-20:00, Sun 12:30-16:00.",Medium,Independent retailer; Relevant category; Active website; Social presence,https://www.casparsbottleshop.com/,https://leeds.cylex-uk.co.uk/company/caspar's-bottle-shop-26660090.html,3,No,No,No,No,Verified directory,Website Found,2026-09-16,Requires Verification,Medium,,Business (B2B),Legitimate interest (B2B) - assess per campaign; PECR: corporate subscribers,,No,2026-09-16,New,2026-09-16,,,,,,
WY-0074,WY-0074-01,,Castleford Road Off Licence,Castleford Road Off Licence,Castleford Road Off Licence Limited,Off-Licence,Off-licence and convenience store,Independent,1,,,,,154 Castleford Road,,Normanton,West Yorkshire,WF6 2EU,Yorkshire & Humber,England,01924 223984,,,,,,,,,,,,,,,alcohol; tobacco; convenience grocery,,Off-Licence,,Trades as a limited company per 192.com listing ('Castleford Road Off Licence Limited'); Companies House record not yet verified.,Low,Independent retailer; Relevant category,https://www.192.com/atoz/business/normanton-wf6/convenience-stores/castleford-road-off-licence-limited/bb1e65f2f01c9a4208fc92bb1c8fdf5da42be2ec/comp/,https://ratings.food.gov.uk/business/283424,2,No,No,No,No,Verified directory,Not Found,2026-09-16,Requires Verification,Medium,,Business (B2B),Legitimate interest (B2B) - assess per campaign; PECR: corporate subscribers,,No,2026-09-16,New,2026-09-16,,,,,,
WY-0075,WY-0075-01,,Charlesworths,Charlesworths,,Newsagent,"Newsagent, stationer, toys and confectionery",Independent,1,,,,,27 Victoria Street,,Holmfirth,West Yorkshire,HD9 7DF,Yorkshire & Humber,England,01484 681111,,,,,,,,,,,,,,,newspapers; magazines; confectionery; toys; stationery,,Newsagent,,"Newsagent trading on this site since 1891 per Holmfirth Local History Group. A 'CHARLESWORTHS (YORKSHIRE) LIMITED' exists at Companies House but was not confirmed as the same business, so not recorded.",Low,Independent retailer; Relevant category,https://myindex.co.uk/charlesworths.htm,https://citikey.uk/display/charlesworths-B1CQZ,3,No,No,No,No,Verified directory,Not Found,2026-09-16,Requires Verification,Medium,,Business (B2B),Legitimate interest (B2B) - assess per campaign; PECR: corporate subscribers,,No,2026-09-16,New,2026-09-16,,,,,,
UK-000240,UK-000240-01,,Chong Wah Oriental Supermarket,Chong Wah Oriental Supermarket,,Independent Supermarket,Asian / oriental supermarket,Independent,1,,,,,Union Street,,Kingston upon Hull,East Riding of Yorkshire,,Yorkshire & Humber,England,,,,,,,,,,,,,,,,Asian groceries; oriental foods; fresh produce,,Independent Supermarket,,"Independent oriental/Asian supermarket on Union Street, Hull. No postcode/phone in search results.",Low,Independent retailer; Relevant category,https://www.yorkshire.com/hull/shopping/supermarkets/chong-wah-oriental-supermarket,,1,No,No,No,No,Not Found,Not Found,2026-09-16,Requires Verification,Low,,Business (B2B),Legitimate interest (B2B) - assess per campaign; PECR: corporate subscribers,,No,2026-09-16,New,2026-09-16,,,,,,
UK-000241,UK-000241-01,,Cirrus Vape Hull,Cirrus Vape,,Vape Shop,E-cigarette shop,Independent,1,,https://www.facebook.com/cirrusvapecirrusvape/,,,,,Kingston upon Hull,East Riding of Yorkshire,,Yorkshire & Humber,England,,,,,,,,,,,,,,,,e-cigarettes; e-liquids,,Vape Shop,,Independent vape shop listed on Facebook. No address/phone published in search results.,Medium,Independent retailer; Core relevant category; Social presence,https://www.facebook.com/cirrusvapecirrusvape/,,1,No,No,No,No,Not Found,Not Found,2026-09-16,Requires Verification,Low,,Business (B2B),Legitimate interest (B2B) - assess per campaign; PECR: corporate subscribers,,No,2026-09-16,New,2026-09-16,,,,,,
WY-0076,WY-0076-01,,Costcutter Wibsey,Costcutter,,Convenience Store,Symbol-group convenience store,Franchise / Symbol Group,1,https://store-locator.costcutter.co.uk/costcutter-b8ba71542351,,,,48 Holroyd Hill,Wibsey,Bradford,West Yorkshire,BD6 1PQ,Yorkshire & Humber,England,01274 723454,,,,,,,,,,,,,,,convenience lines; groceries; alcohol; news,,Convenience Store,,Independently owned Costcutter symbol store in Wibsey; address confirmed via Costcutter store locator and local directory listings.,Medium,Independent retailer; Relevant category; Active website,https://www.yorkshire.com/wibsey/shopping/corner-shops/costcutter-15,https://www.locaji.co.uk/west-yorkshire/bradford/costcutter/1616/,3,No,No,No,No,Verified directory,Not Found,2026-09-16,Requires Verification,Medium,,Business (B2B),Legitimate interest (B2B) - assess per campaign; PECR: corporate subscribers,,No,2026-09-16,New,2026-09-16,,,,,,
WY-0077,WY-0077-01,,Cote Hill Filling Station,Cote Hill Filling Station,,Petrol Station / Forecourt,Esso-branded independent forecourt with shop,Independent,1,https://www.cotehillhalifax.co.uk/,https://www.facebook.com/cotehillhalifax/,,,Burnley Road,Cote Hill / King Cross (between Halifax and Sowerby Bridge),Halifax,West Yorkshire,HX2 7NB,Yorkshire & Humber,England,01422 835350,,,cotehillhalifax@gmail.com,,,,,,,,,,,,"fuel (unleaded, diesel, Synergy 99+, gas oil); forecourt shop; car wash",,Petrol Station / Forecourt,Esso fuel supply,"Independent family forecourt with its own website and Facebook page; open Mon-Sat 06:00-21:00, Sun 07:00-21:00. Website fetch blocked so phone/email not captured.",Medium,Independent retailer; Relevant category; Public email available; Active website; Social presence,https://www.cotehillhalifax.co.uk/,https://www.yell.com/biz/cote-hill-filling-station-halifax-994009/,3,No,No,Yes,No,Verified directory,Website Found,2026-09-16,Partially Verified,Medium,,Business (B2B),Legitimate interest (B2B) - assess per campaign; PECR: corporate subscribers,,No,2026-09-16,New,2026-09-16,,,,,,
UK-000242,UK-000242-01,,Cram Vape Doncaster,Cram Vape,,Vape Shop,Vape shop,Independent,1,https://cram-vape.ueniweb.com/,,,,,,Doncaster,South Yorkshire,,Yorkshire & Humber,England,,,,,,,,,,,,,,,,vape hardware; kits; mods; accessories; e-liquids,,Vape Shop,,Independent Doncaster vape shop with a UENI web listing; street address/postcode not captured from search results.,Medium,Independent retailer; Core relevant category; Active website,https://cram-vape.ueniweb.com/,,1,No,No,No,No,Not Found,Website Found,2026-09-16,Requires Verification,Low,,Business (B2B),Legitimate interest (B2B) - assess per campaign; PECR: corporate subscribers,,No,2026-09-16,New,2026-09-16,,,,,,
WY-0078,WY-0078-01,,Crazycloudzzz,Crazycloudzzz,,Vape Shop,,Independent,1,,,,,20 Bull Green,,Halifax,West Yorkshire,HX1 5AB,Yorkshire & Humber,England,,,,,,,,,,,,,,,,vapes; e-liquids,,Vape Shop,,,Medium,Independent retailer; Core relevant category,https://www.yell.com/s/tobacconists-halifax.html,,1,No,No,No,No,Not Found,Not Found,2026-09-16,Requires Verification,Low,,Business (B2B),Legitimate interest (B2B) - assess per campaign; PECR: corporate subscribers,,No,2026-09-16,New,2026-09-16,,,,,,
WY-0079,WY-0079-01,,Crossroads Off Licence & Newsagent,Crossroads Off Licence & Newsagent,,Off-Licence,Off-licence and newsagent,Independent,1,,,,,19 Cross Road,,Wakefield,West Yorkshire,,Yorkshire & Humber,England,,,,,,,,,,,,,,,,alcohol; news and magazines; tobacco; convenience,,Off-Licence,,,Low,Independent retailer; Relevant category,https://m.yelp.com/biz/crossroads-off-licence-and-newsagent-wakefield,,1,No,No,No,No,Not Found,Not Found,2026-09-16,Requires Verification,Low,,Business (B2B),Legitimate interest (B2B) - assess per campaign; PECR: corporate subscribers,,No,2026-09-16,New,2026-09-16,,,,,,
WY-0080,WY-0080-01,,Dhillon's Newsagents,Dhillon's Newsagents,,Newsagent,,Independent,1,,,,,151 Broad Lane,Bramley,Leeds,West Yorkshire,LS13 2JJ,Yorkshire & Humber,England,0113 257 8085,,,,,,,,,,,,,,,newspapers; magazines; confectionery; tobacco,,Newsagent,,,Low,Independent retailer; Relevant category,https://findit.yorkshireeveningpost.co.uk/search/leeds/newsagent,https://www.192.com/atoz/business/leeds/newsagents/,2,No,No,No,No,Verified directory,Not Found,2026-09-16,Requires Verification,Medium,,Business (B2B),Legitimate interest (B2B) - assess per campaign; PECR: corporate subscribers,,No,2026-09-16,New,2026-09-16,,,,,,
WY-0081,WY-0081-01,,ECigarette Outlet,ECigarette Outlet,,Vape Shop,E-cigarette retailer,Independent,1,,,,,27 Kirkgate,,Shipley,West Yorkshire,BD18 3QW,Yorkshire & Humber,England,,,,,,,,,,,,,,,,vape hardware; e-liquids,,Vape Shop,,Listed in the UK eCig Directory with full Shipley town-centre address.,Medium,Independent retailer; Core relevant category,https://ecigdirectory.co.uk/vape-shop/listing/ecigarette-outlet-shipley,,1,No,No,No,No,Not Found,Not Found,2026-09-16,Requires Verification,Medium,,Business (B2B),Legitimate interest (B2B) - assess per campaign; PECR: corporate subscribers,,No,2026-09-16,New,2026-09-16,,,,,,
WY-0082,WY-0082-01,,Ecig N Vape,Ecig N Vape,,Vape Shop,Vape retailer,Independent,1,,,,,49 Market Street,,Heckmondwike,West Yorkshire,WF16 0EU,Yorkshire & Humber,England,01924 402342,,,,,,,,,,,,,,,vape hardware; e-liquids; disposable vapes,,Vape Shop,,,Medium,Independent retailer; Core relevant category,https://heckmondwike.cylex-uk.co.uk/company/ecig-n-vape-26993170.html,https://www.tripadvisor.co.uk/Attraction_Review-g3207739-d28330163-Reviews-Ecig_N_Vape-Heckmondwike_Dewsbury_West_Yorkshire_England.html,2,No,No,No,No,Verified directory,Not Found,2026-09-16,Requires Verification,Medium,,Business (B2B),Legitimate interest (B2B) - assess per campaign; PECR: corporate subscribers,,No,2026-09-16,New,2026-09-16,,,,,,
UK-000243,UK-000243-01,,Ecigbox Northallerton,Ecigbox,,Vape Shop,E-cigarette & e-liquid shop,Independent,1,,https://www.facebook.com/Ecigboxnorthallerton/,,,231 High Street,,Northallerton,North Yorkshire,DL7 8LU,Yorkshire & Humber,England,,,,,,,,,,,,,,,,e-cigarettes; e-liquids,,Vape Shop,,"Independent Northallerton vape shop at 231 High Street (DL7 8LU) per eCig Directory listing and Facebook page, via search snippets. No phone surfaced.",Medium,Independent retailer; Core relevant category; Social presence,https://www.facebook.com/Ecigboxnorthallerton/,https://ecigdirectory.co.uk/vape-shop/listing/ecigbox-northallerton,2,No,No,No,No,Not Found,Not Found,2026-09-16,Requires Verification,Low,,Business (B2B),Legitimate interest (B2B) - assess per campaign; PECR: corporate subscribers,,No,2026-09-16,New,2026-09-16,,,,,,
WY-0083,WY-0083-01,,Emporium Vapez,Emporium Vapez,,Vape Shop,Vape retailer,Independent,1,,,,,21 Crackenedge Lane,,Dewsbury,West Yorkshire,WF13 1PU,Yorkshire & Humber,England,07375 706970,,,,,,,,,,,,,,,vape hardware; e-liquids; disposable vapes,,Vape Shop,,,Medium,Independent retailer; Core relevant category,https://www.yelp.com/biz/emporium-vapez-dewsbury,,1,No,No,No,No,Verified directory,Not Found,2026-09-16,Requires Verification,Medium,,Business (B2B),Legitimate interest (B2B) - assess per campaign; PECR: corporate subscribers,,No,2026-09-16,New,2026-09-16,,,,,,
UK-000244,UK-000244-01,,Fantasy Vapez,Fantasy Vapez,,Vape Shop,Vape shop,Independent,1,,,,,4 Market Street,,Cleethorpes,Lincolnshire,DN35 8LY,Yorkshire & Humber,England,,,,,,,,,,,,,,,,vape hardware; e-liquids; disposables,,Vape Shop,,"Independent vape shop on Market Street, Cleethorpes. No phone published in search results.",Medium,Independent retailer; Core relevant category,https://cleethorpes.cylex-uk.co.uk/vape-shops/,,1,No,No,No,No,Not Found,Not Found,2026-09-16,Requires Verification,Low,,Business (B2B),Legitimate interest (B2B) - assess per campaign; PECR: corporate subscribers,,No,2026-09-16,New,2026-09-16,,,,,,
WY-0084,WY-0084-01,,FilFoods Filipino Store,FilFoods,,Independent Supermarket,Filipino supermarket,Independent,1,,https://www.facebook.com/FilFoods/,,,46b Harehills Road,Harehills,Leeds,West Yorkshire,LS8 5PB,Yorkshire & Humber,England,0113 440 1031,,,,,,,,,,,,,,,Filipino groceries; frozen meat and fish; fresh produce; convenience goods; money transfer,,Independent Supermarket,,"Only Filipino store in Yorkshire; 1,800+ product lines in-store and online; agent for LCC Smallworld money transfer; offers scheduled home delivery.",Medium,Independent retailer; Relevant category; Social presence,https://www.yell.com/biz/filfoods-filipino-store-leeds-8549203/,https://directory.grimsbytelegraph.co.uk/company/437837462491136,3,No,No,No,No,Verified directory,Not Found,2026-09-16,Requires Verification,Medium,,Business (B2B),Legitimate interest (B2B) - assess per campaign; PECR: corporate subscribers,,No,2026-09-16,New,2026-09-16,,,,,,
UK-000245,UK-000245-01,,First Choice Off Licence,First Choice Off Licence,,Off-Licence,Off-licence,Independent,1,,https://www.facebook.com/FirstChoiceOffLicence/,,,,,Sheffield,South Yorkshire,,Yorkshire & Humber,England,,,,,,,,,,,,,,,,beer; cider; wine; spirits,,Off-Licence,,"Small independent off-licence in Sheffield stocking beer, cider, wine and spirits. Facebook page found; street address/postcode not captured.",Medium,Independent retailer; Relevant category; Social presence,https://www.facebook.com/FirstChoiceOffLicence/,,1,No,No,No,No,Not Found,Not Found,2026-09-16,Requires Verification,Low,,Business (B2B),Legitimate interest (B2B) - assess per campaign; PECR: corporate subscribers,,No,2026-09-16,New,2026-09-16,,,,,,
UK-000246,UK-000246-01,,Flemingate News,Flemingate News,,Newsagent,Newsagent,Independent,1,,,,,83 Flemingate,,Beverley,East Riding of Yorkshire,HU17 0NZ,Yorkshire & Humber,England,01482 881429,,,,,,,,,,,,,,,newspapers; magazines; confectionery; convenience,,Newsagent,,"Independent newsagent, 83 Flemingate, Beverley HU17 0NZ.",Low,Independent retailer; Relevant category,https://beverley.cylex-uk.co.uk/newsagents/,,1,No,No,No,No,Verified directory,Not Found,2026-09-16,Requires Verification,Medium,,Business (B2B),Legitimate interest (B2B) - assess per campaign; PECR: corporate subscribers,,No,2026-09-16,New,2026-09-16,,,,,,
UK-000247,UK-000247-01,,FonFix & Vape Shop,FonFix & Vape Shop,,Vape Shop,Phone repair and vape shop,Independent,1,,https://www.facebook.com/p/FonFix-Vape-Shop-100067673350065/,,,217 Freeman Street,,Grimsby,Lincolnshire,,Yorkshire & Humber,England,07404 435088,,,,,,,,,,,,,,,vape hardware; e-liquids; phone accessories,,Vape Shop,,Combined phone-repair and vape shop on Freeman Street. Postcode incomplete in sources (DN32 area).,Medium,Independent retailer; Core relevant category; Social presence,https://www.facebook.com/p/FonFix-Vape-Shop-100067673350065/,,1,No,No,No,No,Verified directory,Not Found,2026-09-16,Requires Verification,Low,,Business (B2B),Legitimate interest (B2B) - assess per campaign; PECR: corporate subscribers,,No,2026-09-16,New,2026-09-16,,,,,,
UK-000248,UK-000248-01,,Food Plus (Babylon Supermarket 7),Food Plus,,Independent Supermarket,Polish / world foods store,Independent,1,,,,,,,Kingston upon Hull,East Riding of Yorkshire,HU3 4BJ,Yorkshire & Humber,England,,,,,,,,,,,,,,,,Polish foods; world groceries,,Independent Supermarket,,"Polish grocery store (Food Plus / Babylon Supermarket 7), HU3 4BJ, Hull. No street address/phone in search results.",Low,Independent retailer; Relevant category,https://www.foodplus.eu/en/products/food-plus-babylon-supermarket-7-hu3-4bj-kingston-upon-hull,,1,No,No,No,No,Not Found,Not Found,2026-09-16,Requires Verification,Low,,Business (B2B),Legitimate interest (B2B) - assess per campaign; PECR: corporate subscribers,,No,2026-09-16,New,2026-09-16,,,,,,
WY-0085,WY-0085-01,,Forever Vapes,Forever Vapes,Forever Vapes Ltd,Vape Shop,Vape retailer,Independent,1,,,,,Market Street,,Heckmondwike,West Yorkshire,WF16 0JU,Yorkshire & Humber,England,,,,,,,,,,,,,,,,vape hardware; e-liquids,,Vape Shop,,"Directory lists it as 'Forever Vapes LTD', Market Street WF16 0JU; street number and phone not published in accessible sources.",Medium,Independent retailer; Core relevant category,https://vapeshops.puffingbird.com/yorkshire-and-the-humber/heckmondwike/forever-vapes-ltd,,1,No,No,No,No,Not Found,Not Found,2026-09-16,Requires Verification,Low,,Business (B2B),Legitimate interest (B2B) - assess per campaign; PECR: corporate subscribers,,No,2026-09-16,New,2026-09-16,,,,,,
WY-0086,WY-0086-01,,FreshCo Wakefield,FreshCo,Fresh Co Superstore Ltd,Independent Supermarket,Halal / world foods supermarket with Turkish restaurant and cafe,Independent,1,https://freshcowakefield.com,https://www.facebook.com/FreshCoWakefield/,,,"St Andrews Hall, Upper Warrengate",,Wakefield,West Yorkshire,WF1 4JZ,Yorkshire & Humber,England,01924 781869,,,Hoa1@hotmail.co.uk,,,Aras Ali,Owner,Named as FreshCo owner in Wakefield Express feature article (2023),13746881,Active,FRESH CO SUPERSTORE LTD,,2021-11-16,,"world foods (European, Asian, African, Middle Eastern); halal meat; fresh produce; bakery",,Independent Supermarket,,"Purpose-built store with own car park, open 8am-9pm daily; opened circa late 2022/early 2023. Owner opened his first supermarket in London before Wakefield.",Medium,Independent retailer; Relevant category; Public email available; Active website; Social presence,https://freshcowakefield.com/restaurant,https://find-and-update.company-information.service.gov.uk/company/13746881,4,No,No,Yes,Yes,Verified directory,Website Found,2026-09-16,Partially Verified,Medium,,Business (B2B),Legitimate interest (B2B) - assess per campaign; PECR: corporate subscribers,,No,2026-09-16,New,2026-09-16,,,,,,
UK-000249,UK-000249-01,,Freshco Cash & Carry,Freshco Cash & Carry,FRESHCO CASH & CARRY LIMITED,Cash & Carry,Wholesale cash & carry / supermarket,Independent,1,https://freshcocashcarry.co.uk,https://www.facebook.com/p/Feshco-cashcarry-limited-61556302407551/,,,185-201 Spring Bank,,Kingston upon Hull,East Riding of Yorkshire,HU3 1LP,Yorkshire & Humber,England,,,,,,,,,,14599796,Active,FRESHCO CASH & CARRY LIMITED,,2023-01-18,,fresh produce; halal meat; bakery; drinks; wholesale groceries,,Cash & Carry,,"Wholesale cash & carry and retail supermarket, 185-201 Spring Bank, Hull HU3 1LP. Companies House 14599796 (incorporated 18 Jan 2023, active). No phone/email published in search results.",Medium,Independent retailer; Core relevant category; Active website; Social presence,https://freshcocashcarry.co.uk/,https://find-and-update.company-information.service.gov.uk/company/14599796,3,Yes,No,No,Yes,Not Found,Not Found,2026-09-16,Verified (website + Companies House),Medium,,Business (B2B),Legitimate interest (B2B) - assess per campaign; PECR: corporate subscribers,,No,2026-09-16,New,2026-09-16,,,,,,
WY-0087,WY-0087-01,,Freshco UK,Freshco,Freshco UK Ltd,Convenience Store,Grocery store with halal meat,Independent,1,,,,,,Manningham,Bradford,West Yorkshire,,Yorkshire & Humber,England,,,,,,,,,,,,,,,,groceries; halal meat; fresh produce,,Convenience Store,,"Grocery store in Manningham, Bradford, offering halal meat (directory listing). Street address not captured - needs enrichment. Legal name taken from listing title 'FRESHCO UK LTD', not yet Companies House verified.",Low,Independent retailer; Relevant category,https://freshco-uk-ltd.wheree.com/,,1,No,No,No,No,Not Found,Not Found,2026-09-16,Requires Verification,Low,,Business (B2B),Legitimate interest (B2B) - assess per campaign; PECR: corporate subscribers,,No,2026-09-16,New,2026-09-16,,,,,,
UK-000250,UK-000250-01,,GDF Vape Shop,GDF Vape Shop,,Vape Shop,Vape shop,Independent,1,https://gdf-vape-shop.ueniweb.com/,,,,,,Doncaster,South Yorkshire,,Yorkshire & Humber,England,,,,,,,,,,,,,,,,vape pens; e-liquids; accessories,,Vape Shop,,"Independent Doncaster vape shop (vape pens, juices, accessories) with a UENI web listing; address/postcode not captured.",Medium,Independent retailer; Core relevant category; Active website,https://gdf-vape-shop.ueniweb.com/,,1,No,No,No,No,Not Found,Website Found,2026-09-16,Requires Verification,Low,,Business (B2B),Legitimate interest (B2B) - assess per campaign; PECR: corporate subscribers,,No,2026-09-16,New,2026-09-16,,,,,,
WY-0088,WY-0088-01,,Get Plugged,Get Plugged,,Vape Shop,Vape shop and convenience snacks,Independent,1,https://getplugged.co.uk/,https://www.facebook.com/p/Get-Plugged-61559687350403/,,,Bradford Road,,Huddersfield,West Yorkshire,,Yorkshire & Humber,England,,,,,,,,,,,,,,,,vape hardware; e-liquids; disposable vapes; snacks and drinks,,Vape Shop,,Open 10am-midnight seven days. Street number and postcode not published in accessible sources; own site getplugged.co.uk could not be fetched (proxy blocked).,Medium,Independent retailer; Core relevant category; Active website; Social presence,https://getplugged.co.uk/,https://www.facebook.com/p/Get-Plugged-61559687350403/,3,No,No,No,No,Not Found,Website Found,2026-09-16,Requires Verification,Medium,,Business (B2B),Legitimate interest (B2B) - assess per campaign; PECR: corporate subscribers,,No,2026-09-16,New,2026-09-16,,,,,,
WY-0089,WY-0089-01,,Gibraltar Mini Mart,Gibraltar Mini Mart Vape & Mobile Shop,,Convenience Store,Convenience store with vapes and mobile accessories,Independent,1,,,,,101 Hopwood Lane,,Halifax,West Yorkshire,,Yorkshire & Humber,England,,,,,,,,,,,,,,,,convenience; vapes; mobile accessories,,Convenience Store,,Sells vapes alongside daily essentials - relevant crossover prospect.,Low,Independent retailer; Relevant category,https://www.yorkshire.com/halifax/shopping/corner-shops/gibraltar-mini-mart-vapemobile-shop,,1,No,No,No,No,Not Found,Not Found,2026-09-16,Requires Verification,Low,,Business (B2B),Legitimate interest (B2B) - assess per campaign; PECR: corporate subscribers,,No,2026-09-16,New,2026-09-16,,,,,,
WY-0090,WY-0090-01,,Global Mini Market 2,Global Mini Market 2,,Convenience Store,24-hour convenience store & off-licence,Independent,1,,,,,83-85 Main Street,,Bingley,West Yorkshire,BD16 2JA,Yorkshire & Humber,England,,,,,,,,,,,,,,,,alcohol; convenience lines; groceries,,Convenience Store,,24/7 convenience store / off-licence on Bingley Main Street per 24houralcohol.co.uk listing.,Low,Independent retailer; Relevant category,https://www.24houralcohol.co.uk/bradford-off-licences,,1,No,No,No,No,Not Found,Not Found,2026-09-16,Requires Verification,Medium,,Business (B2B),Legitimate interest (B2B) - assess per campaign; PECR: corporate subscribers,,No,2026-09-16,New,2026-09-16,,,,,,
WY-0091,WY-0091-01,,Greengates Service Station,Greengates Service Station,,Petrol Station / Forecourt,Forecourt with shop,Unknown,1,,,,,,Greengates,Bradford,West Yorkshire,,Yorkshire & Humber,England,,,,,,,,,,,,,,,,fuel; convenience shop lines,,Petrol Station / Forecourt,,"Forecourt in the Greengates area (near Eccleshill), listed on Fuel Map UK. Operator/ownership not yet established - verify independence before outreach.",Low,Relevant category,https://fuelmap.co.uk/forecourt/612/,,1,No,No,No,No,Not Found,Not Found,2026-09-16,Requires Verification,Low,,Business (B2B),Legitimate interest (B2B) - assess per campaign; PECR: corporate subscribers,,No,2026-09-16,New,2026-09-16,,,,,,
UK-000251,UK-000251-01,,Greenroof Service Station,Greenroof Service Station,,Petrol Station / Forecourt,Independent forecourt,Independent,1,,,,,Low Street,Swinefleet,Goole,East Riding of Yorkshire,,Yorkshire & Humber,England,,,,,,,,,,,,,,,,fuel; forecourt convenience,,Petrol Station / Forecourt,,"Independent petrol service station, Low Street, Swinefleet, near Goole. No postcode/phone in search results.",Low,Independent retailer; Relevant category,https://directory.hinckleytimes.net/search/scunthorpe/petrol-service-stations,,1,No,No,No,No,Not Found,Not Found,2026-09-16,Requires Verification,Low,,Business (B2B),Legitimate interest (B2B) - assess per campaign; PECR: corporate subscribers,,No,2026-09-16,New,2026-09-16,,,,,,
UK-000252,UK-000252-01,,Grimsby Toys and Vapes,Grimsby Toys and Vapes,,Vape Shop,Vape and toy shop,Independent,1,,,,,Pasture Street,,Grimsby,Lincolnshire,,Yorkshire & Humber,England,07429 286555,,,,,,,,,,,,,,,vape hardware; e-liquids; toys,,Vape Shop,,Independent vape/toy shop in Grimsby town centre (Pasture Street). No postcode in sources.,Medium,Independent retailer; Core relevant category,https://grimsbylocal.co.uk/businesses/grimsby-toys-and-vapes,,1,No,No,No,No,Verified directory,Not Found,2026-09-16,Requires Verification,Low,,Business (B2B),Legitimate interest (B2B) - assess per campaign; PECR: corporate subscribers,,No,2026-09-16,New,2026-09-16,,,,,,
WY-0092,WY-0092-01,,Gulf Service Station Featherstone,Gulf Service Station,,Petrol Station / Forecourt,Gulf-branded dealer forecourt with shop,Independent,1,,,,,Wakefield Road,,Featherstone,West Yorkshire,WF7 5BP,Yorkshire & Humber,England,,,,,,,,,,,,,,,,fuel; convenience shop,,Petrol Station / Forecourt,Gulf-branded fuel (Gulf UK supplies independent dealers),Gulf branding in the UK is used almost exclusively by independent dealers; operator identity needs follow-up.,Low,Independent retailer; Relevant category,https://www.yorkshire.com/featherstone/services/petrol-stations,,1,No,No,No,No,Not Found,Not Found,2026-09-16,Requires Verification,Low,,Business (B2B),Legitimate interest (B2B) - assess per campaign; PECR: corporate subscribers,,No,2026-09-16,New,2026-09-16,,,,,,
WY-0093,WY-0093-01,,Halal Sweets Company,Halal Sweets,,Cash & Carry,Sweets & snacks wholesaler / cash & carry,Independent,1,https://halalsweets.company.site/,https://www.facebook.com/halalsweetscompany/,,,,,Bradford,West Yorkshire,,Yorkshire & Humber,England,,,,support@halalsweetscompany.co.uk,,,,,,,,,,,,halal sweets; snacks; confectionery wholesale,,Cash & Carry,,"Family-run Bradford-based wholesaler/distributor, cash & carry and delivery, specialising in halal sweets and snacks. Street address not captured - needs enrichment.",High,Independent retailer; Core relevant category; Public email available; Active website; Social presence,https://halalsweets.company.site/,https://halalsweetscompany.co.uk/,2,No,No,Yes,No,Not Found,Website Found,2026-09-16,Partially Verified,Medium,,Business (B2B),Legitimate interest (B2B) - assess per campaign; PECR: corporate subscribers,,No,2026-09-16,New,2026-09-16,,,,,,
WY-0094,WY-0094-01,,Hang Sing Hong,Hang Sing Hong,,Independent Supermarket,Chinese / Oriental supermarket,Independent,1,,,,,117-119 Vicar Lane,City Centre,Leeds,West Yorkshire,LS1 6PJ,Yorkshire & Humber,England,,,,,,,,,,,,,,,,Chinese and East Asian groceries,,Independent Supermarket,,Long-established Chinese supermarket on Vicar Lane in the city centre.,Low,Independent retailer; Relevant category,https://www.yelp.co.uk/biz/hang-sing-hong-leeds-2,,1,No,No,No,No,Not Found,Not Found,2026-09-16,Requires Verification,Medium,,Business (B2B),Legitimate interest (B2B) - assess per campaign; PECR: corporate subscribers,,No,2026-09-16,New,2026-09-16,,,,,,
UK-000253,UK-000253-01,,Haris&Co Supermarket,Haris&Co Supermarket,,Independent Supermarket,International / world foods supermarket,Independent,1,https://harrisandco.vercel.app,,,,Terry Street,off Beverley Road,Kingston upon Hull,East Riding of Yorkshire,HU3 1TY,Yorkshire & Humber,England,,,,,,,,,,,,,,,,world foods; groceries; fresh produce,,Independent Supermarket,,"Self-described as Hull's largest independent supermarket, world foods, Terry Street (off Beverley Road) HU3 1TY. No phone/email in search results.",Medium,Independent retailer; Relevant category; Active website,https://harrisandco.vercel.app/,,1,Yes,No,No,No,Not Found,Not Found,2026-09-16,Partially Verified,Medium,,Business (B2B),Legitimate interest (B2B) - assess per campaign; PECR: corporate subscribers,,No,2026-09-16,New,2026-09-16,,,,,,
UK-000254,UK-000254-01,,Harvest Service Station,Harvest Service Station,,Petrol Station / Forecourt,Independent forecourt with convenience store,Independent,1,,,,,Wheatley Hall Road,,Doncaster,South Yorkshire,,Yorkshire & Humber,England,,,,,,,,,,,,,,,,fuel; convenience groceries; forecourt shop,,Petrol Station / Forecourt,,"Independent service station/forecourt on Wheatley Hall Road, Doncaster. Listed in Doncaster petrol-station directory; exact house number/postcode not captured.",Low,Independent retailer; Relevant category,https://www.mylocalservices.co.uk/24+Hr+Petrol+Stations-Doncaster.html,,1,No,No,No,No,Not Found,Not Found,2026-09-16,Requires Verification,Low,,Business (B2B),Legitimate interest (B2B) - assess per campaign; PECR: corporate subscribers,,No,2026-09-16,New,2026-09-16,,,,,,
WY-0095,WY-0095-01,,Heckmondwike Service Station,Heckmondwike Service Station,,Petrol Station / Forecourt,BP-branded forecourt with shop,Unknown,1,,,,,Halifax Road,,Heckmondwike,West Yorkshire,,Yorkshire & Humber,England,,,,,,,,,,,,,,,,fuel; convenience goods,,Petrol Station / Forecourt,BP fuel supply,"BP dealer forecourt on Halifax Road listed under Dewsbury/Heckmondwike; operator company not identified from accessible sources, so ownership marked Unknown.",Low,Relevant category,https://map.bp.com/en-US/GB/gas-station/dewsbury/heckmondwike-service-station/137101962,https://fuelfox.uk/station/heckmondwike-service-station-dewsbury-3798,2,No,No,No,No,Not Found,Not Found,2026-09-16,Requires Verification,Low,,Business (B2B),Legitimate interest (B2B) - assess per campaign; PECR: corporate subscribers,,No,2026-09-16,New,2026-09-16,,,,,,
UK-000255,UK-000255-01,,Hillsborough Vape Lounge,Hillsborough Vape Lounge,,Vape Shop,E-cigarette and e-liquid shop,Independent,1,,,,,66 Owlerton Green,Hillsborough,Sheffield,South Yorkshire,S6 2BH,Yorkshire & Humber,England,,,,,,,,,,,,,,,,e-cigarettes; e-liquids; disposables; coils,,Vape Shop,,Independent vape shop in Hillsborough district. Address from eCig Directory listing (via search results).,Medium,Independent retailer; Core relevant category,https://ecigdirectory.co.uk/vape-shop/listing/hillsborough-vape-lounge-sheffield,,1,No,No,No,No,Not Found,Not Found,2026-09-16,Requires Verification,Low,,Business (B2B),Legitimate interest (B2B) - assess per campaign; PECR: corporate subscribers,,No,2026-09-16,New,2026-09-16,,,,,,
UK-000256,UK-000256-01,,Holderness Convenience & Spirits,Holderness Convenience & Spirits,,Off-Licence,Off-licence / convenience,Independent,1,,,,,Holderness Road,,Kingston upon Hull,East Riding of Yorkshire,,Yorkshire & Humber,England,,,,,,,,,,,,,,,,spirits; wines; beers; groceries,,Off-Licence,,"Independent off-licence/convenience on Holderness Road, Hull, with a wide spirits/wine range. No postcode/phone in search results.",Low,Independent retailer; Relevant category,https://www.yorkshire.com/hull/shopping/off-license/holderness-convenience-spirits,,1,No,No,No,No,Not Found,Not Found,2026-09-16,Requires Verification,Low,,Business (B2B),Legitimate interest (B2B) - assess per campaign; PECR: corporate subscribers,,No,2026-09-16,New,2026-09-16,,,,,,
WY-0096,WY-0096-01,,Hopes News,Hopes News,,Newsagent,Newsagent / off-licence,Independent,1,,,,,Otley Road,Baildon,Shipley,West Yorkshire,,Yorkshire & Humber,England,,,,,,,,,,,,,,,,news; magazines; convenience lines,,Newsagent,,"Early-opening newsagent on Otley Road, Baildon (from 7am daily per listing snippet).",Low,Independent retailer; Relevant category,https://www.yorkshire.com/shipley/shopping/off-license/hopes-news,,1,No,No,No,No,Not Found,Not Found,2026-09-16,Requires Verification,Low,,Business (B2B),Legitimate interest (B2B) - assess per campaign; PECR: corporate subscribers,,No,2026-09-16,New,2026-09-16,,,,,,
WY-0097,WY-0097-01,,House of Vapour,House of Vapour,,Vape Shop,Premium e-cigarette products,Independent,1,https://www.houseofvapour.net,,,,Barnsley Road,,South Elmsall,West Yorkshire,WF9 2AL,Yorkshire & Humber,England,01977 647969,,,,,,,,,,,,,,,vape hardware; e-liquids,,Vape Shop,,"Own website (houseofvapour.net) describes it as on Barnsley Road, South Elmsall, specialising in luxury e-cigarette products. Site could not be fetched (egress blocked) so street number/phone/email not captured.",Medium,Independent retailer; Core relevant category; Active website,https://www.houseofvapour.net/,https://ecigdirectory.co.uk/vape-shop/listing/house-of-vapour,3,No,No,No,No,Verified directory,Website Found,2026-09-16,Requires Verification,Medium,,Business (B2B),Legitimate interest (B2B) - assess per campaign; PECR: corporate subscribers,,No,2026-09-16,New,2026-09-16,,,,,,
WY-0098,WY-0098-01,,Ilkley Convenience Store,Ilkley Convenience Store,,Convenience Store,Neighbourhood convenience store,Independent,1,,,,,Valley Drive,,Ilkley,West Yorkshire,,Yorkshire & Humber,England,,,,,,,,,,,,,,,,convenience lines; groceries,,Convenience Store,,"Open Mon-Sat 7am-9pm, Sun 8am-8pm per listing snippet.",Low,Independent retailer; Relevant category,https://www.yorkshire.com/ilkley/shopping/corner-shops/ilkley-convenience-store,,1,No,No,No,No,Not Found,Not Found,2026-09-16,Requires Verification,Low,,Business (B2B),Legitimate interest (B2B) - assess per campaign; PECR: corporate subscribers,,No,2026-09-16,New,2026-09-16,,,,,,
WY-0099,WY-0099-01,,International Foods,International Foods,International Foods Leeds Limited,Independent Supermarket,South Asian supermarket with halal meat,Independent,1,,,,,166 Harehills Lane,Harehills,Leeds,West Yorkshire,LS8 5JP,Yorkshire & Humber,England,,,,,,,,,,09552908,,INTERNATIONAL FOODS LEEDS LIMITED,"166 Harehills Lane, Leeds, LS8 5JP",2015-04-21,,halal meat; groceries; South Asian foods,,Independent Supermarket,,"Open 7 days (approx 09:00-20:00/21:00). Companies House details taken from the CH search result snippet; CH site itself was blocked by the network proxy this session, so company status not captured.",Low,Independent retailer; Relevant category,https://find-and-update.company-information.service.gov.uk/company/09552908,https://www.yell.com/biz/international-foods-ltd-leeds-8342998/,3,No,No,No,Yes,Not Found,Not Found,2026-09-16,Partially Verified,Medium,,Business (B2B),Legitimate interest (B2B) - assess per campaign; PECR: corporate subscribers,,No,2026-09-16,New,2026-09-16,,,,,,
UK-000257,UK-000257-01,,J A & S Cowie Newsagent,J A and S Cowie,,Newsagent,Newsagent & convenience,Independent,1,,,,,13 Westgate,,Ripon,North Yorkshire,HG4 2AT,Yorkshire & Humber,England,01765 603153,,,,,,,,,,,,,,,newspapers; magazines; confectionery; convenience,,Newsagent,,Independent Ripon newsagent (J A and S Cowie) at 13 Westgate (HG4 2AT). Address/phone from MyNewsagent.co.uk directory via search snippets.,Low,Independent retailer; Relevant category,https://www.mynewsagent.co.uk/7788/,,1,No,No,No,No,Verified directory,Not Found,2026-09-16,Requires Verification,Low,,Business (B2B),Legitimate interest (B2B) - assess per campaign; PECR: corporate subscribers,,No,2026-09-16,New,2026-09-16,,,,,,
UK-000258,UK-000258-01,,Jaan Lounge,Jaan Lounge,,Smoke / Shisha Shop,Cafe and shisha lounge,Independent,1,https://www.jaanlounge.com/,,,,,,Sheffield,South Yorkshire,,Yorkshire & Humber,England,,,,,,,,,,,,,,,,shisha; fresh juices; cakes; cafe,,Smoke / Shisha Shop,,Independent cafe/shisha lounge in Sheffield. Own website found; street address/postcode not captured from search results.,Medium,Independent retailer; Core relevant category; Active website,https://www.jaanlounge.com/,,1,No,No,No,No,Not Found,Website Found,2026-09-16,Requires Verification,Low,,Business (B2B),Legitimate interest (B2B) - assess per campaign; PECR: corporate subscribers,,No,2026-09-16,New,2026-09-16,,,,,,
UK-000259,UK-000259-01,,Jah's Off Licence,Jah's Off Licence,,Off-Licence,Off-licence / convenience,Independent,1,,,,,141 London Road,,Sheffield,South Yorkshire,S2 4LE,Yorkshire & Humber,England,,,,,,,,,,,,,,,,beer; wine; spirits; groceries,,Off-Licence,,"Independent off-licence at 141 London Road, Sheffield. Address/postcode from Sheffield off-licence directory search snippet.",Low,Independent retailer; Relevant category,https://www.locallife.co.uk/sheffield/off-licences.asp,,1,No,No,No,No,Not Found,Not Found,2026-09-16,Requires Verification,Low,,Business (B2B),Legitimate interest (B2B) - assess per campaign; PECR: corporate subscribers,,No,2026-09-16,New,2026-09-16,,,,,,
WY-0100,WY-0100-01,,Javid Supermarket,Javid Supermarket,,Independent Supermarket,"Halal, Asian, Caribbean and world foods supermarket",Independent,1,https://www.javidsupermarket.co.uk/,,https://www.instagram.com/javidsupermarket/,,177-179 Bradford Road,Fartown,Huddersfield,West Yorkshire,HD1 6EQ,Yorkshire & Humber,England,01484 517411,,,contact@javidsupermarket.co.uk,,,,,,,,,,,,"halal meat; poultry; fish; Caribbean, African, Middle Eastern, Polish and English groceries; fresh produce",,Independent Supermarket,,"Address and phone cross-checked across Yelp, Britainfirm and own-site contact page surfaced in search results.",Medium,Independent retailer; Relevant category; Public email available; Active website; Social presence,https://www.javidsupermarket.co.uk/contact/,https://www.instagram.com/javidsupermarket/,4,No,No,No,No,Verified directory,Publicly Listed,2026-09-16,Requires Verification,Medium,,Business (B2B),Legitimate interest (B2B) - assess per campaign; PECR: corporate subscribers,,No,2026-09-16,New,2026-09-16,,,,,,
UK-000260,UK-000260-01,,Juice & Coil Co,Juice & Coil Co,,Vape Shop,E-liquid and coil specialist,Independent,1,,,,,851 Chesterfield Road,Woodseats,Sheffield,South Yorkshire,S8 0SQ,Yorkshire & Humber,England,,,,,,,,,,,,,,,,e-liquids; coils; vape hardware; disposables,,Vape Shop,,Independent vape shop in Woodseats district. Details from Yelp / search snippet.,Medium,Independent retailer; Core relevant category,https://www.yelp.com/search?cflt=vapeshops&find_loc=Unit+12+Parkway+Close%2C+Sheffield+S9+4WJ%2C+United+Kingdom,,1,No,No,No,No,Not Found,Not Found,2026-09-16,Requires Verification,Low,,Business (B2B),Legitimate interest (B2B) - assess per campaign; PECR: corporate subscribers,,No,2026-09-16,New,2026-09-16,,,,,,
WY-0101,WY-0101-01,,KV Convenience & Off Licence,KV Convenience & Off Licence,,Convenience Store,24-hour convenience store and off-licence,Independent,1,,,,,51-53 Market Street,Milnsbridge,Huddersfield,West Yorkshire,HD3 4HZ,Yorkshire & Humber,England,01484 644192,,,,,,,,,,,,,,,convenience goods; alcohol; groceries; snacks,,Convenience Store,,Granted a 24-hour alcohol licence in May 2024; sells via Snappy Shopper and Uber Eats for local delivery.,Low,Independent retailer; Relevant category,https://www.yellowtom.co.uk/1452035,https://www.snappyshopper.co.uk/store/KV-Convenience-Off-Licence,3,No,No,No,No,Verified directory,Not Found,2026-09-16,Requires Verification,Medium,,Business (B2B),Legitimate interest (B2B) - assess per campaign; PECR: corporate subscribers,,No,2026-09-16,New,2026-09-16,,,,,,
UK-000261,UK-000261-01,,Kaplan Fast Food Cash & Carry,Kaplan Fast Food Cash & Carry,,Cash & Carry,Foodservice wholesale,Independent,1,,https://www.facebook.com/people/Kaplan-Fast-Food-Cash-Carry/61558997515973/,,,7 Flinton Street,,Kingston upon Hull,East Riding of Yorkshire,,Yorkshire & Humber,England,,,,,,,,,,,,,,,,fast food supplies; wholesale groceries; catering,,Cash & Carry,,"Cash & carry supplying food wholesalers and restaurants, 7 Flinton Street, Hull. No postcode/phone in search results.",Medium,Independent retailer; Core relevant category; Social presence,https://www.facebook.com/people/Kaplan-Fast-Food-Cash-Carry/61558997515973/,,1,No,No,No,No,Not Found,Not Found,2026-09-16,Requires Verification,Low,,Business (B2B),Legitimate interest (B2B) - assess per campaign; PECR: corporate subscribers,,No,2026-09-16,New,2026-09-16,,,,,,
WY-0102,WY-0102-01,,Kasa Beeston Convenience Store,Kasa Beeston,,Convenience Store,24-hour convenience store with off-licence and food-to-go,Independent,1,https://kasabeeston.com/,https://www.facebook.com/kasabeestonstore/,,,334-336 Dewsbury Road,Beeston,Leeds,West Yorkshire,LS11 7DJ,Yorkshire & Humber,England,0113 277 5757,,,info@kasabeeston.com,,,,,,,,,,,,groceries; alcohol; halal food-to-go; lottery; PayPoint,,Convenience Store,,"Open 24/7; cash machine, halal deli counter, delivery offered.",Medium,Independent retailer; Relevant category; Public email available; Active website; Social presence,https://kasabeeston.com/,https://www.bizseek.co.uk/kasa-beeston-convenience-store-0113-277-5757,3,No,No,Yes,No,Verified directory,Website Found,2026-09-16,Partially Verified,Medium,,Business (B2B),Legitimate interest (B2B) - assess per campaign; PECR: corporate subscribers,,No,2026-09-16,New,2026-09-16,,,,,,
WY-0103,WY-0103-01,,Kash News & Gifts,Kash News,,Newsagent,Newsagent and gifts,Independent,1,,,,,51 Commercial Street,,Brighouse,West Yorkshire,HD6 1AF,Yorkshire & Humber,England,01484 400405,,,,,,,,,,,,,,,news; confectionery; gifts,,Newsagent,,Open 07:00-17:30 per directory listing.,Low,Independent retailer; Relevant category,https://www.thomsonlocal.com/search/newsagents/halifax-brighouse-calderdale/kash-news-gifts/922805/01484400405,https://findit.batleynews.co.uk/company/437704624939008,3,No,No,No,No,Verified directory,Not Found,2026-09-16,Requires Verification,Medium,,Business (B2B),Legitimate interest (B2B) - assess per campaign; PECR: corporate subscribers,,No,2026-09-16,New,2026-09-16,,,,,,
WY-0104,WY-0104-01,,Keep In Touch,Keep In Touch,,Newsagent,Newsagent,Independent,1,,,,,5 Albion Street,,Castleford,West Yorkshire,WF10 1EG,Yorkshire & Humber,England,,,,,,,,,,,,,,,,news and magazines; confectionery; tobacco,,Newsagent,,Same street (Albion Street) as Tylor's Booze in Castleford town centre.,Low,Independent retailer; Relevant category,https://www.192.com/atoz/business/castleford-wf10/newsagents/keep-in-touch/645f3ab15b4cb6acdbc0eb9ef27c5a71438678bb/ml/,,1,No,No,No,No,Not Found,Not Found,2026-09-16,Requires Verification,Low,,Business (B2B),Legitimate interest (B2B) - assess per campaign; PECR: corporate subscribers,,No,2026-09-16,New,2026-09-16,,,,,,
WY-0105,WY-0105-01,,Keighley Newsagent,Keighley Newsagent,,Newsagent,Town-centre newsagent,Independent,1,,,,,125 North Street,,Keighley,West Yorkshire,BD21 3AD,Yorkshire & Humber,England,,,,,,,,,,,,,,,,news; magazines; tobacco; convenience lines,,Newsagent,,Directory-listed newsagent at 125 North Street (also appears spelled 'Kieghly Newsagent' in one directory).,Low,Independent retailer; Relevant category,https://directory.bradfordpages.co.uk/company/504571861241856,,1,No,No,No,No,Not Found,Not Found,2026-09-16,Requires Verification,Low,,Business (B2B),Legitimate interest (B2B) - assess per campaign; PECR: corporate subscribers,,No,2026-09-16,New,2026-09-16,,,,,,
WY-0106,WY-0106-01,,Khadim Supersave,Khadim Supersave,,Independent Supermarket,Halal grocery store,Independent,1,,,,,1 Blacker Road,Birkby,Huddersfield,West Yorkshire,HD1 5HU,Yorkshire & Humber,England,01484 360513,,,,,,,,,,,,,,,HMC halal meat; groceries; fresh produce,,Independent Supermarket,,,Low,Independent retailer; Relevant category,https://no-divide.co.uk/khadim-supersave/,,1,No,No,No,No,Verified directory,Not Found,2026-09-16,Requires Verification,Medium,,Business (B2B),Legitimate interest (B2B) - assess per campaign; PECR: corporate subscribers,,No,2026-09-16,New,2026-09-16,,,,,,
UK-000262,UK-000262-01,,Kick Ash Vapes Cleethorpes,Kick Ash Vapes,,Vape Shop,Vape shop,Independent,1,,,,,201 Grimsby Road,,Cleethorpes,Lincolnshire,DN35 7HB,Yorkshire & Humber,England,,,,,,,,,,,,,,,,vape hardware; e-liquids; disposables,,Vape Shop,,"Independent vape shop on Grimsby Road, Cleethorpes. No phone published in search results.",Medium,Independent retailer; Core relevant category,https://kick-ash-vapes-cleethorpes.wheree.com/,,1,No,No,No,No,Not Found,Not Found,2026-09-16,Requires Verification,Low,,Business (B2B),Legitimate interest (B2B) - assess per campaign; PECR: corporate subscribers,,No,2026-09-16,New,2026-09-16,,,,,,
UK-000263,UK-000263-01,,Kings Lites Acomb,Kings Lites,,Vape Shop,Vaping specialist,Independent,1,https://www.kingslites.co.uk/acomb,,,,,,York,North Yorkshire,,Yorkshire & Humber,England,,,,,,,,,,,,,,,,vape hardware; e-liquids,,Vape Shop,,"Vaping shop in the market place of Acomb (west York suburb), own website kingslites.co.uk/acomb. Exact street address/postcode and phone not surfaced in search snippets; direct fetch blocked. Located with direct access from the A64 per directory description.",Medium,Independent retailer; Core relevant category; Active website,https://www.kingslites.co.uk/acomb,https://york.cylex-uk.co.uk/company/kings-lites-acomb-27065896.html,2,No,No,No,No,Not Found,Website Found,2026-09-16,Requires Verification,Low,,Business (B2B),Legitimate interest (B2B) - assess per campaign; PECR: corporate subscribers,,No,2026-09-16,New,2026-09-16,,,,,,
WY-0107,WY-0107-01,,Kubus International Food,Kubus International Food,,Convenience Store,International / Eastern European grocery and convenience,Independent,1,,,,,86 Kirkgate,,Wakefield,West Yorkshire,,Yorkshire & Humber,England,,,,,,,,,,,,,,,,international grocery (Eastern European focus); beers and alcohol; convenience,,Convenience Store,,Open late (to 11pm Mon-Sat). Good alcohol range per Yorkshire.com profile.,Low,Independent retailer; Relevant category,https://www.yorkshire.com/wakefield/shopping/corner-shops/kubus-international-food,,1,No,No,No,No,Not Found,Not Found,2026-09-16,Requires Verification,Low,,Business (B2B),Legitimate interest (B2B) - assess per campaign; PECR: corporate subscribers,,No,2026-09-16,New,2026-09-16,,,,,,
UK-000264,UK-000264-01,,La Vana Restaurant & Shisha,La Vana,,Smoke / Shisha Shop,Restaurant and shisha lounge,Independent,1,,https://www.facebook.com/LaVanaShisha/,,,,,Kingston upon Hull,East Riding of Yorkshire,,Yorkshire & Humber,England,,,,,,,,,,,,,,,,shisha; hookah; restaurant,,Smoke / Shisha Shop,,Restaurant and shisha lounge in Hull. No street address/phone in search results.,Medium,Independent retailer; Core relevant category; Social presence,https://www.facebook.com/LaVanaShisha/,,1,No,No,No,No,Not Found,Not Found,2026-09-16,Requires Verification,Low,,Business (B2B),Legitimate interest (B2B) - assess per campaign; PECR: corporate subscribers,,No,2026-09-16,New,2026-09-16,,,,,,
WY-0108,WY-0108-01,,Latitude Wine & Liquor Merchant,Latitude Wine & Liquor Merchant,,Off-Licence,Specialist wine and spirits merchant,Independent,1,https://latitudewine.co.uk/,,,,5 Cherry Tree Walk,"The Calls, City Centre",Leeds,West Yorkshire,LS2 7EB,Yorkshire & Humber,England,0113 245 3393,,,,sales@latitudewine.co.uk,,,,,,,,,,,wine; spirits; craft beer,,Off-Licence,,Independent city-centre wine and spirits merchant; Mon-Sat 10:00-19:00.,Medium,Independent retailer; Relevant category; Public trade/sales contact; Active website,https://latitudewine.co.uk/,https://latitudewine.co.uk/pages/contact-us,3,No,No,Yes,No,Verified directory,Website Found,2026-09-16,Partially Verified,Medium,,Business (B2B),Legitimate interest (B2B) - assess per campaign; PECR: corporate subscribers,,No,2026-09-16,New,2026-09-16,,,,,,
WY-0109,WY-0109-01,,Leeds Shisha Wholesale,Leeds Shisha Wholesale,,Smoke / Shisha Shop,Shisha wholesale and retail supplier,Independent,1,,https://www.facebook.com/p/Leeds-Shisha-Wholesale-100066917521496/,,,,,Leeds,West Yorkshire,,Yorkshire & Humber,England,,,,,,,,,,,,,,,,shisha pipes; shisha flavours; coals; accessories,,Smoke / Shisha Shop,,"Leeds-based wholesale and retail shisha supplier, delivers UK-wide; street address not published in sources found.",Medium,Independent retailer; Core relevant category; Social presence,https://www.facebook.com/p/Leeds-Shisha-Wholesale-100066917521496/,https://leeds.cylex-uk.co.uk/company/leeds-shisha-wholesale-27498601.html,2,No,No,No,No,Not Found,Not Found,2026-09-16,Requires Verification,Low,,Business (B2B),Legitimate interest (B2B) - assess per campaign; PECR: corporate subscribers,,No,2026-09-16,New,2026-09-16,,,,,,
WY-0110,WY-0110-01,,Liquid Mafia The King of Vapes,Liquid Mafia,,Vape Shop,Vape retailer,Independent,1,,,https://www.instagram.com/liquidmafiaofficial/,,506 Huddersfield Road,Ravensthorpe,Dewsbury,West Yorkshire,WF13 3ET,Yorkshire & Humber,England,07512 340800,,,,,,,,,,,,,,,vape hardware; e-liquids; disposable vapes,,Vape Shop,,Open 10:30-22:00 daily. Instagram bio lists an alternative mobile 07746 183134.,Medium,Independent retailer; Core relevant category; Social presence,https://www.instagram.com/liquidmafiaofficial/,https://vapemaps.co/england/west-yorkshire/dewsbury/liquid-mafia-the-king-of-vapes/8788,3,No,No,No,No,Verified directory,Not Found,2026-09-16,Requires Verification,Medium,,Business (B2B),Legitimate interest (B2B) - assess per campaign; PECR: corporate subscribers,,No,2026-09-16,New,2026-09-16,,,,,,
WY-0111,WY-0111-01,,Local Convenience Store (Elsinore Avenue),Local Convenience Store,,Convenience Store,,Independent,1,,,,,12 Elsinore Avenue,,Elland,West Yorkshire,HX5 0LT,Yorkshire & Humber,England,,,,,,,,,,,,,,,,convenience; food and wine,,Convenience Store,,Directory listing gives only the generic name 'Local Convenience Store'; actual trading name may differ - verify on the ground.,Low,Independent retailer; Relevant category,https://www.yorkshire.com/elland/shopping/corner-shops,,1,No,No,No,No,Not Found,Not Found,2026-09-16,Requires Verification,Low,,Business (B2B),Legitimate interest (B2B) - assess per campaign; PECR: corporate subscribers,,No,2026-09-16,New,2026-09-16,,,,,,
WY-0112,WY-0112-01,,Local Express Off Licence,Local Express Off Licence,,Off-Licence,Off-licence / beer store,Independent,1,,,,,30 Common Road,,Batley,West Yorkshire,,Yorkshire & Humber,England,,,,,,,,,,,,,,,,alcohol; convenience goods,,Off-Licence,,,Low,Independent retailer; Relevant category,https://www.bigreddirectory.com/local-express-off-licence-batley,,1,No,No,No,No,Not Found,Not Found,2026-09-16,Requires Verification,Low,,Business (B2B),Legitimate interest (B2B) - assess per campaign; PECR: corporate subscribers,,No,2026-09-16,New,2026-09-16,,,,,,
WY-0113,WY-0113-01,,Londis Normanton (313 Castleford Road),Londis,,Convenience Store,Convenience store with off-licence,Franchise / Symbol Group,1,https://www.londis.co.uk/our-stores/londis-normanton,,,,313 Castleford Road,,Normanton,West Yorkshire,WF6 2HL,Yorkshire & Humber,England,01924 892113,,,,,,,,,,,,,,,"grocery; confectionery; beers, wines and spirits; food to go",,Convenience Store,Londis symbol group (Booker/Tesco supply),"Independently owned symbol-group store. NOTE: a second Londis store page exists for Castleford Road, Normanton WF6 2DW (separate record) - both appear on the Londis official store finder with different postcodes and phone numbers.",Medium,Independent retailer; Relevant category; Active website; Phone verified on official website,https://www.londis.co.uk/our-stores/londis-normanton,,1,No,No,No,No,Verified on official website,Not Found,2026-09-16,Requires Verification,Medium,,Business (B2B),Legitimate interest (B2B) - assess per campaign; PECR: corporate subscribers,,No,2026-09-16,New,2026-09-16,,,,,,
WY-0114,WY-0114-01,,"Londis Normanton (Castleford Road, WF6 2DW)",Londis,,Convenience Store,Convenience store with off-licence,Franchise / Symbol Group,1,https://www.londis.co.uk/our-stores/normanton,,,,Castleford Road,,Normanton,West Yorkshire,WF6 2DW,Yorkshire & Humber,England,01924 890438,,,,,,,,,,,,,,,"grocery; confectionery; beers, wines and spirits; fresh produce; food to go",,Convenience Store,Londis symbol group (Booker/Tesco supply),Independently owned symbol-group store. Listed on the Londis official store finder separately from the 313 Castleford Road WF6 2HL store; different postcode and phone. Flag for dedupe check on merge.,Medium,Independent retailer; Relevant category; Active website; Phone verified on official website,https://www.londis.co.uk/our-stores/normanton,,1,No,No,No,No,Verified on official website,Not Found,2026-09-16,Requires Verification,Medium,,Business (B2B),Legitimate interest (B2B) - assess per campaign; PECR: corporate subscribers,,No,2026-09-16,New,2026-09-16,,,,,,
WY-0115,WY-0115-01,,Londis Ravensthorpe,Londis Ravensthorpe,,Convenience Store,Londis symbol group convenience store,Franchise / Symbol Group,1,https://www.londis.co.uk/our-stores/londis-ravensthorpe,,,,,Ravensthorpe,Dewsbury,West Yorkshire,WF13 3JE,Yorkshire & Humber,England,01924 461300,,,,,,,,,,,,,,,convenience goods; alcohol; tobacco; groceries,,Convenience Store,Londis (Booker) symbol group,"Independently owned store under the Londis fascia, listed on the official Londis store locator for Ravensthorpe, Dewsbury; street address not captured (page fetch blocked).",Medium,Independent retailer; Relevant category; Active website,https://www.londis.co.uk/our-stores/londis-ravensthorpe,https://directory.gazettelive.co.uk/company/999b46611b8a8afc4d77d779e9c8dcf7,2,No,No,No,No,Verified directory,Not Found,2026-09-16,Requires Verification,Medium,,Business (B2B),Legitimate interest (B2B) - assess per campaign; PECR: corporate subscribers,,No,2026-09-16,New,2026-09-16,,,,,,
UK-000265,UK-000265-01,,Lounge 418,Lounge 418,,Smoke / Shisha Shop,Middle Eastern restaurant and shisha bar,Independent,1,https://www.lounge418.co.uk/,,,,,,Sheffield,South Yorkshire,,Yorkshire & Humber,England,,,,,,,,,,,,,,,,shisha; cocktails; Middle Eastern food,,Smoke / Shisha Shop,,"Independent Middle Eastern restaurant and bar offering shisha, Sheffield. Own website found; address/postcode not captured.",Medium,Independent retailer; Core relevant category; Active website,https://www.lounge418.co.uk/,,1,No,No,No,No,Not Found,Website Found,2026-09-16,Requires Verification,Low,,Business (B2B),Legitimate interest (B2B) - assess per campaign; PECR: corporate subscribers,,No,2026-09-16,New,2026-09-16,,,,,,
WY-0116,WY-0116-01,,Low Lane Convenience Store (Premier),Low Lane Convenience Store,,Convenience Store,Premier symbol group convenience store,Franchise / Symbol Group,1,https://www.premier-stores.co.uk/our-stores/low-lane-convenience-store,,,,6 Low Lane,Birstall,Batley,West Yorkshire,WF17 9EY,Yorkshire & Humber,England,,,,,,,,,,,,,,,,convenience goods; alcohol; tobacco; groceries,,Convenience Store,Premier (Booker) symbol group,Independently owned store trading under the Premier fascia; listed on the official Premier Stores locator.,Medium,Independent retailer; Relevant category; Active website,https://www.premier-stores.co.uk/our-stores/low-lane-convenience-store,,1,No,No,No,No,Not Found,Not Found,2026-09-16,Requires Verification,Medium,,Business (B2B),Legitimate interest (B2B) - assess per campaign; PECR: corporate subscribers,,No,2026-09-16,New,2026-09-16,,,,,,
WY-0117,WY-0117-01,,Mace News & Off Licence,Mace News & Off Licence,,Newsagent,Newsagent with off-licence,Franchise / Symbol Group,1,,,,,Otley Road,Baildon,Shipley,West Yorkshire,,Yorkshire & Humber,England,,,,,,,,,,,,,,,,news; magazines; alcohol; convenience lines,,Newsagent,,"Independently owned Mace symbol-group newsagent/off-licence on Otley Road, Baildon. Open daily 9am-9pm per listing snippet.",Low,Independent retailer; Relevant category,https://www.yorkshire.com/shipley/shopping/off-license/mace-news-off-licence,,1,No,No,No,No,Not Found,Not Found,2026-09-16,Requires Verification,Low,,Business (B2B),Legitimate interest (B2B) - assess per campaign; PECR: corporate subscribers,,No,2026-09-16,New,2026-09-16,,,,,,
WY-0118,WY-0118-01,,Martinez Wines,Martinez Wines,,Off-Licence,Independent fine wine merchant (with cellar wine bar),Independent,1,https://martinez.co.uk/,,https://www.instagram.com/martinezwines/,https://x.com/martinezwines,35 The Grove,,Ilkley,West Yorkshire,LS29 9NJ,Yorkshire & Humber,England,01943 600000,,,shop@martinez.co.uk,,,,,,,,,,,,fine wine; spirits; beer,,Off-Licence,,Long-established independent wine merchant in Ilkley; listed in the Harpers directory as 'Martinez Fine Wines'. Phone and email as summarised from its own contact page (martinez.co.uk/shop-services/contact/) in search results.,High,Independent retailer; Relevant category; Public email available; Active website; Social presence; Phone verified on official website,https://martinez.co.uk/shop-services/contact/,https://www.instagram.com/martinezwines/,3,No,No,No,No,Verified on official website,Publicly Listed,2026-09-16,Requires Verification,Medium,,Business (B2B),Legitimate interest (B2B) - assess per campaign; PECR: corporate subscribers,,No,2026-09-16,New,2026-09-16,,,,,,
WY-0119,WY-0119-01,,Matharu Newsagents,Matharu Newsagents,,Newsagent,,Independent,1,,,,,46 Monk Bridge Road,Meanwood,Leeds,West Yorkshire,LS6 4ER,Yorkshire & Humber,England,0113 275 1851,,,,,,,,,,,,,,,newspapers; magazines; confectionery; tobacco,,Newsagent,,,Low,Independent retailer; Relevant category,https://findit.yorkshireeveningpost.co.uk/search/leeds/newsagent,,1,No,No,No,No,Verified directory,Not Found,2026-09-16,Requires Verification,Medium,,Business (B2B),Legitimate interest (B2B) - assess per campaign; PECR: corporate subscribers,,No,2026-09-16,New,2026-09-16,,,,,,
WY-0120,WY-0120-01,,Meltham Convenience Store,Meltham Convenience Store,,Convenience Store,Convenience store and off-licence,Independent,1,,,,,30 Meltham Mills Road,,Meltham,West Yorkshire,HD9 4EJ,Yorkshire & Humber,England,01484 618211,,,,,,,,,,,,,,,convenience goods; alcohol; tobacco; newspapers,,Convenience Store,,Listed under Off Licences on Yell and as a convenience store on Gazette Live directory with matching address and phone.,Low,Independent retailer; Relevant category,https://www.yell.com/biz/meltham-convenience-store-holmfirth-9079746/,https://directory.gazettelive.co.uk/company/d9f72795f940854d6693354206b3bc2d,2,No,No,No,No,Verified directory,Not Found,2026-09-16,Requires Verification,Medium,,Business (B2B),Legitimate interest (B2B) - assess per campaign; PECR: corporate subscribers,,No,2026-09-16,New,2026-09-16,,,,,,
WY-0121,WY-0121-01,,Mister Motivaper,Mister Motivaper,,Vape Shop,Vape retailer,Independent,1,,,,,7 Horse Fair,,Pontefract,West Yorkshire,,Yorkshire & Humber,England,01274 987430,,,,,,,,,,,,,,,vape hardware; e-liquids,,Vape Shop,,"Next door to Vaperites on Horse Fair. Listed phone is a Bradford (01274) number, suggesting possible link to a Bradford-based operator - unconfirmed.",Medium,Independent retailer; Core relevant category,https://ecigdirectory.co.uk/vape-shop/listing/mister-motivaper-pontefract,,1,No,No,No,No,Verified directory,Not Found,2026-09-16,Requires Verification,Low,,Business (B2B),Legitimate interest (B2B) - assess per campaign; PECR: corporate subscribers,,No,2026-09-16,New,2026-09-16,,,,,,
WY-0122,WY-0122-01,,Mount Pellon Newsagent,Mount Pellon Newsagent,,Newsagent,Corner shop newsagent with Royal Mail parcel services,Independent,1,,,,,Cross Street West,Mount Pellon,Halifax,West Yorkshire,HX2 0HA,Yorkshire & Humber,England,01422 361609,,,,,,,,,,,,,,,news; convenience; parcel services,,Newsagent,,,Low,Independent retailer; Relevant category,https://www.misterwhat.co.uk/company/573371-mount-pellon-newsagent-halifax,https://www.yorkshire.com/halifax/shopping/corner-shops/mount-pellon-newsagent,2,No,No,No,No,Verified directory,Not Found,2026-09-16,Requires Verification,Medium,,Business (B2B),Legitimate interest (B2B) - assess per campaign; PECR: corporate subscribers,,No,2026-09-16,New,2026-09-16,,,,,,
WY-0123,WY-0123-01,,Mount Vapes,Mount Vapes,,Vape Shop,,Independent,1,https://mountvapes.co.uk/,https://www.facebook.com/MountVapes/,,,,Boothtown,Halifax,West Yorkshire,HX3 6EE,Yorkshire & Humber,England,07843 846154,,,,,,,,,,,,,,,vape hardware; e-liquids,,Vape Shop,,Shop in the Boothtown area of Halifax with its own website and Facebook page; street address not obtainable (website fetch blocked by network egress proxy).,Medium,Independent retailer; Core relevant category; Active website; Social presence,https://mountvapes.co.uk/,https://vapeshops.puffingbird.com/yorkshire-and-the-humber/halifax/mount-vapes,3,No,No,No,No,Verified directory,Website Found,2026-09-16,Requires Verification,Medium,,Business (B2B),Legitimate interest (B2B) - assess per campaign; PECR: corporate subscribers,,No,2026-09-16,New,2026-09-16,,,,,,
WY-0124,WY-0124-01,,Mytholmroyd Post Office,Mytholmroyd Post Office,,Convenience Store,Post office and newsagent counter,Independent,1,,,,,"Grange Dene, Burnley Road",Mytholmroyd,Mytholmroyd,West Yorkshire,HX7 5LF,Yorkshire & Humber,England,,,,,,,,,,,,,,,,convenience; news; post office services,,Convenience Store,,Early-opening village post office/shop (06:30 weekdays). Post office counter is franchised; retail side independently run.,Low,Independent retailer; Relevant category,https://www.postoffice.co.uk/branch-finder/6314589/mytholmroyd,https://findit.halifaxcourier.co.uk/company/1235285678424065,2,No,No,No,No,Not Found,Not Found,2026-09-16,Requires Verification,Medium,,Business (B2B),Legitimate interest (B2B) - assess per campaign; PECR: corporate subscribers,,No,2026-09-16,New,2026-09-16,,,,,,
UK-000266,UK-000266-01,,Ninnsi,Ninnsi,,Independent Supermarket,Oriental / Asian store,Independent,1,https://ninnsi.co.uk,,,,,,Kingston upon Hull,East Riding of Yorkshire,,Yorkshire & Humber,England,,,,,,,,,,,,,,,,Asian ingredients; snacks; bubble tea supplies,,Independent Supermarket,,Hull-based oriental store (own website ninnsi.co.uk). No street address/phone in search results.,Medium,Independent retailer; Relevant category; Active website,https://ninnsi.co.uk/,,1,Yes,No,No,No,Not Found,Not Found,2026-09-16,Partially Verified,Low,,Business (B2B),Legitimate interest (B2B) - assess per campaign; PECR: corporate subscribers,,No,2026-09-16,New,2026-09-16,,,,,,
WY-0125,WY-0125-01,,Nisa Local Knottingley,Nisa Local,,Convenience Store,Symbol group convenience store,Franchise / Symbol Group,1,https://www.nisalocally.co.uk/stores/west-yorkshire/knottingley,https://www.facebook.com/NisaLocalPinewoodPlaceKnottingley/,,,12-14 Pinewood Place,,Knottingley,West Yorkshire,WF11 0QH,Yorkshire & Humber,England,01977 607202,,,,,,,,,,,,,,,grocery; alcohol; convenience,,Convenience Store,Nisa symbol group (Co-op wholesale supply),Independently owned Nisa symbol store; also appears on the official Nisa Locally store finder for Knottingley.,Medium,Independent retailer; Relevant category; Active website; Social presence,https://www.nisalocally.co.uk/stores/west-yorkshire/knottingley,https://www.facebook.com/NisaLocalPinewoodPlaceKnottingley/,4,No,No,No,No,Verified directory,Not Found,2026-09-16,Requires Verification,Medium,,Business (B2B),Legitimate interest (B2B) - assess per campaign; PECR: corporate subscribers,,No,2026-09-16,New,2026-09-16,,,,,,
WY-0126,WY-0126-01,,Northowram Post Office,Northowram Post Office,,Convenience Store,Family-run convenience store with post office,Independent,1,,,,,62 Towngate,Northowram,Halifax,West Yorkshire,HX3 7DX,Yorkshire & Humber,England,,,,,,,,,,,,,,,,convenience; post office services,,Convenience Store,,Described as a family-run convenience store; long opening hours (to 9pm daily). Post office counter is a franchise of Post Office Ltd but the shop is independently owned.,Low,Independent retailer; Relevant category,https://www.postoffice.co.uk/branch-finder/6204589/northowram,https://www.royalmail.com/services-near-you/post-office/northowram-hx3-7dx,2,No,No,No,No,Not Found,Not Found,2026-09-16,Requires Verification,Medium,,Business (B2B),Legitimate interest (B2B) - assess per campaign; PECR: corporate subscribers,,No,2026-09-16,New,2026-09-16,,,,,,
WY-0127,WY-0127-01,,Notay Convenience Store (Premier),Notay Convenience Store,,Convenience Store,Premier symbol group convenience store,Franchise / Symbol Group,1,https://www.premier-stores.co.uk/our-stores/notay-convenience-store,,,,Oakhill Road,,Batley,West Yorkshire,WF17 8JD,Yorkshire & Humber,England,01924 471483,,,,,,,,,,,,,,,convenience goods; alcohol; tobacco; groceries,,Convenience Store,Premier (Booker) symbol group,Independently owned store trading under the Premier fascia; listed on the official Premier Stores locator.,Medium,Independent retailer; Relevant category; Active website,https://www.premier-stores.co.uk/our-stores/notay-convenience-store,,1,No,No,No,No,Verified directory,Not Found,2026-09-16,Requires Verification,Medium,,Business (B2B),Legitimate interest (B2B) - assess per campaign; PECR: corporate subscribers,,No,2026-09-16,New,2026-09-16,,,,,,
WY-0128,WY-0128-01,,Off Licence and Convenience Store (Cutsyke),Off Licence and Convenience Store,,Off-Licence,Off-licence and convenience store,Independent,1,,,,,2 Leeds Road,Cutsyke,Castleford,West Yorkshire,WF10 5HA,Yorkshire & Humber,England,,,,,,,,,,,,,,,,alcohol; convenience grocery,,Off-Licence,,Registered on the FSA food hygiene register under the generic name 'Off Licence and Convenience Store'; actual fascia/trading name needs on-the-ground or Google Business verification.,Low,Independent retailer; Relevant category,https://ratings.food.gov.uk/business/1268724/off-licence-and-convenience-store-castleford,,1,No,No,No,No,Not Found,Not Found,2026-09-16,Requires Verification,Low,,Business (B2B),Legitimate interest (B2B) - assess per campaign; PECR: corporate subscribers,,No,2026-09-16,New,2026-09-16,,,,,,
WY-0129,WY-0129-01,,Outwood Express,Outwood Express,,Convenience Store,Convenience store / grocer,Independent,1,,,,,,Outwood,Wakefield,West Yorkshire,,Yorkshire & Humber,England,,,,,,,,,,,,,,,,grocery; convenience,,Convenience Store,,"Listed on Yell under Grocers & Convenience Stores, Wakefield WF1 (Outwood). Full address/phone behind Yell listing which could not be fetched - needs follow-up.",Low,Independent retailer; Relevant category,https://www.yell.com/biz/outwood-express-wakefield-10165328/,,1,No,No,No,No,Not Found,Not Found,2026-09-16,Requires Verification,Low,,Business (B2B),Legitimate interest (B2B) - assess per campaign; PECR: corporate subscribers,,No,2026-09-16,New,2026-09-16,,,,,,
WY-0130,WY-0130-01,,Pakeezah Superstore,Pakeezah,,Independent Supermarket,Asian / halal superstore with curry counter,Independent,1,https://www.pakeezah.com/,https://www.facebook.com/PakeezahGourmet/,,,91 Edderthorpe Street,,Bradford,West Yorkshire,BD3 9UD,Yorkshire & Humber,England,01274 739500,,,info@pakeezah.com,,,,,,,,,,,,halal meat; Asian groceries; fresh produce; prepared foods,,Independent Supermarket,,"Well-known Bradford Asian superstore, open daily 9am-9pm. Address and phone consistent across Thomson Local, Yelp and Hotfrog.",Medium,Independent retailer; Relevant category; Public email available; Active website; Social presence,https://www.thomsonlocal.com/search/supermarkets/bradford-keighley-skipton/pakeezah/1241547/01274739500,https://www.yelp.com/biz/pakeezah-superstore-bradford,3,No,No,Yes,No,Verified directory,Website Found,2026-09-16,Partially Verified,Medium,,Business (B2B),Legitimate interest (B2B) - assess per campaign; PECR: corporate subscribers,,No,2026-09-16,New,2026-09-16,,,,,,
WY-0131,WY-0131-01,,Phantom Vape Store,Phantom Vapes,,Vape Shop,"Pods, kits, e-liquids and accessories",Independent,1,https://www.phantomvapes.co.uk/,https://www.facebook.com/61578393599194/,,,17 Slaithwaite Road,Thornhill Lees,Dewsbury,West Yorkshire,WF12 9DJ,Yorkshire & Humber,England,,,,,,,,,,,,,,,,vape hardware; pod systems; e-liquids; accessories,,Vape Shop,,Address published on the business's own website (seen in search results); site fetch blocked by proxy so phone/email not captured.,Medium,Independent retailer; Core relevant category; Active website; Social presence,https://www.phantomvapes.co.uk/vape-shop-dewsbury,https://www.facebook.com/61578393599194/,2,No,No,No,No,Not Found,Website Found,2026-09-16,Requires Verification,Medium,,Business (B2B),Legitimate interest (B2B) - assess per campaign; PECR: corporate subscribers,,No,2026-09-16,New,2026-09-16,,,,,,
WY-0132,WY-0132-01,,Phoenix Filling Station,Phoenix Filling Station (BP),Phoenix Filling Station Ltd,Petrol Station / Forecourt,Independent BP-branded 24-hour forecourt with shop,Independent,1,,https://www.facebook.com/phoenixFST/,,,93 Listerhills Road,,Bradford,West Yorkshire,BD7 1JT,Yorkshire & Humber,England,01274 721896,,,,,,,,,11511613,,PHOENIX FILLING STATION LTD,,,,fuel; convenience shop lines,,Petrol Station / Forecourt,,Independently owned limited company operating a BP-branded 24/7 forecourt with well-stocked shop near the university quarter.,Medium,Independent retailer; Relevant category; Social presence,https://find-and-update.company-information.service.gov.uk/company/11511613,https://www.mylocalservices.co.uk/Phoenix+Filling+Station-Bradford-2646217.html,3,No,No,No,Yes,Verified directory,Not Found,2026-09-16,Partially Verified,Medium,,Business (B2B),Legitimate interest (B2B) - assess per campaign; PECR: corporate subscribers,,No,2026-09-16,New,2026-09-16,,,,,,
UK-000267,UK-000267-01,,Platinum Vape Hull,Platinum Vape,,Vape Shop,Disposables and e-liquid shop,Independent,1,,https://www.facebook.com/PlatinumVapehull/,,,,,Kingston upon Hull,East Riding of Yorkshire,,Yorkshire & Humber,England,,,,,,,,,,,,,,,,disposables; e-liquids; nicotine salts; hardware,,Vape Shop,,"Independent vape shop; describes itself as most-stocked in Hull for disposables, e-liquid, hardware and nic salt. No address/phone in search results.",Medium,Independent retailer; Core relevant category; Social presence,https://www.facebook.com/PlatinumVapehull/,,1,No,No,No,No,Not Found,Not Found,2026-09-16,Requires Verification,Low,,Business (B2B),Legitimate interest (B2B) - assess per campaign; PECR: corporate subscribers,,No,2026-09-16,New,2026-09-16,,,,,,
WY-0133,WY-0133-01,,Premier (Bingley Convenience Store),Premier Bingley Convenience Store,,Convenience Store,Symbol-group convenience store,Franchise / Symbol Group,1,,,,,,,Bingley,West Yorkshire,,Yorkshire & Humber,England,,,,,,,,,,,,,,,,convenience lines; groceries; alcohol,,Convenience Store,,Independently owned Premier (Booker) symbol store in Bingley. Street address not captured - needs enrichment.,Low,Independent retailer; Relevant category,https://www.yorkshire.com/bingley/shopping/corner-shops/premier-bingley-convenience-store,,1,No,No,No,No,Not Found,Not Found,2026-09-16,Requires Verification,Low,,Business (B2B),Legitimate interest (B2B) - assess per campaign; PECR: corporate subscribers,,No,2026-09-16,New,2026-09-16,,,,,,
WY-0134,WY-0134-01,,Premier Hemsworth,Premier,,Convenience Store,Symbol group convenience store,Franchise / Symbol Group,1,,,,,51-55 Barnsley Road,,Hemsworth,West Yorkshire,WF9 4QZ,Yorkshire & Humber,England,,,,,,,,,,,,,,,,grocery; alcohol; tobacco; convenience,,Convenience Store,Premier symbol group (Booker supply),Independently owned Premier (Booker) symbol store.,Low,Independent retailer; Relevant category,https://hemsworth.ukintouch.com/convenience-store/premier-hemsworth/,,1,No,No,No,No,Not Found,Not Found,2026-09-16,Requires Verification,Medium,,Business (B2B),Legitimate interest (B2B) - assess per campaign; PECR: corporate subscribers,,No,2026-09-16,New,2026-09-16,,,,,,
WY-0135,WY-0135-01,,Premier Wholesale Cash & Carry,Premier Wholesale Cash & Carry,,Cash & Carry,General cash and carry wholesaler,Independent,1,,,,,Clough Lane,Paddock,Huddersfield,West Yorkshire,HD1 4UW,Yorkshire & Humber,England,,,,,,,,,,,,,,,,wholesale groceries; discount goods,,Cash & Carry,,"Listed on Yell under Discount Stores / cash and carry at Clough Lane, Paddock; no relation to the Premier symbol group confirmed.",Medium,Independent retailer; Core relevant category,https://www.yell.com/biz/premier-wholesale-cash-and-carry-huddersfield-943025/,,1,No,No,No,No,Not Found,Not Found,2026-09-16,Requires Verification,Low,,Business (B2B),Legitimate interest (B2B) - assess per campaign; PECR: corporate subscribers,,No,2026-09-16,New,2026-09-16,,,,,,
WY-0136,WY-0136-01,,"Quix Newsagents, Off Licence & Convenience Store",Quix,,Convenience Store,"Newsagent, off-licence & convenience store",Independent,1,,,,,,,Shipley,West Yorkshire,,Yorkshire & Humber,England,,,,,,,,,,,,,,,,news; alcohol; convenience lines,,Convenience Store,,Combined newsagent/off-licence/convenience store listed under Shipley corner shops. Street address not captured - needs enrichment.,Low,Independent retailer; Relevant category,https://www.yorkshire.com/shipley/shopping/corner-shops/quix-newsagents-off-licence-convenience-store,,1,No,No,No,No,Not Found,Not Found,2026-09-16,Requires Verification,Low,,Business (B2B),Legitimate interest (B2B) - assess per campaign; PECR: corporate subscribers,,No,2026-09-16,New,2026-09-16,,,,,,
WY-0137,WY-0137-01,,Rahien Mini Market,Rahien Mini Market,,Convenience Store,Mini market,Independent,1,,,,,Queen's Road,Headingley / Hyde Park,Leeds,West Yorkshire,,Yorkshire & Humber,England,,,,,,,,,,,,,,,,groceries; everyday essentials,,Convenience Store,,Highly rated local mini market serving the Headingley student area; street number not published in sources found.,Low,Independent retailer; Relevant category,https://www.yorkshire.com/headingley/shopping/markets/rahien-mini-market,,1,No,No,No,No,Not Found,Not Found,2026-09-16,Requires Verification,Low,,Business (B2B),Legitimate interest (B2B) - assess per campaign; PECR: corporate subscribers,,No,2026-09-16,New,2026-09-16,,,,,,
UK-000268,UK-000268-01,,Rawal Lounge Sheffield,Rawal Lounge,,Smoke / Shisha Shop,Rooftop shisha lounge,Independent,1,,,https://www.instagram.com/rawallounge_sheffield/,,110 John Street,Highfield,Sheffield,South Yorkshire,S2 4QU,Yorkshire & Humber,England,,,,rawalloungesheffield@hotmail.com,,,,,,,,,,,,shisha; soft drinks; food,,Smoke / Shisha Shop,,"Independent rooftop shisha bar/lounge in Highfield, Sheffield. Email publicly listed alongside Instagram.",Medium,Independent retailer; Core relevant category; Public email available; Social presence,https://www.instagram.com/rawallounge_sheffield/,,1,No,No,No,No,Not Found,Publicly Listed,2026-09-16,Requires Verification,Low,,Business (B2B),Legitimate interest (B2B) - assess per campaign; PECR: corporate subscribers,,No,2026-09-16,New,2026-09-16,,,,,,
UK-000269,UK-000269-01,,Retreat Sheesha Lounge,Retreat Sheesha Lounge,,Smoke / Shisha Shop,Shisha cafe / lounge,Independent,1,,,,,,,Kingston upon Hull,East Riding of Yorkshire,,Yorkshire & Humber,England,,,,,,,,,,,,,,,,shisha; hookah; cafe,,Smoke / Shisha Shop,,"Independent shisha cafe/lounge in Hull, positively reviewed on TripAdvisor. No street address/phone in search results.",Medium,Independent retailer; Core relevant category,https://www.tripadvisor.co.uk/Restaurant_Review-g186317-d4522051-Reviews-Retreat_Sheesha_Lounge-Kingston_upon_Hull_East_Riding_of_Yorkshire_England.html,,1,No,No,No,No,Not Found,Not Found,2026-09-16,Requires Verification,Low,,Business (B2B),Legitimate interest (B2B) - assess per campaign; PECR: corporate subscribers,,No,2026-09-16,New,2026-09-16,,,,,,
WY-0138,WY-0138-01,,Revo Vapes,Revo Vapes,,Vape Shop,,Independent,1,,,,,"Unit 1a, 91 Queen Street",,Morley,West Yorkshire,LS27 8DW,Yorkshire & Humber,England,,,,,,,,,,,,,,,,vape hardware; e-liquids,,Vape Shop,,Vape shop in Morley town centre (Morley South ward).,Medium,Independent retailer; Core relevant category,https://revo-vapes.wheree.com/,,1,No,No,No,No,Not Found,Not Found,2026-09-16,Requires Verification,Low,,Business (B2B),Legitimate interest (B2B) - assess per campaign; PECR: corporate subscribers,,No,2026-09-16,New,2026-09-16,,,,,,
UK-000270,UK-000270-01,,Revolution Vape,Revolution Vape,,Vape Shop,Vape shop,Independent,1,,,,,75 High Street,Wath upon Dearne,Rotherham,South Yorkshire,S63 7QB,Yorkshire & Humber,England,,,,,,,,,,,,,,,,vape hardware; e-liquids; disposables,,Vape Shop,,Independent vape shop on the High Street in Wath upon Dearne. Address/postcode from Cylex listing.,Medium,Independent retailer; Core relevant category,https://wath-upon-dearne.cylex-uk.co.uk/company/revolution-vape-19882113.html,,1,No,No,No,No,Not Found,Not Found,2026-09-16,Requires Verification,Low,,Business (B2B),Legitimate interest (B2B) - assess per campaign; PECR: corporate subscribers,,No,2026-09-16,New,2026-09-16,,,,,,
UK-000271,UK-000271-01,,RicherVapes,RicherVapes,,Vape Shop,"E-cigarette, e-liquid & hardware specialist",Independent,1,https://richervapes.com/,https://www.facebook.com/richervapes/,,,2 Skeldergate,,York,North Yorkshire,YO1 6DG,Yorkshire & Humber,England,07879 654682,,,richervapes@gmail.com,,,,,,,,,,,,vape kits; e-liquids; replacement coils; tanks; accessories,,Vape Shop,,"Independent York city-centre vape shop. Own website richervapes.com; shop-info page gives address 2 Skeldergate, phone and gmail contact, all surfaced via search snippets (direct fetch blocked by egress policy). Open Mon-Sat 10:00-17:00.",High,Independent retailer; Core relevant category; Public email available; Active website; Social presence,https://richervapes.com/pages/come-and-visit-us,https://www.yell.com/biz/richer-vapes-york-8974674/,3,No,No,No,No,Verified directory,Publicly Listed,2026-09-16,Requires Verification,Medium,,Business (B2B),Legitimate interest (B2B) - assess per campaign; PECR: corporate subscribers,,No,2026-09-16,New,2026-09-16,,,,,,
UK-000272,UK-000272-01,,Ripon News,Ripon News,,Newsagent,Newsagent & convenience,Independent,1,,,,,54 North Street,,Ripon,North Yorkshire,HG4 1EN,Yorkshire & Humber,England,01765 604337,,,,,,,,,,,,,,,newspapers; magazines; convenience groceries; confectionery,,Newsagent,,Independent Ripon newsagent at 54 North Street (HG4 1EN). Address/phone from Scoot / Touch Local directory listings via search snippets.,Low,Independent retailer; Relevant category,https://www.scoot.co.uk/England/North-Yorkshire/Ripon/Ripon-News-CFRK298.html,,1,No,No,No,No,Verified directory,Not Found,2026-09-16,Requires Verification,Low,,Business (B2B),Legitimate interest (B2B) - assess per campaign; PECR: corporate subscribers,,No,2026-09-16,New,2026-09-16,,,,,,
WY-0139,WY-0139-01,,Ryans The Tobacconist,Ryans,,Tobacco Specialist,"Traditional tobacconist - cigars, pipes, tobacco",Independent,1,https://www.ryanstobacconist.co.uk/,https://www.facebook.com/ryans.tobacconist/,https://www.instagram.com/ryansthetobacconist/,,5 The Headrow,City Centre,Leeds,West Yorkshire,LS1 6PU,Yorkshire & Humber,England,0113 242 2585,,,Ryans.2000@outlook.com,,,,,,,,,,,,cigarettes; cigars; pipe tobacco; smoking accessories,,Tobacco Specialist,,"Described as the sole traditional and modern tobacconist in Leeds, trading for more than 40 years. Email as published on their contact page (surfaced in search results).",High,Independent retailer; Core relevant category; Public email available; Active website; Social presence,https://www.ryanstobacconist.co.uk/contact-us,https://wegetyoufound.co.uk/listings/ryans/leeds/tobacco-shop,2,No,No,No,No,Verified directory,Publicly Listed,2026-09-16,Requires Verification,Medium,,Business (B2B),Legitimate interest (B2B) - assess per campaign; PECR: corporate subscribers,,No,2026-09-16,New,2026-09-16,,,,,,
UK-000273,UK-000273-01,,Ryedale Vapour,Ryedale Vapour,,Vape Shop,"Premium vape juices, e-liquids & accessories",Independent,1,,,,,15 Yorkersgate,,Malton,North Yorkshire,YO17 7AA,Yorkshire & Humber,England,01653 228160,,,,,,,,,,,,,,,vape juices; e-liquids; accessories,,Vape Shop,,Independent Malton vape shop at 15 Yorkersgate (YO17 7AA); the same address is also listed under trading name 'The Kings Custard'. Address/phone from Yelp / Cylex Malton listings via search snippets.,Medium,Independent retailer; Core relevant category,https://www.yelp.com/search?cflt=vapeshops&find_loc=Malton+YO17,,1,No,No,No,No,Verified directory,Not Found,2026-09-16,Requires Verification,Low,,Business (B2B),Legitimate interest (B2B) - assess per campaign; PECR: corporate subscribers,,No,2026-09-16,New,2026-09-16,,,,,,
UK-000274,UK-000274-01,,S.J. Convenience Store,S.J. Convenience Store,,Convenience Store,Corner shop,Independent,1,,,,,,,Kingston upon Hull,East Riding of Yorkshire,,Yorkshire & Humber,England,,,,,,,,,,,,,,,,groceries; confectionery; newspapers,,Convenience Store,,Independent corner shop/convenience store in Hull. No street address/phone in search results.,Low,Independent retailer; Relevant category,https://www.yorkshire.com/hull/shopping/corner-shops/sj-convenience-store,,1,No,No,No,No,Not Found,Not Found,2026-09-16,Requires Verification,Low,,Business (B2B),Legitimate interest (B2B) - assess per campaign; PECR: corporate subscribers,,No,2026-09-16,New,2026-09-16,,,,,,
WY-0140,WY-0140-01,,SMKD,SMKD,SMKD Vape Limited,Vape Shop,Online vape retailer with same-day West Yorkshire delivery (former multi-store chain),Independent,1,https://smkd.com/,https://www.facebook.com/SmkdVapeShop/,,,"Unit 7, Bradford Chamber Business Park",New Lane,Bradford,West Yorkshire,BD4 8BX,Yorkshire & Humber,England,01274 270303,,,info@smkd.com,,,,,,,,,,,,vape hardware; e-liquids; disposables,,Vape Shop,,"IMPORTANT: the former SMKD retail chain (operated by Smokers Delight Ltd, with stores in Leeds Central Arcade, Huddersfield 7 High Street HD1 2LT, Wakefield Ridings Centre, Bradford John Street, Shipley, Keighley, Cleckheaton, Garforth, Wetherby, Hemsworth, Pontefract) has CLOSED all its physical shops. SMKD Vape Limited took over the SMKD brand/website and trades online from Bradford (BD4 8BX) with free same-day delivery over GBP 25 across most of West Yorkshire. Store-locator pages remain live on smkd.com but describe closed shops - do NOT treat them as live retail locations. Prospect value: active online vape retailer/brand owner in Bradford.",High,Independent retailer; Core relevant category; Public email available; Active website; Social presence; Phone verified on official website,https://smkd.com/vape-shop-locator/,https://smkd.com/vape-shop-locator/huddersfield-vape-shop-high-street/,4,Yes,No,No,No,Verified on official website,Publicly Listed,2026-09-16,Partially Verified,Medium,,Business (B2B),Legitimate interest (B2B) - assess per campaign; PECR: corporate subscribers,,No,2026-09-16,New,2026-09-16,,,,,,
WY-0141,WY-0141-01,,SPAR Huddersfield Road,"SPAR Huddersfield Road, Elland",,Convenience Store,SPAR symbol group convenience store with off-licence,Franchise / Symbol Group,1,https://www.spar.co.uk/store-locator/hal32443-spar-huddersfield-road,,,,Huddersfield Road,,Elland,West Yorkshire,HX5 9AA,Yorkshire & Humber,England,01422 648232,,,,,,,,,,,,,,,"convenience; beers, wines and spirits",,Convenience Store,SPAR UK (James Hall & Co is the SPAR wholesaler for the North of England),Store operator (independent retailer vs company-owned) not established; listed on the official SPAR UK store locator.,Medium,Independent retailer; Relevant category; Active website,https://www.spar.co.uk/store-locator/hal32443-spar-huddersfield-road,https://www.openingtimesin.uk/spar-elland,3,No,No,No,No,Verified directory,Not Found,2026-09-16,Requires Verification,Medium,,Business (B2B),Legitimate interest (B2B) - assess per campaign; PECR: corporate subscribers,,No,2026-09-16,New,2026-09-16,,,,,,
WY-0142,WY-0142-01,,SPAR Outwood,SPAR Outwood,,Convenience Store,Symbol group convenience store,Franchise / Symbol Group,1,https://www.spar.co.uk/store-locator/afb49926-spar-outwood,,,,Potovens Lane,Outwood,Wakefield,West Yorkshire,WF1 2LE,Yorkshire & Humber,England,01924 822641,,,,,,,,,,,,,,,grocery; alcohol; food to go,,Convenience Store,SPAR symbol group (likely James Hall & Co territory for North of England),On the official SPAR UK store locator. Operator (independent retailer vs company-owned) not established; SPAR stores in this area are commonly independently owned.,Medium,Independent retailer; Relevant category; Active website,https://www.spar.co.uk/store-locator/afb49926-spar-outwood,https://www.192.com/atoz/business/wakefield-wf1/convenience-stores/spar-outwood/9bb09a8d82ab0999cf3197b0d056b3add8363126/ugc/,3,No,No,No,No,Verified directory,Not Found,2026-09-16,Requires Verification,Medium,,Business (B2B),Legitimate interest (B2B) - assess per campaign; PECR: corporate subscribers,,No,2026-09-16,New,2026-09-16,,,,,,
UK-000275,UK-000275-01,,Sako Polish Shop Doncaster,Sako Market,,Independent Supermarket,Polish / European grocery store,Independent,1,https://sakomarket.com/,,,,40 Duke Street,,Doncaster,South Yorkshire,,Yorkshire & Humber,England,,,,,,,,,,,,,,,,Polish groceries; deli meats; cheeses; fresh and frozen foods,,Independent Supermarket,,"Independent Polish/European grocery shop at 40 Duke Street, Doncaster town centre. Website (sakomarket.com) and directory listing found; postcode not captured.",Medium,Independent retailer; Relevant category; Active website,https://bippermedia.com/uk/st/england/south-yorkshire/doncaster/grocery-store/sako-polish-shop-doncaster-doncaster/,,1,No,No,No,No,Not Found,Website Found,2026-09-16,Requires Verification,Low,,Business (B2B),Legitimate interest (B2B) - assess per campaign; PECR: corporate subscribers,,No,2026-09-16,New,2026-09-16,,,,,,
WY-0143,WY-0143-01,,SaveCo Cash & Carry Bradford,SaveCo Cash & Carry,The Meat Company Bradford Ltd,Cash & Carry,Halal supermarket & food cash and carry,Independent,1,https://savecobradford.co.uk/,https://www.facebook.com/savecobradford/,,,"Carter Gear Works, Thornbury Road",,Bradford,West Yorkshire,BD3 8HE,Yorkshire & Humber,England,01274 665555,,,,,,,,,,,,,,,HMC halal meat; world foods; groceries; fresh produce,,Cash & Carry,,"Award-winning halal supermarket / cash & carry. HMC lists operator as 'The Meat Company Bradford Ltd t/a SaveCo Cash & Carry'; a local directory also lists 'SaveCo Cash & Carry Ltd' at this address, and the webshop trades as SaveCo Online Ltd - Companies House verification of the operating entity recommended.",Medium,Independent retailer; Core relevant category; Active website; Social presence,https://savecobradford.co.uk/,https://www.yell.com/biz/saveco-cash-and-carry-bradford-9304267/,4,No,No,No,No,Verified directory,Website Found,2026-09-16,Requires Verification,Medium,,Business (B2B),Legitimate interest (B2B) - assess per campaign; PECR: corporate subscribers,,No,2026-09-16,New,2026-09-16,,,,,,
UK-000276,UK-000276-01,,Selby Vapes,Selby Vapes,,Vape Shop,"E-liquids, nic salts & vape kits",Independent,1,,,,https://nextdoor.co.uk/pages/selby-vapes-selby-north-yorkshire/,24 Abbots Court,,Selby,North Yorkshire,YO8 8BF,Yorkshire & Humber,England,07772 913458,,,,,,,,,,,,,,,e-liquids; nic salts; vape kits,,Vape Shop,,"Independent Selby vape shop established 2020, open 7 days. Address 24 Abbots Court and mobile number from eCig Directory / Bizify / Cylex / Nextdoor listings via search snippets.",Medium,Independent retailer; Core relevant category; Social presence,https://www.bizify.co.uk/vape-shops/york/YO8-8FB/selby-vapes,https://ecigdirectory.co.uk/vape-shop/listing/selby-vapes-selby,2,No,No,No,No,Verified directory,Not Found,2026-09-16,Requires Verification,Medium,,Business (B2B),Legitimate interest (B2B) - assess per campaign; PECR: corporate subscribers,,No,2026-09-16,New,2026-09-16,,,,,,
WY-0144,WY-0144-01,,Select Newsagent,Select Newsagent,,Newsagent,Newsagent and convenience store,Independent,1,,,,,18 Lee Green,,Mirfield,West Yorkshire,WF14 0AB,Yorkshire & Humber,England,01924 695779,,,,,,,,,,,,,,,newspapers; magazines; convenience goods; confectionery,,Newsagent,,,Low,Independent retailer; Relevant category,https://mirfield.cylex-uk.co.uk/company/select-newsagent-28742458.html,https://mirfield.ukintouch.com/convenience-store/select-newsagent/,2,No,No,No,No,Verified directory,Not Found,2026-09-16,Requires Verification,Medium,,Business (B2B),Legitimate interest (B2B) - assess per campaign; PECR: corporate subscribers,,No,2026-09-16,New,2026-09-16,,,,,,
WY-0145,WY-0145-01,,Shans Supermarket,Shans Supermarket,,Independent Supermarket,Multicultural halal supermarket,Independent,1,,https://www.facebook.com/ShansSupermarket/,,,Alice Street,,Keighley,West Yorkshire,,Yorkshire & Humber,England,01535 667889,,,,,,,,,,,,,,,fresh halal meat; spices; grains; pulses; world food ingredients,,Independent Supermarket,,"Described as Keighley's first multicultural halal supermarket, town-centre location on Alice Street.",Medium,Independent retailer; Relevant category; Social presence,https://www.facebook.com/ShansSupermarket/,https://www.yorkshire.com/keighley/shopping/supermarkets/shans-supermarket,2,No,No,No,No,Verified directory,Not Found,2026-09-16,Requires Verification,Medium,,Business (B2B),Legitimate interest (B2B) - assess per campaign; PECR: corporate subscribers,,No,2026-09-16,New,2026-09-16,,,,,,
WY-0146,WY-0146-01,,Sheepridge Off Licence,Sheepridge Off Licence,Sheepridge Off Licence Limited,Off-Licence,Off-licence and convenience store,Independent,1,,,,,73 Lawrence Road,,Huddersfield,West Yorkshire,HD1 4LW,Yorkshire & Humber,England,,,,,,,,,,,,,,,,alcohol; convenience goods,,Off-Licence,,192.com lists the business as a limited company ('Sheepridge Off Licence Limited'); Companies House record not opened so number/status not recorded.,Low,Independent retailer; Relevant category,https://www.192.com/atoz/business/huddersfield-hd1/convenience-stores/sheepridge-off-licence-limited/bfc32af555a5eed742b2bfb4d8a2acd75ab80d62/comp/,,1,No,No,No,No,Not Found,Not Found,2026-09-16,Requires Verification,Low,,Business (B2B),Legitimate interest (B2B) - assess per campaign; PECR: corporate subscribers,,No,2026-09-16,New,2026-09-16,,,,,,
WY-0147,WY-0147-01,,Shoesmiths Tobacconist,Totally Wicked at Shoesmiths,,Tobacco Specialist,Traditional tobacconist and cigar shop,Independent,1,,https://www.facebook.com/shoesmiths/,,,65 Commercial Street,,Halifax,West Yorkshire,HX1 1BE,Yorkshire & Humber,England,,,,,,,,,,,,,,,Totally Wicked,tobacco; cigars; vape hardware; e-liquids,,Tobacco Specialist,Authorised Totally Wicked stockist,"Long-established traditional tobacconist next to the Victoria Theatre; Facebook page branded 'Totally Wicked at Shoesmiths'. eCig Directory lists 'Smokers D'Lite' vape business at the same address (65 Commercial Street), likely a counter within or a former name.",Medium,Independent retailer; Core relevant category; Social presence,https://www.facebook.com/shoesmiths/,https://www.bigreddirectory.com/shoesmiths-tobacconist-halifax,3,No,No,No,No,Not Found,Not Found,2026-09-16,Requires Verification,Medium,,Business (B2B),Legitimate interest (B2B) - assess per campaign; PECR: corporate subscribers,,No,2026-09-16,New,2026-09-16,,,,,,
UK-000277,UK-000277-01,,Smoke & Vape Barnsley,Smoke & Vape,,Smoke / Shisha Shop,Smoke and vape shop,Independent,1,,https://www.facebook.com/p/SMOKE-VAPE-Barnsley-61555973916748/,,,6 Market Street,,Barnsley,South Yorkshire,,Yorkshire & Humber,England,01226 953777,,,,,,,,,,,,,,,tobacco accessories; vapes; e-liquids; disposables,,Smoke / Shisha Shop,,"Independent smoke and vape shop at 6 Market Street, Barnsley. Phone from Facebook page. Postcode not captured.",Medium,Independent retailer; Core relevant category; Social presence,https://www.facebook.com/p/SMOKE-VAPE-Barnsley-61555973916748/,,1,No,No,No,No,Verified directory,Not Found,2026-09-16,Requires Verification,Low,,Business (B2B),Legitimate interest (B2B) - assess per campaign; PECR: corporate subscribers,,No,2026-09-16,New,2026-09-16,,,,,,
UK-000278,UK-000278-01,,Smoke Free Skipton,Smoke Free,,Vape Shop,E-cigarette & e-liquid shop,Independent,1,,,,,19 Water Street,,Skipton,North Yorkshire,BD23 1PQ,Yorkshire & Humber,England,,,,,,,,,,,,,,,,e-cigarettes; e-liquids,,Vape Shop,,Independent Skipton vape shop at 19 Water Street (BD23 1PQ) per eCig Directory / Yelp listings via search snippets. No phone or website surfaced.,Medium,Independent retailer; Core relevant category,https://ecigdirectory.co.uk/vape-shop/listing/smoke-free-skipton,,1,No,No,No,No,Not Found,Not Found,2026-09-16,Requires Verification,Low,,Business (B2B),Legitimate interest (B2B) - assess per campaign; PECR: corporate subscribers,,No,2026-09-16,New,2026-09-16,,,,,,
WY-0148,WY-0148-01,,Smoke-King Tobacconist,Smoke-King,,Tobacco Specialist,"Tobacconist - cigars, pipes, tobacco, online store",Independent,1,https://www.smoke-king.co.uk/,https://www.facebook.com/smokekinguk/,,,"Unit E2, Otley Mills",Ilkley Road,Otley,West Yorkshire,LS21 3EE,Yorkshire & Humber,England,0113 217 7723,,,enquiries@smoke-king.co.uk,,,,,,,,,,,,cigars; cigarettes; pipe tobacco; smoking accessories,,Tobacco Specialist,,Founded 1989 as Greens of Leeds on The Headrow; now trades from a showroom at Otley Mills (inside Barber & Bennett) plus a large online store. Showroom open Tue-Sat 11:00-15:00.,High,Independent retailer; Core relevant category; Public email available; Active website; Social presence,https://www.smoke-king.co.uk/pages/tobacconist-in-otley,https://www.smoke-king.co.uk/pages/contact,4,No,No,Yes,No,Verified directory,Website Found,2026-09-16,Partially Verified,Medium,,Business (B2B),Legitimate interest (B2B) - assess per campaign; PECR: corporate subscribers,,No,2026-09-16,New,2026-09-16,,,,,,
WY-0149,WY-0149-01,,Smokers D'Lite,Smokers D'Lite,,Vape Shop,Vape and smoking accessories,Independent,1,,,,,20 Thorntons Arcade,City Centre,Leeds,West Yorkshire,LS1 6LQ,Yorkshire & Humber,England,,,,,,,,,,,,,,,,vape hardware; e-liquids; smoking accessories,,Vape Shop,,Long-standing city-centre vape/smoking accessories shop in Thorntons Arcade; listed as a verified shop on eCig Directory UK's Leeds network page.,Medium,Independent retailer; Core relevant category,https://ecigdirectory.co.uk/vape-shop-leeds/,https://www.vaporl.com/vape-store-in-leeds-find-an-electronic-cigarette-near-by,2,No,No,No,No,Not Found,Not Found,2026-09-16,Requires Verification,Low,,Business (B2B),Legitimate interest (B2B) - assess per campaign; PECR: corporate subscribers,,No,2026-09-16,New,2026-09-16,,,,,,
WY-0150,WY-0150-01,,Somers of Keighley,Somers Tobacconists,,Tobacco Specialist,Traditional tobacconist,Independent,1,,,,,1 Bow Street,,Keighley,West Yorkshire,BD21 3PB,Yorkshire & Humber,England,01535 604678,,,,,,,,,,,,,,,tobacco; cigars; smoking accessories,,Tobacco Specialist,,"Long-standing specialist tobacconist in Keighley town centre; address and phone consistent across Yelp, Cylex and Citikey listings.",Medium,Independent retailer; Core relevant category,https://www.yelp.com/biz/somers-of-keighley-keighley,https://keighley.cylex-uk.co.uk/company/somers-of-keighley-13656771.html,3,No,No,No,No,Verified directory,Not Found,2026-09-16,Requires Verification,Medium,,Business (B2B),Legitimate interest (B2B) - assess per campaign; PECR: corporate subscribers,,No,2026-09-16,New,2026-09-16,,,,,,
WY-0151,WY-0151-01,,Soothill Convenience Store & Off Licence,Soothill Convenience Store & Off Licence,Soothill Convenience Store & Off Licence Limited,Convenience Store,Convenience store and off-licence,Independent,1,,,,,,Soothill,Batley,West Yorkshire,,Yorkshire & Humber,England,,,,,,,,,,11966163,,SOOTHILL CONVENIENCE STORE & OFF LICENCE LIMITED,,,,convenience goods; alcohol,,Convenience Store,,"Registered company found via Companies House search results; a store at 25a Grace Leather Lane, Soothill WF17 6PP appears in directories but was not confirmed as this company's trading address, so left blank.",Low,Independent retailer; Relevant category,https://find-and-update.company-information.service.gov.uk/company/11966163/persons-with-significant-control,https://open.endole.co.uk/insight/company/11966163-soothill-convenience-store-off-licence-limited,2,No,No,No,No,Not Found,Not Found,2026-09-16,Requires Verification,Low,,Business (B2B),Legitimate interest (B2B) - assess per campaign; PECR: corporate subscribers,,No,2026-09-16,New,2026-09-16,,,,,,
WY-0152,WY-0152-01,,Springfield Garage (Keighley),Springfield Garage (Gulf),Springfield Garage (Keighley) Limited,Petrol Station / Forecourt,Independent Gulf-branded forecourt with shop,Independent,1,,,,,Oakworth Road,,Keighley,West Yorkshire,BD21 1QQ,Yorkshire & Humber,England,01535 604629,,,,,,,,,00871540,,SPRINGFIELD GARAGE (KEIGHLEY) LIMITED,,,,fuel; convenience shop lines,,Petrol Station / Forecourt,,"Long-established family limited company (very old CH number 00871540, 1960s incorporation) running a Gulf-branded forecourt on Oakworth Road. Open 6am-10pm daily per directory listing.",Low,Independent retailer; Relevant category,https://find-and-update.company-information.service.gov.uk/company/00871540,https://www.mylocalservices.co.uk/Springfield+Garage-Keighley-2646735.html,3,No,No,No,Yes,Verified directory,Not Found,2026-09-16,Partially Verified,Medium,,Business (B2B),Legitimate interest (B2B) - assess per campaign; PECR: corporate subscribers,,No,2026-09-16,New,2026-09-16,,,,,,
UK-000279,UK-000279-01,,Sprouts Supermarket,Sprouts Supermarket,,Independent Supermarket,International / South Asian & Caribbean supermarket,Independent,1,,,,,174 Wellgate,,Rotherham,South Yorkshire,S60 2PE,Yorkshire & Humber,England,01709 839980,,,,,,,,,,,,,,,fresh produce; spices; South Asian foods; Caribbean foods; groceries,,Independent Supermarket,,"Independent international supermarket at 174 Wellgate, Rotherham, with South Asian and Caribbean sections. Address/postcode/phone cross-checked in Thomson Local and UKInTouch listings.",Low,Independent retailer; Relevant category,https://www.thomsonlocal.com/search/supermarkets/rotherham/sprouts-supermarket/3066529/01709839980,https://rotherham.ukintouch.com/store/sprouts-supermarket/,2,No,No,No,No,Verified directory,Not Found,2026-09-16,Requires Verification,Medium,,Business (B2B),Legitimate interest (B2B) - assess per campaign; PECR: corporate subscribers,,No,2026-09-16,New,2026-09-16,,,,,,
WY-0153,WY-0153-01,,Stainbeck Off Licence (Best-one),Stainbeck Off Licence,,Off-Licence,Off-licence and convenience store under Best-one symbol,Franchise / Symbol Group,1,,,,,,Chapel Allerton / Meanwood,Leeds,West Yorkshire,,Yorkshire & Humber,England,,,,,,,,,,,,,,,,alcohol; groceries; snacks,,Off-Licence,Best-one (Bestway) symbol group,Independent retailer trading under the Best-one symbol group in the Chapel Allerton area; street address not captured - follow up.,Low,Independent retailer; Relevant category,https://www.yorkshire.com/chapel-allerton/shopping/off-license,,1,No,No,No,No,Not Found,Not Found,2026-09-16,Requires Verification,Low,,Business (B2B),Legitimate interest (B2B) - assess per campaign; PECR: corporate subscribers,,No,2026-09-16,New,2026-09-16,,,,,,
WY-0154,WY-0154-01,,Star Express Off-Licence & Convenience Store,Star Express,,Off-Licence,Off-licence and convenience store,Independent,1,,,,,Norfolk Avenue,,Huddersfield,West Yorkshire,,Yorkshire & Humber,England,,,,,,,,,,,,,,,,alcohol; convenience goods; tobacco,,Off-Licence,,"Open 10:00-22:00 seven days, 4.7 Google rating per Yorkshire.com listing; street number and phone not published in accessible sources.",Low,Independent retailer; Relevant category,https://www.yorkshire.com/huddersfield/shopping/off-license/star-express-off-licence-convenience-store,,1,No,No,No,No,Not Found,Not Found,2026-09-16,Requires Verification,Low,,Business (B2B),Legitimate interest (B2B) - assess per campaign; PECR: corporate subscribers,,No,2026-09-16,New,2026-09-16,,,,,,
WY-0155,WY-0155-01,,Stringers Service Station,Stringers Service Station,,Petrol Station / Forecourt,Independent forecourt (Murco fuel) with shop,Independent,1,,,,,102 Southgate,,Pontefract,West Yorkshire,WF8 1PN,Yorkshire & Humber,England,,,,,,,,,,,,,,,,fuel; convenience shop; car cleaning,,Petrol Station / Forecourt,Murco-branded fuel (dealer site),"Also listed as 'Stringers Friarwood Lane Service Station' (Grove Road, WF8 1PN) on PetrolPrices - same site, alternative address details.",Low,Independent retailer; Relevant category,https://www.petrolprices.com/locations/pontefract/grove-road/6837,https://ratings.food.gov.uk/business/313271/stringers-service-station-pontefract,2,No,No,No,No,Not Found,Not Found,2026-09-16,Requires Verification,Medium,,Business (B2B),Legitimate interest (B2B) - assess per campaign; PECR: corporate subscribers,,No,2026-09-16,New,2026-09-16,,,,,,
WY-0156,WY-0156-01,,Suki's Cash & Carry,Suki's Cash & Carry Wholesalers,,Cash & Carry,"Household goods, partyware, toys & disposables wholesaler",Independent,1,https://sukiscashandcarry.co.uk/,https://www.facebook.com/sukiscashandcarry/,https://www.instagram.com/sukiscashandcarrybradford/,https://nextdoor.co.uk/pages/sukis-cash-carry-wholesalers/,Garnett Street,Off Leeds Road,Bradford,West Yorkshire,BD3 9HN,Yorkshire & Humber,England,01274 736093,,,,,,,,,,,,,,,partyware; giftware; disposables; toiletries; cleaning; toys; stationery; DIY,,Cash & Carry,"Importers, exporters and distributors of haberdashery products and accessories",Self-described 'Bradford's No.1 household goods cash & carry'. Sister site sukisfireworks.co.uk. Postcode BD3 9HN from official-site snippet; one directory shows BD3 9HB.,Medium,Independent retailer; Core relevant category; Active website; Social presence,https://sukiscashandcarry.co.uk/,https://sukiscashandcarry.co.uk/pages/contact-us,6,Yes,No,No,No,Verified directory,Website Found,2026-09-16,Partially Verified,Medium,,Business (B2B),Legitimate interest (B2B) - assess per campaign; PECR: corporate subscribers,,No,2026-09-16,New,2026-09-16,,,,,,
WY-0157,WY-0157-01,,Sup Mirfield,Sup Mirfield,,Convenience Store,Convenience store,Independent,1,,https://www.facebook.com/supmirfield/,,,2 Nettleton Road,,Mirfield,West Yorkshire,,Yorkshire & Humber,England,07387 294049,,,,,,,,,,,,,,,convenience goods; drinks; snacks,,Convenience Store,,Address and mobile number taken from the store's own Facebook page details shown in search results; postcode not published.,Medium,Independent retailer; Relevant category; Social presence,https://www.facebook.com/supmirfield/,,1,No,No,No,No,Verified directory,Not Found,2026-09-16,Requires Verification,Low,,Business (B2B),Legitimate interest (B2B) - assess per campaign; PECR: corporate subscribers,,No,2026-09-16,New,2026-09-16,,,,,,
UK-000280,UK-000280-01,,TLC (Top Lines Catering Supplies),TLC Foods,Top Lines Catering Supplies Limited,Cash & Carry,Catering cash & carry / wholesaler,Independent,1,https://www.tlcfoods.com/,https://www.facebook.com/tlcsheffield/,,,21a Kimberley Street,,Sheffield,South Yorkshire,S9 3WX,Yorkshire & Humber,England,0114 261 9999,,,,,,,,,,,,,,,catering supplies; pizza and takeaway ingredients; food packaging; drinks,,Cash & Carry,,"Independent catering cash & carry / delivered wholesaler supplying takeaways and restaurants across Yorkshire and the Midlands. Trades as TLC / Top Lines Catering Supplies. Address/postcode/phone from tlcfoods.com and Hotfrog; an email is published on the site but was masked in search results, so left blank.",Medium,Independent retailer; Core relevant category; Active website; Social presence,https://www.tlcfoods.com/info/how-to-find-us,https://www.hotfrog.co.uk/company/1096961803157504/top-lines-catering-supplies/sheffield/foods,2,No,No,No,No,Verified directory,Website Found,2026-09-16,Requires Verification,Medium,,Business (B2B),Legitimate interest (B2B) - assess per campaign; PECR: corporate subscribers,,No,2026-09-16,New,2026-09-16,,,,,,
UK-000281,UK-000281-01,,Tang Hall Food & Wine,Tang Hall Food & Wine,,Off-Licence,Off-licence & convenience,Independent,1,,,,,202 Melrosegate,Tang Hall,York,North Yorkshire,YO10 3SW,Yorkshire & Humber,England,,,,,,,,,,,,,,,,wines; spirits; beers; convenience groceries; tobacco,,Off-Licence,,"Independent off-licence / convenience store in the Tang Hall area of York, 202 Melrosegate (YO10 3SW). From Yorkshire.com off-licence directory listing via search snippets. No phone surfaced.",Low,Independent retailer; Relevant category,https://www.yorkshire.com/york/shopping/off-license,,1,No,No,No,No,Not Found,Not Found,2026-09-16,Requires Verification,Low,,Business (B2B),Legitimate interest (B2B) - assess per campaign; PECR: corporate subscribers,,No,2026-09-16,New,2026-09-16,,,,,,
WY-0158,WY-0158-01,,Thali Outlet,Thali Outlet,Thali Outlet Ltd,Cash & Carry,"Trade cash & carry - food packaging, disposables and cleaning products",Independent,1,https://www.thalioutlet.com/,https://www.facebook.com/thalioutlet/,,,"Meanwood Buildings, 277a Meanwood Road",Meanwood,Leeds,West Yorkshire,LS7 2JD,Yorkshire & Humber,England,0113 394 8000,,,sales@thalioutlet.com,sales@thalioutlet.com,,,,,08555459,,THALI OUTLET LTD,,,,food packaging; compostable tableware; carrier bags; cleaning products; catering supplies,,Cash & Carry,,Trade counter with showroom and free parking. Company number from Kompass listing (GB08555459) - not verified directly at Companies House (site blocked by proxy).,High,Independent retailer; Core relevant category; Public trade/sales contact; Active website; Social presence,https://www.thalioutlet.com/pages/contact,https://www.thomsonlocal.com/search/party-goods-novelties/leeds/thali-outlet/1678928/01133948000,3,No,No,No,No,Verified directory,Publicly Listed,2026-09-16,Requires Verification,Medium,,Business (B2B),Legitimate interest (B2B) - assess per campaign; PECR: corporate subscribers,,No,2026-09-16,New,2026-09-16,,,,,,
UK-000282,UK-000282-01,,The Little Shop of Vapes,The Little Shop of Vapes,,Vape Shop,Independent B&M vape shop,Independent,1,,,,,144 Victoria Road,,Scarborough,North Yorkshire,YO11 1SL,Yorkshire & Humber,England,01723 449978,,,,,,,,,,,,,,,vape hardware; e-liquids; nic salts,,Vape Shop,,"Described in directory listings as Scarborough's dedicated independent bricks-and-mortar vape shop. Address 144 Victoria Road and phone from eCig Directory / Cylex / Bizseek listings via search snippets. (A related 'Ecocig Shop of Vapes' listing shares the 144 Victoria Road address.) Open Mon-Fri 09:30-17:00, Sat 10:00-14:00.",Medium,Independent retailer; Core relevant category,https://scarborough.cylex-uk.co.uk/company/the-little-shop-of-vapes-26778046.html,https://www.bizseek.co.uk/the-little-shop-of-vapes-01723-449978,3,No,No,No,No,Verified directory,Not Found,2026-09-16,Requires Verification,Medium,,Business (B2B),Legitimate interest (B2B) - assess per campaign; PECR: corporate subscribers,,No,2026-09-16,New,2026-09-16,,,,,,
WY-0159,WY-0159-01,,The Local: Elland,The Local: Elland,,Off-Licence,Off-licence and everyday essentials,Unknown,1,,,,,160 Westgate,,Elland,West Yorkshire,HX5 0BB,Yorkshire & Humber,England,,,,,,,,,,,,,,,,"beers, wines and spirits; convenience",,Off-Licence,,'The Local' fascia is used by some symbol-group conversions; ownership not established.,Low,Relevant category,https://www.yorkshire.com/elland/shopping/off-license,,1,No,No,No,No,Not Found,Not Found,2026-09-16,Requires Verification,Medium,,Business (B2B),Legitimate interest (B2B) - assess per campaign; PECR: corporate subscribers,,No,2026-09-16,New,2026-09-16,,,,,,
WY-0160,WY-0160-01,,The Shisha Shop Bradford,The Shisha Shop Bradford,,Smoke / Shisha Shop,"Shisha retail & wholesale (pipes, flavour, charcoal)",Independent,1,,,https://www.instagram.com/theshishashopbradford/,,61 Leeds Road,,Bradford,West Yorkshire,BD1 5DY,Yorkshire & Humber,England,07466 392838,,,,,,,,,,,,,,,shisha pipes; shisha flavour; charcoal; accessories,,Smoke / Shisha Shop,,Retails AND wholesales shisha products - potential trade buyer. Phone is a WhatsApp number taken from its Instagram profile as summarised in search results.,Medium,Independent retailer; Core relevant category; Social presence,https://www.instagram.com/theshishashopbradford/,,1,No,No,No,No,Unverified,Not Found,2026-09-16,Requires Verification,Medium,,Business (B2B),Legitimate interest (B2B) - assess per campaign; PECR: corporate subscribers,,No,2026-09-16,New,2026-09-16,,,,,,
UK-000283,UK-000283-01,,The Vape Centre York,The Vape Centre,,Vape Shop,Vape hardware & e-liquid shop,Independent,1,,,,,2 Gillygate,,York,North Yorkshire,YO31 7EA,Yorkshire & Humber,England,01904 927903,,,,,,,,,,,,,,,vape hardware; e-liquids; accessories,,Vape Shop,,"Independent York vape shop at 2 Gillygate (just outside Bootham Bar). Address/phone from Wheree and Cylex York vape-shop listings via search snippets. Postcode YO31 7EA per Gillygate; only 'YO31 7' shown in one snippet, full postcode partially inferred so confidence held at Low-Medium.",Medium,Independent retailer; Core relevant category,https://the-vape-centre-york.wheree.com/,https://york.cylex-uk.co.uk/company/the-vape-centre-york-wetherby-27216167.html,2,No,No,No,No,Verified directory,Not Found,2026-09-16,Requires Verification,Low,,Business (B2B),Legitimate interest (B2B) - assess per campaign; PECR: corporate subscribers,,No,2026-09-16,New,2026-09-16,,,,,,
WY-0161,WY-0161-01,,The Vape Hub,The Vape Hub Bradford,,Vape Shop,Local vape shop,Independent,1,,https://www.facebook.com/tvhbradford/,,,105b Cooper Lane,,Bradford,West Yorkshire,BD6 3PB,Yorkshire & Humber,England,01274 785496,,,,,,,,,,,,,,,vape hardware; e-liquids,,Vape Shop,,South Bradford (Buttershaw/Queensbury side). Address and phone consistent across Cylex and Yell listings.,Medium,Independent retailer; Core relevant category; Social presence,https://www.yell.com/biz/the-vape-hub-bradford-10128282/,https://www.facebook.com/tvhbradford/,3,No,No,No,No,Verified directory,Not Found,2026-09-16,Requires Verification,Medium,,Business (B2B),Legitimate interest (B2B) - assess per campaign; PECR: corporate subscribers,,No,2026-09-16,New,2026-09-16,,,,,,
UK-000284,UK-000284-01,,The Vape Lounge Scunthorpe,The Vape Lounge,,Vape Shop,E-liquid and hardware shop,Independent,1,,,,,223-231 Ashby High Street,,Scunthorpe,Lincolnshire,,Yorkshire & Humber,England,01724 858999,,,,,,,,,,,,,,,e-liquids; vape hardware; disposables,,Vape Shop,,Independent vape shop on Ashby High Street. Sources give partial postcode (DN16) only.,Medium,Independent retailer; Core relevant category,https://ecigdirectory.co.uk/vape-shop/listing/the-vape-lounge-scunthorpe,,1,No,No,No,No,Verified directory,Not Found,2026-09-16,Requires Verification,Low,,Business (B2B),Legitimate interest (B2B) - assess per campaign; PECR: corporate subscribers,,No,2026-09-16,New,2026-09-16,,,,,,
UK-000285,UK-000285-01,,The Vape Lounge Thirsk,The Vape Lounge,,Vape Shop,Vape hardware & e-liquid shop,Independent,1,,,,,7 Market Place,,Thirsk,North Yorkshire,YO7 1HQ,Yorkshire & Humber,England,01845 525571,,,,,,,,,,,,,,,vape hardware; e-liquids,,Vape Shop,,Independent vape shop on Thirsk market place (YO7 1HQ). Distinct from Vape Shop Guy Thirsk (2 Millgate). Address/phone from Crewe Chronicle directory / FindOpen / Cylex listings via search snippets.,Medium,Independent retailer; Core relevant category,https://directory.crewechronicle.co.uk/company/742362676371456,https://ecigdirectory.co.uk/vape-shop/listing/the-vape-lounge-thirsk,2,No,No,No,No,Verified directory,Not Found,2026-09-16,Requires Verification,Medium,,Business (B2B),Legitimate interest (B2B) - assess per campaign; PECR: corporate subscribers,,No,2026-09-16,New,2026-09-16,,,,,,
WY-0162,WY-0162-01,,The Vape Shop Wakefield,The Vape Shop,,Vape Shop,E-cigarettes and e-liquids (American and British ranges),Independent,1,,https://www.facebook.com/vapeshopwakefield.uk/,,,Horbury Road,,Wakefield,West Yorkshire,,Yorkshire & Humber,England,,,,,,,,,,,,,,,,e-cigarettes; e-liquids,,Vape Shop,,"Facebook page describes a popular, well-established e-cig shop on the outskirts of Wakefield city centre; Cylex lists it on Horbury Road. Street number not captured.",Medium,Independent retailer; Core relevant category; Social presence,https://www.facebook.com/vapeshopwakefield.uk/,https://wakefield.cylex-uk.co.uk/company/the-vape-shop-26780276.html,2,No,No,No,No,Not Found,Not Found,2026-09-16,Requires Verification,Low,,Business (B2B),Legitimate interest (B2B) - assess per campaign; PECR: corporate subscribers,,No,2026-09-16,New,2026-09-16,,,,,,
UK-000286,UK-000286-01,,The Vape Supermarket,The Vape Supermarket,,Vape Shop,Vape shop,Independent,1,,https://www.facebook.com/TheVapeSupermarket/,,,,,Barnsley,South Yorkshire,,Yorkshire & Humber,England,,,,,,,,,,,,,,,,coils; e-liquids; devices; disposables,,Vape Shop,,Independent vape shop in Barnsley; Facebook page found. Street address/postcode not captured from search results.,Medium,Independent retailer; Core relevant category; Social presence,https://www.facebook.com/TheVapeSupermarket/,,1,No,No,No,No,Not Found,Not Found,2026-09-16,Requires Verification,Low,,Business (B2B),Legitimate interest (B2B) - assess per campaign; PECR: corporate subscribers,,No,2026-09-16,New,2026-09-16,,,,,,
UK-000287,UK-000287-01,,The Vapers Guild,The Vapers Guild,,Vape Shop,E-cigarette and e-liquid shop,Independent,1,,,,,,,Kingston upon Hull,East Riding of Yorkshire,,Yorkshire & Humber,England,,,,,,,,,,,,,,,,e-liquids; mods; starter kits; tanks,,Vape Shop,,Independent e-cig store within walking distance of Hull city centre per eCig Directory. No street address/phone in search results.,Medium,Independent retailer; Core relevant category,https://ecigdirectory.co.uk/vape-shop/listing/the-vapers-guild-hull,,1,No,No,No,No,Not Found,Not Found,2026-09-16,Requires Verification,Low,,Business (B2B),Legitimate interest (B2B) - assess per campaign; PECR: corporate subscribers,,No,2026-09-16,New,2026-09-16,,,,,,
WY-0163,WY-0163-01,,The Vintage Vapour Co,The Vintage Vapour Co,The Vintage Vapour Co Ltd,Vape Shop,Vape retailer,Independent,1,,,,,12 Town End,,Ossett,West Yorkshire,WF5 8BJ,Yorkshire & Humber,England,,,,,,,,,,,,,,,,vape hardware; e-liquids,,Vape Shop,,Listed in Vape Geezer West Yorkshire directory as 'The Vintage Vapour Co Ltd' - limited company suffix from the directory listing; Companies House record not yet verified.,Medium,Independent retailer; Core relevant category,https://vapegeezer.co.uk/vape-shop-directory/locations/west-yorkshire/,,1,No,No,No,No,Not Found,Not Found,2026-09-16,Requires Verification,Low,,Business (B2B),Legitimate interest (B2B) - assess per campaign; PECR: corporate subscribers,,No,2026-09-16,New,2026-09-16,,,,,,
WY-0164,WY-0164-01,,Thornhill Convenience Store,Thornhill Convenience Store,,Convenience Store,Convenience store,Independent,1,,,,,1b Brewery Lane,Thornhill,Dewsbury,West Yorkshire,WF12 9DZ,Yorkshire & Humber,England,01924 462478,,,,,,,,,,,,,,,convenience goods; groceries; tobacco,,Convenience Store,,,Low,Independent retailer; Relevant category,https://dewsbury.cylex-uk.co.uk/company/thornhill-convenience-store-28660320.html,,1,No,No,No,No,Verified directory,Not Found,2026-09-16,Requires Verification,Medium,,Business (B2B),Legitimate interest (B2B) - assess per campaign; PECR: corporate subscribers,,No,2026-09-16,New,2026-09-16,,,,,,
WY-0165,WY-0165-01,,Todmorden Newscentre,Todmorden Newscentre (formerly Cryers News),TODMORDEN NEWS CENTRE LIMITED,Newsagent,Newsagent with Amazon Counter parcel service,Independent,1,,,,,15 Bridge Street,,Todmorden,West Yorkshire,OL14 5AQ,Yorkshire & Humber,England,01706 819889,,,,,,,,,07292504,Active,TODMORDEN NEWS CENTRE LIMITED,"15 Bridge Street, Todmorden, Lancashire, OL14 5AQ",2010-06-22,,news; tobacco; confectionery; convenience,,Newsagent,,"SIC: retail sale in non-specialised stores with food, beverages or tobacco predominating. Micro company. Registered office address uses the historic 'Lancashire' postal county; the town is in Calderdale, West Yorkshire.",Low,Independent retailer; Relevant category,https://find-and-update.company-information.service.gov.uk/company/07292504,https://www.yell.com/biz/todmorden-newscentre-ltd-formerly-cryers-news-todmorden-1105850/,3,No,No,No,Yes,Verified directory,Not Found,2026-09-16,Partially Verified,Medium,,Business (B2B),Legitimate interest (B2B) - assess per campaign; PECR: corporate subscribers,,No,2026-09-16,New,2026-09-16,,,,,,
WY-0166,WY-0166-01,,Told Vape Co,Told Vape Co,,Vape Shop,Vape retailer,Independent,1,,,,,29 Queen Street,,Horbury,West Yorkshire,WF4 6LP,Yorkshire & Humber,England,,,,,,,,,,,,,,,,vape hardware; e-liquids,,Vape Shop,,Independent vape shop on Horbury high street (Queen Street).,Medium,Independent retailer; Core relevant category,https://ecigdirectory.co.uk/vape-shop/listing/told-vape-co,,1,No,No,No,No,Not Found,Not Found,2026-09-16,Requires Verification,Medium,,Business (B2B),Legitimate interest (B2B) - assess per campaign; PECR: corporate subscribers,,No,2026-09-16,New,2026-09-16,,,,,,
WY-0167,WY-0167-01,,Top Shelf Off Licence,Top Shelf Off Licence,,Off-Licence,Off-licence,Independent,1,,,,,557 Leeds Road,Outwood,Wakefield,West Yorkshire,WF1 2JL,Yorkshire & Humber,England,,,,,,,,,,,,,,,,alcohol; tobacco; convenience,,Off-Licence,,Address surfaced from Wakefield Council food-hygiene-derived listings in search results.,Low,Independent retailer; Relevant category,https://www.foodhygienerankings.co.uk/authorities/wakefield,,1,No,No,No,No,Not Found,Not Found,2026-09-16,Requires Verification,Low,,Business (B2B),Legitimate interest (B2B) - assess per campaign; PECR: corporate subscribers,,No,2026-09-16,New,2026-09-16,,,,,,
WY-0168,WY-0168-01,,Turners Food & Wine,Turners Food & Wine,Turners Food & Wine Ltd,Convenience Store,Convenience store with off-licence,Independent,1,,,,,,Beeston,Leeds,West Yorkshire,,Yorkshire & Humber,England,,,,,,,,,,,,,,,,groceries; alcohol,,Convenience Store,,Local convenience store in Beeston listed as 'Turners Food & Wine Ltd' (limited company) in Yorkshire.com off-licence listings; street address not captured - follow up.,Low,Independent retailer; Relevant category,https://www.yorkshire.com/leeds/shopping/off-license,,1,No,No,No,No,Not Found,Not Found,2026-09-16,Requires Verification,Low,,Business (B2B),Legitimate interest (B2B) - assess per campaign; PECR: corporate subscribers,,No,2026-09-16,New,2026-09-16,,,,,,
WY-0169,WY-0169-01,,Tylor's Booze,Tylor's Booze,Tylor Booze Shop Ltd,Off-Licence,Off-licence,Independent,1,,,,,33 Albion Street,,Castleford,West Yorkshire,WF10 1EG,Yorkshire & Humber,England,,,,,,,,,,12100725,Active,TYLOR BOOZE SHOP LTD,,2019-07-12,,alcohol; spirits; convenience,,Off-Licence,,CAUTION: a 2021 Wakefield Express article surfaced in the same search reporting a Castleford shop surrendering its alcohol licence after police allegedly found counterfeit cigarettes - it is not confirmed whether this concerns these premises; the shop still has a current FSA hygiene listing. Verify licence status before outreach.,Low,Independent retailer; Relevant category,https://find-and-update.company-information.service.gov.uk/company/12100725,https://www.yorkshire.com/castleford/shopping/off-license/tylors-booze,4,No,No,No,Yes,Not Found,Not Found,2026-09-16,Partially Verified,Medium,,Business (B2B),Legitimate interest (B2B) - assess per campaign; PECR: corporate subscribers,,No,2026-09-16,New,2026-09-16,,,,,,
WY-0170,WY-0170-01,,Umrah Supermarket,Umrah Supermarket,,Independent Supermarket,"South Asian, Middle Eastern and African foods supermarket",Independent,1,,https://www.facebook.com/p/Umrah-Supermarket-Huddersfield-61555683256072/,,,Trinity Street,,Huddersfield,West Yorkshire,,Yorkshire & Humber,England,,,,,,,,,,,,,,,,"South Asian, Middle Eastern and African groceries; halal foods",,Independent Supermarket,,"Open 08:00-22:00 Mon-Sat, 12:00-21:00 Sun per Yorkshire.com; street number and phone not published in accessible sources.",Medium,Independent retailer; Relevant category; Social presence,https://www.facebook.com/p/Umrah-Supermarket-Huddersfield-61555683256072/,https://www.yorkshire.com/huddersfield/shopping/supermarkets/umrah-supermarket-huddersfield,2,No,No,No,No,Not Found,Not Found,2026-09-16,Requires Verification,Low,,Business (B2B),Legitimate interest (B2B) - assess per campaign; PECR: corporate subscribers,,No,2026-09-16,New,2026-09-16,,,,,,
WY-0171,WY-0171-01,,VAPE (Heckmondwike),VAPE,,Vape Shop,Vape retailer,Independent,1,,,,,36 Market Street,,Heckmondwike,West Yorkshire,WF16 0JG,Yorkshire & Humber,England,01924 650140,,,,,,,,,,,,,,,vape hardware; e-liquids; disposable vapes,,Vape Shop,,Trades simply as 'VAPE' on Market Street; listed on eCig Directory UK and The UK High Street with matching address and phone.,Medium,Independent retailer; Core relevant category,https://ecigdirectory.co.uk/vape-shop/listing/vape-heckmondwike,https://www.theukhighstreet.com/store/0/65960/757/,2,No,No,No,No,Verified directory,Not Found,2026-09-16,Requires Verification,Medium,,Business (B2B),Legitimate interest (B2B) - assess per campaign; PECR: corporate subscribers,,No,2026-09-16,New,2026-09-16,,,,,,
WY-0172,WY-0172-01,,Vape Dream,Vape Dream,,Vape Shop,Vape retailer,Independent,1,,https://www.facebook.com/p/Vape-Dream-Vape-Shop-61558567906935/,,,,,Dewsbury,West Yorkshire,,Yorkshire & Humber,England,,,,,,,,,,,,,,,,vape hardware; e-liquids,,Vape Shop,,Active Facebook business page for a Dewsbury vape shop; street address not published in accessible sources.,Medium,Independent retailer; Core relevant category; Social presence,https://www.facebook.com/p/Vape-Dream-Vape-Shop-61558567906935/,,1,No,No,No,No,Not Found,Not Found,2026-09-16,Requires Verification,Low,,Business (B2B),Legitimate interest (B2B) - assess per campaign; PECR: corporate subscribers,,No,2026-09-16,New,2026-09-16,,,,,,
UK-000288,UK-000288-01,,Vape HQ Stocksbridge,Vape HQ,,Vape Shop,Vape shop,Independent,1,,https://www.facebook.com/VHQStocksbridge/,,,,Stocksbridge,Sheffield,South Yorkshire,,Yorkshire & Humber,England,,,,,,,,,,,,,,,,vape hardware; e-liquids; disposables,,Vape Shop,,Independent vape shop in Stocksbridge; only a Facebook page found in search. Street address/postcode not captured.,Medium,Independent retailer; Core relevant category; Social presence,https://www.facebook.com/VHQStocksbridge/,,1,No,No,No,No,Not Found,Not Found,2026-09-16,Requires Verification,Low,,Business (B2B),Legitimate interest (B2B) - assess per campaign; PECR: corporate subscribers,,No,2026-09-16,New,2026-09-16,,,,,,
WY-0173,WY-0173-01,,Vape N Go,Vape N Go,,Vape Shop,,Independent,1,,,,,14 The Square,Woolshops Shopping Centre,Halifax,West Yorkshire,HX1 1RU,Yorkshire & Humber,England,,,,,,,,,,,,,,,,vapes; e-liquids,,Vape Shop,,,Medium,Independent retailer; Core relevant category,https://www.yell.com/s/tobacconists-halifax.html,,1,No,No,No,No,Not Found,Not Found,2026-09-16,Requires Verification,Low,,Business (B2B),Legitimate interest (B2B) - assess per campaign; PECR: corporate subscribers,,No,2026-09-16,New,2026-09-16,,,,,,
WY-0174,WY-0174-01,,Vape Nation UK,Vape Nation UK,,Vape Shop,E-cigarette / e-liquid retailer,Independent,1,https://vapenationeshop.co.uk/,,,,31 New Street,Town Centre,Huddersfield,West Yorkshire,HD1 2AZ,Yorkshire & Humber,England,07809 655738,,,info@vapenationeshop.co.uk,,,,,,,,,,,,vape hardware; e-liquids; disposable vapes,,Vape Shop,,Town-centre store at the arcade entrance on New Street. Own e-shop site vapenationeshop.co.uk found in search results but could not be fetched (proxy blocked).,Medium,Independent retailer; Core relevant category; Public email available; Active website,https://vapenationeshop.co.uk/contact-us/,https://ecigdirectory.co.uk/vape-shop/listing/vape-nation-uk-huddersfield,2,No,No,Yes,No,Verified directory,Website Found,2026-09-16,Partially Verified,Medium,,Business (B2B),Legitimate interest (B2B) - assess per campaign; PECR: corporate subscribers,,No,2026-09-16,New,2026-09-16,,,,,,
UK-000289,UK-000289-01,,Vape Newland,Vape Newland,,Vape Shop,E-liquid and hardware shop,Independent,1,,https://www.facebook.com/p/Vape-Newland-100086500027739/,,,124 Newland Avenue,,Kingston upon Hull,East Riding of Yorkshire,,Yorkshire & Humber,England,,,,,,,,,,,,,,,,vape hardware; e-liquids; disposables,,Vape Shop,,Premium e-cigarette and e-liquid provider on Newland Avenue per Facebook page. No postcode/phone published in search results.,Medium,Independent retailer; Core relevant category; Social presence,https://www.facebook.com/p/Vape-Newland-100086500027739/,,1,No,No,No,No,Not Found,Not Found,2026-09-16,Requires Verification,Low,,Business (B2B),Legitimate interest (B2B) - assess per campaign; PECR: corporate subscribers,,No,2026-09-16,New,2026-09-16,,,,,,
WY-0175,WY-0175-01,,Vape Road,Vape Road,,Vape Shop,,Independent,1,,,,,66 Commercial Street,,Brighouse,West Yorkshire,HD6 1AQ,Yorkshire & Humber,England,01484 917785,,,,,,,,,,,,,,,vape hardware; e-liquids,,Vape Shop,,Well-reviewed for customer service and product range per Cylex AI review summary.,Medium,Independent retailer; Core relevant category,https://brighouse.cylex-uk.co.uk/company/vape-road-27599481.html,https://www.visitbrighouse.co.uk/directory/vape-road/,2,No,No,No,No,Verified directory,Not Found,2026-09-16,Requires Verification,Medium,,Business (B2B),Legitimate interest (B2B) - assess per campaign; PECR: corporate subscribers,,No,2026-09-16,New,2026-09-16,,,,,,
WY-0176,WY-0176-01,,Vape Road Cleckheaton,Vape Road,,Vape Shop,Vape retailer,Independent,1,,,,,Railway Street,,Cleckheaton,West Yorkshire,,Yorkshire & Humber,England,,,,,,,,,,,,,,,,vape hardware; e-liquids; disposable vapes,,Vape Shop,,"Cylex lists it on Railway Street with an 01274 398xxx number shown only in truncated form, so no phone recorded.",Medium,Independent retailer; Core relevant category,https://cleckheaton.cylex-uk.co.uk/company/vape-road-cleckheaton-26986187.html,,1,No,No,No,No,Not Found,Not Found,2026-09-16,Requires Verification,Low,,Business (B2B),Legitimate interest (B2B) - assess per campaign; PECR: corporate subscribers,,No,2026-09-16,New,2026-09-16,,,,,,
UK-000290,UK-000290-01,,Vape Safe Bridlington,Vape Safe,,Vape Shop,E-liquid and hardware shop,Independent,1,,,,,4b Promenade,,Bridlington,East Riding of Yorkshire,YO15 2PX,Yorkshire & Humber,England,,,,,,,,,,,,,,,,e-liquids; pods; mods; disposables,,Vape Shop,,"Independent vape shop on the Promenade, Bridlington. No phone published in search results.",Medium,Independent retailer; Core relevant category,https://www.yell.com/s/vape+shops-bridlington.html,,1,No,No,No,No,Not Found,Not Found,2026-09-16,Requires Verification,Low,,Business (B2B),Legitimate interest (B2B) - assess per campaign; PECR: corporate subscribers,,No,2026-09-16,New,2026-09-16,,,,,,
UK-000291,UK-000291-01,,Vape Store & Bargains Galore,Vape Store & Bargains Galore,,Vape Shop,Vape shop and discount store,Independent,1,,https://www.facebook.com/VapeStorebarnsley/,,,,,Barnsley,South Yorkshire,,Yorkshire & Humber,England,,,,,,,,,,,,,,,,e-liquids; mods; tanks; disposables; CBD; coils,,Vape Shop,,Independent vape shop with 'Barnsley's biggest range of juices'. Listed on Yell and Facebook; street address/postcode not captured from search results.,Medium,Independent retailer; Core relevant category; Social presence,https://www.yell.com/biz/vape-store-and-bargains-galore-barnsley-10072936/,,1,No,No,No,No,Not Found,Not Found,2026-09-16,Requires Verification,Low,,Business (B2B),Legitimate interest (B2B) - assess per campaign; PECR: corporate subscribers,,No,2026-09-16,New,2026-09-16,,,,,,
WY-0177,WY-0177-01,,Vape Suite,Vape Suite,Vape Suite (Huddersfield) Ltd,Vape Shop,E-cigarette / e-liquid / disposables retailer,Independent,1,,,,,7 King Street,Town Centre,Huddersfield,West Yorkshire,HD1 2QD,Yorkshire & Humber,England,01484 312366,,,,,,,,,13476013,,VAPE SUITE (HUDDERSFIELD) LTD,,,,vape hardware; e-liquids; disposable vapes,,Vape Shop,,"Well-reviewed town-centre vape shop. Companies House match VAPE SUITE (HUDDERSFIELD) LTD found in search results; company page not opened, so status/incorporation not recorded.",Medium,Independent retailer; Core relevant category,https://find-and-update.company-information.service.gov.uk/company/13476013,https://www.yell.com/biz/vape-suite-huddersfield-9317660/,4,No,No,No,No,Verified directory,Not Found,2026-09-16,Requires Verification,Medium,,Business (B2B),Legitimate interest (B2B) - assess per campaign; PECR: corporate subscribers,,No,2026-09-16,New,2026-09-16,,,,,,
WY-0178,WY-0178-01,,Vape and Wine Village,Vape and Wine Village,,Off-Licence,Off-licence and vape shop,Independent,1,,,,,13-15 Hyde Park Road,Hyde Park / Burley,Leeds,West Yorkshire,LS6 1PY,Yorkshire & Humber,England,,,,,,,,,,,,,,,,wine; beer; spirits; vapes,,Off-Licence,,Combined off-licence and vape retailer serving the Hyde Park student area.,Low,Independent retailer; Relevant category,https://www.yorkshire.com/leeds/shopping/off-license,,1,No,No,No,No,Not Found,Not Found,2026-09-16,Requires Verification,Low,,Business (B2B),Legitimate interest (B2B) - assess per campaign; PECR: corporate subscribers,,No,2026-09-16,New,2026-09-16,,,,,,
UK-000292,UK-000292-01,,Vape with Us Northallerton,Vape with Us,Vape With Us Northallerton Ltd,Vape Shop,E-cigarette & e-liquid retailer,Independent,1,,https://www.facebook.com/VAPEWITHUSNorthallerton/,,,162 High Street,,Northallerton,North Yorkshire,DL7 8JZ,Yorkshire & Humber,England,01609 772799,,,,,,,,,,,,,,,vape hardware; e-liquids; disposables,,Vape Shop,,Independent Northallerton High Street vape shop. Legal name 'Vape With Us Northallerton Ltd' referenced on a vaping forum thread (not verified at Companies House). Address/phone from Love Northallerton directory and Facebook via search snippets.,Medium,Independent retailer; Core relevant category; Social presence,https://www.facebook.com/VAPEWITHUSNorthallerton/,https://www.lovenorthallerton.com/business-directory/vape-with-us/,2,No,No,No,No,Verified directory,Not Found,2026-09-16,Requires Verification,Medium,,Business (B2B),Legitimate interest (B2B) - assess per campaign; PECR: corporate subscribers,,No,2026-09-16,New,2026-09-16,,,,,,
WY-0179,WY-0179-01,,VapeShop Leeds,VapeShop Leeds,,Vape Shop,E-cigarette specialist,Independent,1,,,,,229 Selby Road,Halton,Leeds,West Yorkshire,LS15 7HW,Yorkshire & Humber,England,,,,,,,,,,,,,,,,e-cigarettes; tanks; mods; e-liquids,,Vape Shop,,Independent e-cig specialist with free parking; newly refurbished per directory listing.,Medium,Independent retailer; Core relevant category,https://ecigdirectory.co.uk/vape-shop/listing/vapeshop-leeds,,1,No,No,No,No,Not Found,Not Found,2026-09-16,Requires Verification,Low,,Business (B2B),Legitimate interest (B2B) - assess per campaign; PECR: corporate subscribers,,No,2026-09-16,New,2026-09-16,,,,,,
WY-0180,WY-0180-01,,Vaperites,Vaperites,,Vape Shop,Vape retailer and wholesaler,Independent,1,https://vaperites.co.uk,https://www.facebook.com/TheVapePeople/,,,9 Horse Fair,,Pontefract,West Yorkshire,WF8 1PE,Yorkshire & Humber,England,01977 278484,,,vaperite@gmail.com,,,,,,,,,,,,e-cigarettes; e-liquids; disposables,,Vape Shop,"Acts as both retailer and wholesaler of e-cigarettes, e-liquids and disposables",Postcode WF8 1PE confirmed from the shop's own Facebook opening-times post. Directly opposite Pontefract bus station area (Horse Fair).,High,Independent retailer; Core relevant category; Public email available; Active website; Social presence,https://www.facebook.com/TheVapePeople/posts/new-opening-times9-horsefair-pontefract-wf8-1pe/417671657263981/,https://vapeshops.puffingbird.com/yorkshire-and-the-humber/pontefract/vaperites-e-cigarette-store,2,No,No,No,No,Verified directory,Unverified,2026-09-16,Requires Verification,Medium,,Business (B2B),Legitimate interest (B2B) - assess per campaign; PECR: corporate subscribers,,No,2026-09-16,New,2026-09-16,,,,,,
WY-0181,WY-0181-01,,Vapestation,Vapestation,,Vape Shop,E-liquid and hardware specialist,Independent,1,,,,https://nextdoor.co.uk/pages/vapestation-inc-limited-halifax-yorkshire/,39a Horton Street,,Halifax,West Yorkshire,HX1 1QE,Yorkshire & Humber,England,01422 365557,,,,,,,,,,,,,,premium American e-juices; high-end devices and atomisers,vape hardware; e-liquids,,Vape Shop,,"Nextdoor page is titled 'Vapestation Inc Limited', suggesting the legal name, but this was not verified at Companies House (site fetch blocked).",Medium,Independent retailer; Core relevant category; Social presence,https://www.yell.com/biz/vape-station-halifax-8116342/,https://www.yelp.com/biz/vapestation-halifax,2,No,No,No,No,Verified directory,Not Found,2026-09-16,Requires Verification,Medium,,Business (B2B),Legitimate interest (B2B) - assess per campaign; PECR: corporate subscribers,,No,2026-09-16,New,2026-09-16,,,,,,
WY-0182,WY-0182-01,,Vaping Bar Normanton,Vaping Bar Normanton,,Vape Shop,Vape retailer,Independent,1,,https://www.facebook.com/p/Vaping-Bar-Normanton-100063635944918/,,,,,Normanton,West Yorkshire,,Yorkshire & Humber,England,,,,,,,,,,,,,,,,e-liquids; vape hardware,,Vape Shop,,Facebook page describes quality e-cig liquid and hardware with knowledgeable staff aimed at smokers trying to quit. Street address not found in accessible sources - needs follow-up.,Medium,Independent retailer; Core relevant category; Social presence,https://www.facebook.com/p/Vaping-Bar-Normanton-100063635944918/,,1,No,No,No,No,Not Found,Not Found,2026-09-16,Requires Verification,Low,,Business (B2B),Legitimate interest (B2B) - assess per campaign; PECR: corporate subscribers,,No,2026-09-16,New,2026-09-16,,,,,,
UK-000293,UK-000293-01,,Vaping Cloud,Vaping Cloud,,Vape Shop,E-liquid shop,Independent,1,,,,,3 Bedford Road,,Cleethorpes,Lincolnshire,DN35 0PX,Yorkshire & Humber,England,01472 488770,,,,,,,,,,,,,,,e-liquids; vape hardware; disposables,,Vape Shop,,Independent vape shop (listed as Vaping Cloud / Vaping Lounge High Street) in Cleethorpes.,Medium,Independent retailer; Core relevant category,https://ecigdirectory.co.uk/vape-shop/listing/vaping-lounge-high-street,,1,No,No,No,No,Verified directory,Not Found,2026-09-16,Requires Verification,Low,,Business (B2B),Legitimate interest (B2B) - assess per campaign; PECR: corporate subscribers,,No,2026-09-16,New,2026-09-16,,,,,,
WY-0183,WY-0183-01,,Vaporized Meanwood,Vaporized,,Vape Shop,E-cigarette and e-liquid shop,Unknown,1,,,,,16 Stonegate Road,Meanwood,Leeds,West Yorkshire,LS6 4HY,Yorkshire & Humber,England,0113 274 8997,,,,,,,,,,,,,,,vape hardware; e-liquids,,Vape Shop,,Directory sources conflict on address: 16 Stonegate Road LS6 4HY (ecigdirectory) vs 591 Meanwood Road LS6 4AY (yellowpages.net). Needs on-the-ground verification.,Low,Core relevant category,https://ecigdirectory.co.uk/vape-shop/listing/vaporized-meanwood-leeds,https://www.yellowpages.net/phone_44-1132748997_vaporizer-store_Leeds_PL4814848.html,2,No,No,No,No,Verified directory,Not Found,2026-09-16,Requires Verification,Low,,Business (B2B),Legitimate interest (B2B) - assess per campaign; PECR: corporate subscribers,,No,2026-09-16,New,2026-09-16,,,,,,
WY-0184,WY-0184-01,,Vapour Parlour,Vapour Parlour,,Vape Shop,Vape retailer,Independent,1,,,,,83 Kirkby Road,,Hemsworth,West Yorkshire,,Yorkshire & Humber,England,,,,,,,,,,,,,,,,vape hardware; e-liquids,,Vape Shop,,"eCig Directory lists it at 83 Kirkby Road, Hemsworth, Pontefract. Some directories also associate the Vapour Parlour name with Pontefract town listings.",Medium,Independent retailer; Core relevant category,https://ecigdirectory.co.uk/vape-shop/listing/vapour-parlour,,1,No,No,No,No,Not Found,Not Found,2026-09-16,Requires Verification,Low,,Business (B2B),Legitimate interest (B2B) - assess per campaign; PECR: corporate subscribers,,No,2026-09-16,New,2026-09-16,,,,,,
UK-000294,UK-000294-01,,VapourWave Harrogate,VapourWave,,Vape Shop,"Pod kits, e-juice, coils & shortfills",Independent,1,https://www.vapour-wave.co.uk/,https://www.facebook.com/VapourWaveHG/,,,25 Regent Parade,,Harrogate,North Yorkshire,HG1 5AZ,Yorkshire & Humber,England,01423 601806,,,,,,,,,,,,,,,pod kits; e-juice; pods; coils; nic salts; shortfills,,Vape Shop,,Independent Harrogate vape shop on Regent Parade. Own website vapour-wave.co.uk (and Square site). Address/phone from own location page and Cylex/Facebook listings via search snippets. Open Mon-Sat 09:00-20:00.,Medium,Independent retailer; Core relevant category; Active website; Social presence,https://www.vapour-wave.co.uk/location,https://www.facebook.com/VapourWaveHG/,3,No,No,No,No,Verified directory,Website Found,2026-09-16,Requires Verification,Medium,,Business (B2B),Legitimate interest (B2B) - assess per campaign; PECR: corporate subscribers,,No,2026-09-16,New,2026-09-16,,,,,,
WY-0185,WY-0185-01,,Wakefield Road Service Station (Featherstone),Wakefield Road Service Station,,Petrol Station / Forecourt,Forecourt with convenience store,Multi-Site Independent,3,,,,,Wakefield Road,,Featherstone,West Yorkshire,,Yorkshire & Humber,England,,,,,,,Saqib Javaid; Zeeshan Ali,Owners / Operators,https://forecourttrader.co.uk/latest-news/forecourt-operator-duo-add-wakefield-road-service-station-to-portfolio/708047.article,,,,,,,fuel; convenience retail,,Petrol Station / Forecourt,,"Leasehold purchase reported by Forecourt Trader: operators Saqib Javaid and Zeeshan Ali added Wakefield Road Service Station, Featherstone (Wakefield district) as the third forecourt in their West Yorkshire portfolio; the pair run two other petrol filling stations in the region (names/addresses of the other two sites and any limited-company vehicle not captured - follow up). Operators publicly self-identified in trade press.",Medium,Multi-site retailer; Independent retailer; Relevant category,https://forecourttrader.co.uk/latest-news/forecourt-operator-duo-add-wakefield-road-service-station-to-portfolio/708047.article,,1,No,No,No,No,Not Found,Not Found,2026-09-16,Requires Verification,Low,,Business (B2B),Legitimate interest (B2B) - assess per campaign; PECR: corporate subscribers,,No,2026-09-16,New,2026-09-16,,,,,,
UK-000295,UK-000295-01,,Walkley Beer Company,Walkley Beer Co,,Off-Licence,Craft beer bottle shop / micropub,Independent,1,,,,,,Walkley,Sheffield,South Yorkshire,,Yorkshire & Humber,England,,,,,,,,,,,,,,,,craft beer; local ales; takeaway beer,,Off-Licence,,"Independent craft beer bottle shop/micropub in Walkley, Sheffield. Referenced in Sheffield off-licence search results; street address/postcode not captured.",Low,Independent retailer; Relevant category,https://www.yorkshire.com/sheffield/shopping/off-license,,1,No,No,No,No,Not Found,Not Found,2026-09-16,Requires Verification,Low,,Business (B2B),Legitimate interest (B2B) - assess per campaign; PECR: corporate subscribers,,No,2026-09-16,New,2026-09-16,,,,,,
WY-0186,WY-0186-01,,Wayward Wines,Wayward Wines,,Off-Licence,Natural / organic wine shop,Independent,1,,,,,1C Regent Street,Chapel Allerton,Leeds,West Yorkshire,LS7 4PE,Yorkshire & Humber,England,,,,,,,,,,,,,,,,organic and biodynamic wine; craft beer,,Off-Licence,,"Independent wine shop and bar in Chapel Allerton specialising in organic and biodynamic wines from Italy, France, Spain and beyond.",Low,Independent retailer; Relevant category,https://confidentials.com/leeds/six-of-the-best-bottle-shops,https://leeds-list.com/lifestyle/the-best-bottle-shops-in-leeds/,2,No,No,No,No,Not Found,Not Found,2026-09-16,Requires Verification,Medium,,Business (B2B),Legitimate interest (B2B) - assess per campaign; PECR: corporate subscribers,,No,2026-09-16,New,2026-09-16,,,,,,
UK-000296,UK-000296-01,,Weetons Food Hall,Weetons,,Independent Supermarket,"Food hall, deli & restaurant",Independent,1,https://weetons.co.uk/,,,,Leeds Road,Pannal,Harrogate,North Yorkshire,HG3 1EW,Yorkshire & Humber,England,01423 507100,,,,,,,,,,,,,,,fresh produce; deli; butchery; groceries; local & artisan food,,Independent Supermarket,Showcases produce from local independent suppliers and farms,"Independent Harrogate food hall (relocated to Leeds Road, Pannal, HG3 1EW) with deli, restaurant and grocery range. Address/phone from own contact page and Tripadvisor/Apple Maps via search snippets. No email surfaced.",Medium,Independent retailer; Relevant category; Active website; Phone verified on official website,https://weetons.co.uk/policies/contact-information,https://visitnorthyorkshire.com/index/weetons,2,No,No,No,No,Verified on official website,Website Found,2026-09-16,Requires Verification,Medium,,Business (B2B),Legitimate interest (B2B) - assess per campaign; PECR: corporate subscribers,,No,2026-09-16,New,2026-09-16,,,,,,
WY-0187,WY-0187-01,,West End Off Licence,Westend Off Licence Ricky's,,Off-Licence,,Independent,1,,,,,2 Mile Cross Terrace,,Halifax,West Yorkshire,HX1 4HP,Yorkshire & Humber,England,,,,,,,,,,,,,,,,"beers, wines and spirits; soft drinks; snacks",,Off-Licence,,Open 8am-9pm per Yelp listing.,Low,Independent retailer; Relevant category,https://www.yelp.co.uk/biz/westend-off-licence-rickys-halifax,https://www.yorkshire.com/halifax/shopping/off-license/west-end-off-licence,2,No,No,No,No,Not Found,Not Found,2026-09-16,Requires Verification,Medium,,Business (B2B),Legitimate interest (B2B) - assess per campaign; PECR: corporate subscribers,,No,2026-09-16,New,2026-09-16,,,,,,
WY-0188,WY-0188-01,,White Rose Catering,White Rose Catering,White Rose Catering Ltd,Cash & Carry,Catering cash and carry wholesaler,Independent,1,,,,,225 Ravenshouse Road,Dewsbury Moor,Dewsbury,West Yorkshire,WF13 3QU,Yorkshire & Humber,England,01924 467054,,,,,,,,,,,,,,,wholesale food; catering supplies,,Cash & Carry,,,Medium,Independent retailer; Core relevant category,https://www.192.com/atoz/business/dewsbury-wf13/cash-and-carry-wholesalers/white-rose-catering-ltd/1cd73791cf719e65496fe8e9a0a2d1c534c879e1/ml/,,1,No,No,No,No,Verified directory,Not Found,2026-09-16,Requires Verification,Medium,,Business (B2B),Legitimate interest (B2B) - assess per campaign; PECR: corporate subscribers,,No,2026-09-16,New,2026-09-16,,,,,,
WY-0189,WY-0189-01,,Wigton Cash & Carry (Wigton Distribution),Wigton Cash & Carry,Wigton Distribution Ltd,Cash & Carry,"Food and dessert wholesaler, open to the public",Independent,1,http://wigtonfoodservice.co.uk/,https://www.facebook.com/p/Wigton-Distribution-61573554642844/,https://www.instagram.com/wigtonwholesale/,https://www.tiktok.com/@wigtondistribution,27 Lockwood Way,Beeston / Hunslet,Leeds,West Yorkshire,LS11 5TH,Yorkshire & Humber,England,07833 840327,,,,,,,,,09821856,,WIGTON DISTRIBUTION LTD,,,,desserts; food wholesale; catering supplies,,Cash & Carry,,"Dessert and food wholesaler delivering nationwide; phone numbers from social listings (07833 840327 / 07766 345166), not yet verified against official site. CH number seen in CH search result; CH site blocked by proxy.",Medium,Independent retailer; Core relevant category; Active website; Social presence,https://find-and-update.company-information.service.gov.uk/company/09821856,https://www.thomsonlocal.com/search/cash-carry-wholesalers/leeds-west-yorkshire,3,No,No,No,Yes,Unverified,Website Found,2026-09-16,Partially Verified,Medium,,Business (B2B),Legitimate interest (B2B) - assess per campaign; PECR: corporate subscribers,,No,2026-09-16,New,2026-09-16,,,,,,
WY-0190,WY-0190-01,,Yorkshire Fuels (Green Lane Service Station),Yorkshire Fuels,Yorkshire Fuels Ltd,Petrol Station / Forecourt,24-hour forecourt with convenience store,Independent,1,,,,,Green Lane,,Yeadon,West Yorkshire,LS19 7BU,Yorkshire & Humber,England,,,,,,,,,,14479452,Active,YORKSHIRE FUELS LTD,"Gulf Petrol Station, Green Lane, Yeadon, Leeds, LS19 7BU",2022-11-11,,fuel; convenience groceries; snacks; drinks,,Petrol Station / Forecourt,Fuel branding reported as Jet (Yorkshire.com) and Gulf (Petrol Map / CH registered office); site also known as Airport Autopoint,Independent 24/7 forecourt near Leeds Bradford Airport. Companies House details from CH/Endole search result snippets; CH site blocked by proxy for direct verification.,Low,Independent retailer; Relevant category,https://find-and-update.company-information.service.gov.uk/company/14479452,https://www.yorkshire.com/guiseley/services/petrol-stations/yorkshire-fuels,3,No,No,No,Yes,Not Found,Not Found,2026-09-16,Partially Verified,Medium,,Business (B2B),Legitimate interest (B2B) - assess per campaign; PECR: corporate subscribers,,No,2026-09-16,New,2026-09-16,,,,,,
WY-0191,WY-0191-01,,Zesty Vape,Zesty Vape,,Vape Shop,,Independent,1,,,,,108 Commercial Street,,Brighouse,West Yorkshire,HD6 1AQ,Yorkshire & Humber,England,01484 722183,,,,,,,,,,,,,,,vape hardware; e-liquids,,Vape Shop,,,Medium,Independent retailer; Core relevant category,https://brighouse.cylex-uk.co.uk/vape-shops/,,1,No,No,No,No,Verified directory,Not Found,2026-09-16,Requires Verification,Medium,,Business (B2B),Legitimate interest (B2B) - assess per campaign; PECR: corporate subscribers,,No,2026-09-16,New,2026-09-16,,,,,,
WY-0192,WY-0192-01,,eVape Outlet,eVape Outlet,,Vape Shop,Vape shop,Independent,1,,,,,,,Keighley,West Yorkshire,,Yorkshire & Humber,England,,,,,,,,,,,,,,,,vape hardware; e-liquids,,Vape Shop,,Keighley vape shop listed on Cylex; address/phone not captured in snippet - needs enrichment.,Medium,Independent retailer; Core relevant category,https://keighley.cylex-uk.co.uk/company/evape-outlet-27656791.html,,1,No,No,No,No,Not Found,Not Found,2026-09-16,Requires Verification,Low,,Business (B2B),Legitimate interest (B2B) - assess per campaign; PECR: corporate subscribers,,No,2026-09-16,New,2026-09-16,,,,,,
WY-0193,WY-0193-01,,iVape Lounge,iVape Lounge Todmorden,,Vape Shop,,Independent,1,,,,,53 Halifax Road,,Todmorden,West Yorkshire,OL14 5BB,Yorkshire & Humber,England,,,,,,,,,,,,,,,,vapes; e-liquids,,Vape Shop,,,Medium,Independent retailer; Core relevant category,https://ivape-lounge-todmorden-vape-shop.wheree.com/,,1,No,No,No,No,Not Found,Not Found,2026-09-16,Requires Verification,Low,,Business (B2B),Legitimate interest (B2B) - assess per campaign; PECR: corporate subscribers,,No,2026-09-16,New,2026-09-16,,,,,,
