Region,Category,Priority,Business Name,Town,County,Postcode,Landline,Website,Data Confidence,Record ID
East Midlands,Vape Shop,Medium,The Quirky Gift & Vape Shop,Alfreton,Derbyshire,DE55 7BE,01773 461379,,Medium,UK-001634
East Midlands,Vape Shop,Medium,Lincolnshire Vapours (The Vape Store Boston),Boston,Lincolnshire,PE21 6DY,01205 362641,https://lincolnshirevapours.co.uk/,Medium,UK-001582
East Midlands,Vape Shop,Medium,Eco Vape Bulwell (Wholesale),Bulwell,Nottinghamshire,NG6 8AH,01773 687259,,Medium,UK-001420
East Midlands,Vape Shop,Medium,Vape Shop Outlet - Buxton,Buxton,Derbyshire,SK17 6BZ,01298 608956,https://www.vapeshop.co.uk/pages/vape-shop-outlet-buxton,Medium,UK-001499
East Midlands,Vape Shop,Medium,Vaperz Cave,Chesterfield,Derbyshire,S41 7JH,01246 550060,http://vaperzcave.co.uk/,Medium,UK-001663
East Midlands,Vape Shop,Medium,The Vape House Daventry,Daventry,Northamptonshire,NN11 4BG,01327 438184,,Medium,UK-001637
East Midlands,Vape Shop,Medium,E-Liquid Paradise,Derby,Derbyshire,DE22 3FS,01332 970418,,Medium,UK-001556
East Midlands,Vape Shop,Medium,The VapeBox,Derby,Derbyshire,,01332 987474,,Medium,UK-001642
East Midlands,Vape Shop,Medium,Cram Vape Gainsborough,Gainsborough,Lincolnshire,DN21 2JH,01427 616239,https://www.cramvape.co.uk/,Medium,UK-001411
East Midlands,Vape Shop,Medium,888 Vapour Grantham,Grantham,Lincolnshire,NG31 6EE,01476 978200,,Low,UK-001392
East Midlands,Vape Shop,Medium,Juice-E-Vaporium,Grantham,Lincolnshire,NG31 6LH,01476 576525,https://juiceevaporium.co.uk/,Medium,UK-001579
East Midlands,Vape Shop,Medium,Exceptional Vapes Ltd,Heanor,Derbyshire,DE75 7QG,01773 688540,,Medium,UK-001563
East Midlands,Vape Shop,Medium,Mister Smoke - Ilkeston,Ilkeston,Derbyshire,DE7 8AP,0115 930 3128,,Medium,UK-001449
East Midlands,Vape Shop,Medium,VPZ Kettering,Kettering,Northamptonshire,NN16 8SY,01536 523895,https://www.vpz.co.uk/,Medium,UK-001497
East Midlands,Vape Shop,Medium,Vape Junkies Ltd,Kettering,Northamptonshire,NN16 8JH,01536 523634,,Medium,UK-001657
East Midlands,Vape Shop,Medium,Vape Shop Outlet Kettering,Kettering,Northamptonshire,NN16 8SX,01536 217145,https://www.vapeshop.co.uk/pages/vape-shop-outlet-kettering,Medium,UK-001659
East Midlands,Vape Shop,High,Ecigwizard Leicester Forest East,Leicester,Leicestershire,LE3 3JT,0116 464 8804,https://www.ecigwizard.com/pages/ecigwizard-leicester-forest,Medium,UK-001417
East Midlands,Vape Shop,Medium,Flawless Vape Shop - Beaumont Leys,Leicester,Leicestershire,LE4 1BF,0116 234 4820,https://www.flawlessvapeshop.co.uk/pages/flawless-vape-shop-in-leicester-beaumont-leys,Medium,UK-001428
East Midlands,Vape Shop,High,Flawless Vape Shop - Leicester City Centre,Leicester,Leicestershire,LE1 5AD,0116 253 6442,https://www.flawlessvapeshop.co.uk/pages/flawless-vape-shop-in-leicester-city-centre,Medium,UK-001430
East Midlands,Vape Shop,High,Premier E-Cigs (Birchwood),Lincoln,Lincolnshire,LN6 0NA,01522 697522,https://premiere-cigs.co.uk/vape-e-liquid-store-birchwood/,Medium,UK-001478
East Midlands,Vape Shop,High,Premier E-Cigs (Brant Road),Lincoln,Lincolnshire,LN5 9TR,01522 721786,https://premiere-cigs.co.uk/vape-e-liquid-store-brant-road-lincoln/,Medium,UK-001479
East Midlands,Vape Shop,High,Premier E-Cigs (Sincil Street),Lincoln,Lincolnshire,LN5 7ET,01522 567370,https://premiere-cigs.co.uk/,Medium,UK-001480
East Midlands,Vape Shop,High,VapeHQ Lincoln,Lincoln,Lincolnshire,LN2 4JA,01522 541237,https://vapehq.co.uk/pages/vapehq-lincoln,Medium,UK-001509
East Midlands,Vape Shop,High,QCig Vapes - Long Eaton,Long Eaton,Derbyshire,NG10 1HY,0115 646 1506,https://www.qcig.co.uk/,Medium,UK-001484
East Midlands,Vape Shop,Medium,E Vohra Vape Shop,Loughborough,Leicestershire,LE11 3ER,01509 428979,,Low,UK-001554
East Midlands,Vape Shop,Medium,Flawless Vape Shop - Loughborough,Loughborough,Leicestershire,LE11 3ER,01509 263965,https://www.flawlessvapeshop.co.uk/blogs/news/vape-shop-loughborough,Medium,UK-001431
East Midlands,Vape Shop,Medium,VapeHQ Loughborough,Loughborough,Leicestershire,LE11 1TH,01509 238180,,Low,UK-001510
East Midlands,Vape Shop,Medium,VapeHQ Mansfield,Mansfield,Nottinghamshire,NG18 2BQ,01623 422226,,Medium,UK-001511
East Midlands,Vape Shop,Medium,TSV Vape Shop (The Serial Vapists),Market Harborough,Leicestershire,LE16 9HE,01858 289273,https://www.thesupremevapeshop.com/,Medium,UK-001626
East Midlands,Vape Shop,Medium,Vape Central Market Harborough,Market Harborough,Leicestershire,LE16 7DT,01858 289284,,Medium,UK-001652
East Midlands,Vape Shop,Medium,VapeHQ Matlock,Matlock,Derbyshire,DE4 3AS,01629 259070,,Medium,UK-001512
East Midlands,Vape Shop,Medium,The Melton Ultimate Vape Store,Melton Mowbray,Leicestershire,LE13 1JF,01664 907425,https://themeltonultimatevapestore.com,Low,UK-001633
East Midlands,Vape Shop,Medium,Vape Home Melton Mowbray,Melton Mowbray,Leicestershire,LE13 1NW,01664 786898,,Low,UK-001656
East Midlands,Vape Shop,Medium,Sensei Premium Vapes,Newark-on-Trent,Nottinghamshire,NG24 1DU,01636 357065,,Medium,UK-001613
East Midlands,Vape Shop,Medium,VapeHQ Newark,Newark-on-Trent,Nottinghamshire,NG24 1BG,01636 918090,,Medium,UK-001513
East Midlands,Vape Shop,Medium,MooreVape Ltd,Northampton,Northamptonshire,NN1 1PT,01604 633221,https://moorevape.co.uk/,Medium,UK-001590
East Midlands,Vape Shop,High,Temple of Vape,Northampton,Northamptonshire,NN5 6LP,01604 585504,https://www.templeofvape.co.uk/,Medium,UK-001489
East Midlands,Vape Shop,High,Billy Vapes,Nottingham,Nottinghamshire,NG3 5FR,0115 952 8347,,Medium,UK-001408
East Midlands,Vape Shop,High,Billy Vapes,Nottingham,Nottinghamshire,NG8 1FW,0115 854 0051,,Medium,UK-001409
East Midlands,Vape Shop,Medium,Grey Haze Nottingham,Nottingham,Nottinghamshire,NG1 5BB,0115 998 8118,https://greyhaze.co.uk/,Medium,UK-001433
East Midlands,Vape Shop,Medium,Totally Wicked Nottingham,Nottingham,Nottinghamshire,NG1 2ND,0115 950 6596,https://www.totallywicked-eliquid.co.uk/stores/totally-wicked-nottingham,Medium,UK-001495
East Midlands,Vape Shop,Medium,The Vape House Oadby,Oadby,Leicestershire,LE2 5BB,0116 271 9164,,Medium,UK-001638
East Midlands,Vape Shop,Medium,Dragons Cove Vaping Ltd,Oakham,Rutland,LE15 6AX,01572 869006,,Medium,UK-001553
East Midlands,Vape Shop,Medium,Vape Central Oakham,Oakham,Rutland,LE15 6AQ,01536 239617,,Low,UK-001653
East Midlands,Vape Shop,Medium,Vape Rushden,Rushden,Northamptonshire,NN10 0PQ,01933 357508,,Low,UK-001658
East Midlands,Vape Shop,Medium,Vape HQ Shepshed,Shepshed,Leicestershire,LE12 9QE,01509 505499,,Low,UK-001503
East Midlands,Vape Shop,High,Eco Vape Skegness,Skegness,Lincolnshire,PE25 3ND,01754 228488,https://www.eco-vape.co.uk/stores/vape-shop-skegness/,Medium,UK-001426
East Midlands,Vape Shop,Medium,eCigarette Outlet Skegness,Skegness,Lincolnshire,PE25 3NX,01754 769446,,Medium,UK-001520
East Midlands,Vape Shop,Medium,ECigWizard Spalding,Spalding,Lincolnshire,PE11 1EB,01775 248008,https://www.ecigwizard.com,Medium,UK-001414
East Midlands,Vape Shop,Medium,VapeHQ Swadlincote,Swadlincote,Derbyshire,DE11 8HS,01283 227760,https://vapehq.co.uk/,Medium,UK-001515
East Midlands,Vape Shop,Medium,The Vapour Store Worksop,Worksop,Nottinghamshire,S80 2BA,01909 474235,,Medium,UK-001644
East Midlands,Vape Shop,High,Premier E-Cigs (Wragby),Wragby,Lincolnshire,LN8 5ND,01673 858720,https://premiere-cigs.co.uk/,Low,UK-001481
East Midlands,Smoke / Shisha Shop,Medium,Cascade Lounge,Leicester,Leicestershire,LE2 0QD,0116 224 4342,https://cascadelounge.co.uk/,Medium,UK-001544
East Midlands,Smoke / Shisha Shop,Medium,SMOUK Shisha & Dining Lounge,Leicester,Leicestershire,LE1 3TE,0116 482 6912,https://www.smoukleicester.co.uk/,Medium,UK-001608
East Midlands,Smoke / Shisha Shop,Medium,Zizou Lounge Northampton,Northampton,Northamptonshire,,01604 630778,,Low,UK-001672
East Midlands,Tobacco Specialist,Medium,Lincoln Tobacconist,Lincoln,Lincolnshire,LN2 1DY,01522 514758,https://www.lincolntobacconist.co.uk/,Medium,UK-001581
East Midlands,Off-Licence,Medium,Bargain Booze - Buxton,Buxton,Derbyshire,SK17 6ET,01298 24770,,Medium,UK-001399
East Midlands,Off-Licence,Medium,Bargain Booze Lincoln (Rookery Lane),Lincoln,Lincolnshire,LN6 7PX,01522 519689,,Low,UK-001402
East Midlands,Off-Licence,Medium,Bargain Booze Sleaford (Southgate),Sleaford,Lincolnshire,NG34 7SY,01529 307971,https://branches.bargainbooze.co.uk/sleaford/67-southgate.html,Medium,UK-001405
East Midlands,Off-Licence,Medium,Bargain Booze Donington (Spalding),Spalding,Lincolnshire,PE11 4TA,01775 822782,,Low,UK-001401
East Midlands,Convenience Store,Medium,Street Convenience Store - Braunstone,Braunstone,Leicestershire,LE3 2SB,0116 289 8070,https://www.premier-stores.co.uk/our-stores/street-convenience-stores,Medium,UK-001475
East Midlands,Convenience Store,Medium,Londis Highbury Vale,Bulwell,Nottinghamshire,NG6 9FE,0115 979 5631,,Low,UK-001442
East Midlands,Convenience Store,Medium,Carlton Convenience,Carlton,Nottinghamshire,,0115 987 2989,https://www.premier-stores.co.uk/our-stores/carlton-convenience,Medium,UK-001482
East Midlands,Convenience Store,Medium,Staveley Convenience Store (Central England Co-operative),Staveley,Derbyshire,S43 3RX,01246 474643,,Medium,UK-001412
East Midlands,Convenience Store,Medium,Premier Syston Convenience Store,Syston,Leicestershire,LE7 2HA,0116 260 8161,,Medium,UK-001473
East Midlands,Convenience Store,Medium,Nisa Local Towcester,Towcester,Northamptonshire,NN12 8UW,01327 857751,,Low,UK-001454
East Midlands,Convenience Store,Medium,Premier Towcester Convenience Store,Towcester,Northamptonshire,NN12 6DH,01327 352730,https://www.premier-stores.co.uk/our-stores/towcester-convenience-store,Medium,UK-001474
East Midlands,Independent Supermarket,Low,Pak Foodstore,Derby,Derbyshire,DE23 6UU,01332 363808,,Medium,UK-001599
East Midlands,Newsagent,Low,John Poynton Newsagents,Belper,Derbyshire,DE56 1PX,01773 826256,,Medium,UK-001578
East Midlands,Newsagent,Low,5 Westdale Lane Newsagent,Carlton,Nottinghamshire,NG4 3JF,0115 961 1642,,Low,UK-001521
East Midlands,Newsagent,Low,Staveley News,Staveley,Derbyshire,S43 3TL,01246 474444,,Medium,UK-001624
East Midlands,Petrol Station / Forecourt,Medium,Londis / Esso Sellers Wood,Bulwell,Nottinghamshire,NG6 8GE,0115 671 3632,,Low,UK-001446
East Midlands,Petrol Station / Forecourt,Medium,Asda Express Louth (Esso),Louth,Lincolnshire,LN11 9EG,01507 307465,,Low,UK-001397
East Midlands,Petrol Station / Forecourt,Medium,SPAR Fairfield Service Station (BP),Louth,Lincolnshire,LN11 0WA,01507 601358,,Low,UK-001410
East Midlands,Petrol Station / Forecourt,Medium,Morrisons Daily Skegness (Wainfleet Road),Skegness,Lincolnshire,PE25 3QT,01754 800468,,Low,UK-001452
East Midlands,Petrol Station / Forecourt,Low,Stage Service Station,Wigston,Leicestershire,LE18 1HJ,0116 467 0673,,Low,UK-001621
East Midlands,Cash & Carry,Low,SOS Wholesale Limited,Derby,Derbyshire,DE21 4BD,01332 361761,,Medium,UK-001609
East Midlands,Cash & Carry,Medium,Bestway Leicester,Leicester,Leicestershire,LE4 5PN,0116 266 5178,https://www.bestwaywholesale.co.uk/depots/Bestway-Leicester,Medium,UK-001407
East of England,Vape Shop,Medium,Bedford Vapes,Bedford,Bedfordshire,MK42 0PS,01234 384738,,Medium,UK-001915
East of England,Vape Shop,Medium,Vaperz,Bedford,Bedfordshire,MK40 1LD,01234 211750,https://vaperz.co.uk/,Medium,UK-002120
East of England,Vape Shop,Medium,Juicy Vapes - Biggleswade,Biggleswade,Bedfordshire,SG18 0LF,01767 318930,,Medium,UK-001982
East of England,Vape Shop,Medium,iVape Bishops Stortford,Bishop's Stortford,Hertfordshire,CM23 3UH,01279 248087,https://ivapestore.co.uk/,Medium,UK-002154
East of England,Vape Shop,Medium,Vapes in the Wood,Borehamwood,Hertfordshire,WD6 2DA,020 3620 1197,https://www.vapesinthewood.co.uk/,Medium,UK-002123
East of England,Vape Shop,High,Rejuiced Vape Shop Shenfield,Brentwood,Essex,CM15 8PA,01702 596968,https://rejuiced.com/vape-shop-shenfield,Medium,UK-001816
East of England,Vape Shop,Medium,VPZ Brentwood,Brentwood,Essex,CM14 4AB,01277 216028,,Low,UK-001867
East of England,Vape Shop,High,VapeGen Brentwood,Brentwood,Essex,CM14 4RX,01277 525400,https://www.vapegen.co.uk/,Low,UK-001891
East of England,Vape Shop,Medium,Ecigwizard Cambridge,Cambridge,Cambridgeshire,CB1 3NF,01223 246887,https://www.ecigwizard.com/pages/ecigwizard-cambridge,High,UK-001709
East of England,Vape Shop,Medium,Vaping Liquid,Cambridge,Cambridgeshire,CB4 1EG,01223 350042,,Medium,UK-002126
East of England,Vape Shop,Medium,iVape Cambridge,Cambridge,Cambridgeshire,,01223 359795,https://ivapestore.co.uk/stores/ivape-cambridge,Low,UK-002155
East of England,Vape Shop,Medium,Personal Vapour Chelmsford,Chelmsford,Essex,CM2 0JA,01245 490741,https://personalvapour.co.uk/,Medium,UK-002015
East of England,Vape Shop,High,VapeGen Chelmsford,Chelmsford,Essex,CM1 1XE,01245 697040,https://www.vapegen.co.uk/,Medium,UK-001892
East of England,Vape Shop,Medium,VPZ Clacton-on-Sea,Clacton-on-Sea,Essex,CO15 1QE,01255 425985,,Medium,UK-001868
East of England,Vape Shop,High,Vaporever Clacton on Sea,Clacton-on-Sea,Essex,CO15 1QR,01255 689777,https://vaporever.co.uk/vaporever-clacton-on-sea-28-c.asp,Medium,UK-001896
East of England,Vape Shop,Medium,Eco Vape Colchester,Colchester,Essex,CO1 1JQ,01206 578830,https://www.eco-vape.co.uk/stores/vape-shop-colchester/,Medium,UK-001712
East of England,Vape Shop,High,Vape and Juice North Essex (VapeChester),Colchester,Essex,CO1 2XL,01206 693010,https://vapeandjuice.co.uk/pages/vapechester,Medium,UK-001888
East of England,Vape Shop,Medium,Vaping Not Smoking,Dunstable,Bedfordshire,LU6 1TA,01582 690771,https://www.vapingnotsmoking.com/,Medium,UK-002128
East of England,Vape Shop,Medium,Time2Vape Ely,Ely,Cambridgeshire,CB7 4NZ,01353 967270,https://www.time2vape.co.uk/,High,UK-002083
East of England,Vape Shop,High,I Love Vapour - Flitwick,Flitwick,Bedfordshire,MK45 1DP,01525 839215,https://www.ilovevapour.com/,Medium,UK-001740
East of England,Vape Shop,Medium,Essex E-Cig Store,Harlow,Essex,CM18 7BL,01279 444247,,Low,UK-001955
East of England,Vape Shop,Medium,Ubervape,Harlow,Essex,CM19 5AF,01279 439602,https://ubervape.co.uk/,Low,UK-002088
East of England,Vape Shop,Medium,Time 2 Vape Huntingdon,Huntingdon,Cambridgeshire,PE29 3AQ,01480 459157,,Medium,UK-002080
East of England,Vape Shop,High,I Love Vapour - Kempston,Kempston,Bedfordshire,MK42 7AZ,01525 714001,https://www.ilovevapour.com/,Medium,UK-001741
East of England,Vape Shop,Medium,Ecigwizard King's Lynn,King's Lynn,Norfolk,PE30 1BE,01553 604825,https://www.ecigwizard.com/,Low,UK-001711
East of England,Vape Shop,High,I Love Vapour - Leighton Buzzard,Leighton Buzzard,Bedfordshire,LU7 1HG,01525 714001,https://www.ilovevapour.com/,Medium,UK-001742
East of England,Vape Shop,Medium,Old Smoke Vapes,Leighton Buzzard,Bedfordshire,LU7 1DH,01525 377716,,Medium,UK-002009
East of England,Vape Shop,High,Vape Town - Leighton Buzzard,Leighton Buzzard,Bedfordshire,LU7 1EN,01525 375503,https://www.vapetown.co.uk/,Medium,UK-001882
East of England,Vape Shop,Medium,The Vape Shed Loughton,Loughton,Essex,IG10 3SP,020 8508 9608,https://thevapeshed.co.uk/,Medium,UK-002071
East of England,Vape Shop,High,Totally Wicked Loughton,Loughton,Essex,IG10 1AD,020 8508 8211,https://www.totallywicked-eliquid.co.uk/stores/loughton-e-cigs-e-liquid-shop,Medium,UK-001862
East of England,Vape Shop,Medium,VPZ Lowestoft,Lowestoft,Suffolk,NR32 1LS,01502 564026,,Medium,UK-001869
East of England,Vape Shop,High,I Love Vapour - Luton,Luton,Bedfordshire,LU1 2TP,01582 726137,https://www.ilovevapour.com/,Medium,UK-001743
East of England,Vape Shop,Medium,Go Vape Maldon,Maldon,Essex,CM9 5BS,01621 854111,,Low,UK-001969
East of England,Vape Shop,High,The Vape Hut Maldon,Maldon,Essex,CM9 5EP,01621 466996,https://vapehutmaldon.co.uk/,Medium,UK-002069
East of England,Vape Shop,High,SmokShop Norwich,Norwich,Norfolk,NR2 1DS,01603 631120,https://www.smokshop.com/,Medium,UK-001827
East of England,Vape Shop,High,Central Vape Shop,Peterborough,Cambridgeshire,PE1 1LT,01733 214213,https://www.centralvapeshop.co.uk/,Medium,UK-001697
East of England,Vape Shop,Medium,Phoenix Electronic Cigarettes (Broadway),Peterborough,Cambridgeshire,PE1 1RS,01733 343606,,Medium,UK-002017
East of England,Vape Shop,High,Vape Myst,Peterborough,Cambridgeshire,PE1 3SJ,01733 302138,https://www.vapemyst.com/,High,UK-001876
East of England,Vape Shop,High,Vape Myst,Peterborough,Cambridgeshire,,01733 302138,https://www.vapemyst.com/pages/vape-shop-stanground,Medium,UK-001877
East of England,Vape Shop,High,Vape and Juice Rayleigh,Rayleigh,Essex,SS6 7QA,01268 906070,https://vapeandjuice.co.uk/pages/rayleigh-vape-shop,Medium,UK-001889
East of England,Vape Shop,High,Vapour Central Rayleigh,Rayleigh,Essex,SS6 9PU,01268 253316,https://www.vapourcentral.co.uk/pages/rayleighstore,Medium,UK-001898
East of England,Vape Shop,Medium,Totally Wicked Southend-on-Sea,Southend-on-Sea,Essex,SS1 2PP,01702 864608,https://www.totallywicked-eliquid.co.uk/stores/southend-on-sea-e-cig-vape-store,Medium,UK-001863
East of England,Vape Shop,Medium,Switch Vapes,St Albans,Hertfordshire,AL1 1NG,01727 858555,https://switchvapes.co.uk/,Medium,UK-002045
East of England,Vape Shop,Medium,Totally Wicked - St Albans,St Albans,Hertfordshire,AL1 4LG,01727 530519,https://www.totallywicked-eliquid.co.uk/,Medium,UK-001861
East of England,Vape Shop,Medium,Phoenix Electronic Cigarettes St Neots,St Neots,Cambridgeshire,PE19 2AR,01480 218918,,Medium,UK-002018
East of England,Vape Shop,Medium,Electromist Stevenage,Stevenage,Hertfordshire,SG1 1QR,01438 745980,https://electromist.co.uk/,Medium,UK-001953
East of England,Vape Shop,Medium,Vape Shop Outlet Stevenage,Stevenage,Hertfordshire,SG1 3DW,01438 902886,https://www.vapeshop.co.uk/,Medium,UK-002104
East of England,Vape Shop,Medium,Welcome to Vape,Watford,Hertfordshire,WD17 1LN,01923 255225,,Medium,UK-002140
East of England,Vape Shop,Medium,X Vapes,Watford,Hertfordshire,WD24 6PQ,0333 224 2240,,Medium,UK-002151
East of England,Vape Shop,Medium,Make My Vape - Welwyn Garden City,Welwyn Garden City,Hertfordshire,AL7 1AD,01707 566056,,Medium,UK-001991
East of England,Vape Shop,Medium,Wickford Vapes,Wickford,Essex,SS12 0RA,01268 971191,,Low,UK-002146
East of England,Vape Shop,High,EcigZoo Wisbech,Wisbech,Cambridgeshire,PE13 1DQ,01945 584460,https://www.ecigzoo.co.uk/pages/wisbech-cambridgeshire-vape-shop,High,UK-001703
East of England,Smoke / Shisha Shop,Medium,Smokers 'n' Vapers,Borehamwood,Hertfordshire,WD6 4DU,020 8386 0061,,Medium,UK-002036
East of England,Smoke / Shisha Shop,Medium,Shisha Time Chelmsford,Chelmsford,Essex,CM1 1XE,01245 690123,,Low,UK-002033
East of England,Smoke / Shisha Shop,Medium,The Pasha Lounge,Grays,Essex,,01375 511495,https://thepashalounge.co.uk/contact/,Low,UK-002064
East of England,Smoke / Shisha Shop,Medium,TOHO Norwich,Norwich,Norfolk,NR2 3AF,01603 305143,https://tohonorwich.com/,Medium,UK-002046
East of England,Smoke / Shisha Shop,Medium,Ishtar Lounge,Peterborough,Cambridgeshire,,01733 761618,https://www.ishtarlounge.com/,Medium,UK-001981
East of England,Smoke / Shisha Shop,Medium,The Lounge,Peterborough,Cambridgeshire,,01733 709306,,Low,UK-002062
East of England,Smoke / Shisha Shop,Medium,The Shisha Lounge Southend,Southend-on-Sea,Essex,SS1 2ER,01702 618678,,Low,UK-002066
East of England,Smoke / Shisha Shop,Medium,144 Shisha Lounge,Watford,Hertfordshire,,01923 463926,,Medium,UK-001903
East of England,Smoke / Shisha Shop,Medium,Nana's Restaurant & Shisha Lounge,Watford,Hertfordshire,WD17 1RA,01923 440055,,Medium,UK-001997
East of England,Smoke / Shisha Shop,Medium,Noa Lounge,Watford,Hertfordshire,WD24 6PQ,01923 461518,,Medium,UK-002000
East of England,Tobacco Specialist,Medium,Norman's Confectioner Tobacconist,Colchester,Essex,CO6 1TT,01376 561450,,Medium,UK-002002
East of England,Tobacco Specialist,Medium,Sheppards Tobacconist & Vape Specialist,Colchester,Essex,CO1 1LS,01206 578201,,Medium,UK-002032
East of England,Off-Licence,Low,Drinkster Wine Merchants,Billericay,Essex,,01277 651717,,Low,UK-001948
East of England,Off-Licence,Low,Webber's Wines Ltd,Billericay,Essex,CM11 1AE,01277 630714,,Low,UK-002138
East of England,Off-Licence,Low,"Off Licence, 30 Coggeshall Road, Braintree",Braintree,Essex,CM7 9BY,01376 329006,,Low,UK-002008
East of England,Off-Licence,Medium,Bacchanalia,Cambridge,Cambridgeshire,CB1 2BD,01223 315034,https://winegod.co.uk,High,UK-001679
East of England,Off-Licence,Low,Wineyard Ltd,Chelmsford,Essex,CM2 7LE,01245 477315,,Low,UK-002148
East of England,Off-Licence,Low,Woodhall Off Licence,Chelmsford,Essex,CM1 4BA,01245 251086,,Low,UK-002150
East of England,Off-Licence,Low,Grants Off Licence,Colchester,Essex,CO4 0EP,01206 842331,,Low,UK-001970
East of England,Off-Licence,Low,Terry Store - Off Licence & Convenience,Colchester,Essex,CO2 8LY,01206 763928,,Low,UK-002047
East of England,Off-Licence,Low,North Stifford Off Licence,Grays,Essex,,01375 371555,,Low,UK-002004
East of England,Off-Licence,Low,Salisbury Off Licence,Grays,Essex,RM17 6DQ,01375 396070,,Low,UK-002028
East of England,Off-Licence,Low,The Blue Shop,Peterborough,Cambridgeshire,PE1 2PH,01733 310573,,Medium,UK-002049
East of England,Off-Licence,Low,Bottoms Up,St Albans,Hertfordshire,AL1 3TT,01727 864917,,Medium,UK-001921
East of England,Off-Licence,Low,Flagship Wines,St Albans,Hertfordshire,AL4 0XP,01727 865309,,Medium,UK-001963
East of England,Off-Licence,Low,St Albans Local Food & Wine,St Albans,Hertfordshire,AL1 3TA,01727 840022,,Medium,UK-002040
East of England,Off-Licence,Low,Drink Shack Off License & Convenience Store,Whittlesey,Cambridgeshire,PE7 1HA,01733 351022,,Medium,UK-001947
East of England,Convenience Store,Medium,Nisa Local Clacton-on-Sea (Point Clear Road),Clacton-on-Sea,Essex,CO16 8JB,01255 820271,https://www.nisalocally.co.uk/stores/essex/clacton-on-sea/151-point-clear-rd,Medium,UK-001780
East of England,Convenience Store,Medium,Stow Convenience Store,Harlow,Essex,CM20 3AH,01279 418970,https://www.premier-stores.co.uk/our-stores/stow-convenience-store,Medium,UK-001797
East of England,Convenience Store,Medium,Budgens March,March,Cambridgeshire,PE15 8TP,01525 310001,,Medium,UK-001694
East of England,Convenience Store,Medium,AB Convenience,Norwich,Norfolk,NR6 5NX,01603 429553,https://www.premier-stores.co.uk/our-stores/ab-convenience,Medium,UK-001798
East of England,Convenience Store,Medium,Alco Stores Premier,Norwich,Norfolk,NR2 2AA,01603 624411,,Low,UK-001799
East of England,Convenience Store,Medium,Hannants Convenience Store,Norwich,Norfolk,NR3 1AA,01603 624412,https://www.premier-stores.co.uk/our-stores/hannants-convenience-store,Medium,UK-001800
East of England,Convenience Store,Medium,Premier Convenience Store (Cadge Road),Norwich,Norfolk,NR5 8DF,01603 454534,https://www.premier-stores.co.uk/our-stores/premier-convenience-store-9,Medium,UK-001802
East of England,Convenience Store,Medium,Rackheath Convenience Store,Norwich,Norfolk,NR13 6QS,01603 722492,https://www.premier-stores.co.uk/index.php/our-stores/rackheath-convenience-store,Medium,UK-001804
East of England,Convenience Store,Low,Millfield Convenience Store,Peterborough,Cambridgeshire,PE1 3HA,01733 311487,,Medium,UK-001992
East of England,Convenience Store,Low,7 Days Convenience Store,Ramsey,Cambridgeshire,PE26 1JP,01487 812575,,Medium,UK-001905
East of England,Convenience Store,Medium,Londis Ramsey (Burtons Corner),Ramsey,Cambridgeshire,PE26 1NE,01487 813545,,Medium,UK-001751
East of England,Convenience Store,Medium,Sophie Convenience Store,Ramsey,Cambridgeshire,PE26 1BZ,01487 710481,,Medium,UK-001796
East of England,Convenience Store,Medium,Bisla Convenience Store,Wisbech,Cambridgeshire,PE13 4RQ,01945 410287,https://www.premier-stores.co.uk/our-stores/bisla-convenience-store-0,Medium,UK-001789
East of England,Convenience Store,Medium,Gorefield Stores,Wisbech,Cambridgeshire,PE13 4PG,01945 870273,https://www.londis.co.uk/our-stores/gorefield-stores,Medium,UK-001746
East of England,Convenience Store,Medium,Nene (Londis),Wisbech,Cambridgeshire,PE13 3DJ,01945 465228,https://www.londis.co.uk/our-stores/nene,Medium,UK-001756
East of England,Independent Supermarket,Medium,Gills Supermarket (Nisa Local),Harlow,Essex,CM18 7PS,01279 414825,https://www.nisalocally.co.uk/stores/essex/harlow/shop-1-sherards-hatch,Medium,UK-001773
East of England,Newsagent,Low,Harvey's Newsagent & Off Licence,Southend-on-Sea,Essex,SS2 4HT,01702 463957,,Low,UK-001973
East of England,Newsagent,Low,Honeycomb News,Southend-on-Sea,Essex,SS1 3EX,01702 588037,,Low,UK-001976
East of England,Newsagent,Low,"Dulcies News, Off Licence and Vape Shop",St Albans,Hertfordshire,AL1 3NA,01727 833768,,Medium,UK-001949
East of England,Petrol Station / Forecourt,Medium,M&S Food / BP Great Notley,Braintree,Essex,,01376 327773,,Low,UK-001678
East of England,Petrol Station / Forecourt,Medium,Meredith Service Station (Premier),Ipswich,Suffolk,IP1 6JR,01473 240933,,Low,UK-001801
East of England,Petrol Station / Forecourt,Medium,BP March (MFG),March,Cambridgeshire,PE15 8AN,01354 700859,,Medium,UK-001768
East of England,Petrol Station / Forecourt,Medium,March Service Station & Convenience Store,March,Cambridgeshire,PE15 8NH,01354 651047,,Medium,UK-001792
East of England,Petrol Station / Forecourt,Medium,Texaco Kingfisher Service Station,Peterborough,Cambridgeshire,PE1 2NE,01733 347391,https://www.londis.co.uk/our-stores/texaco-kingfisher-service-station,Medium,UK-001757
East of England,Petrol Station / Forecourt,Medium,Harvest Petrol Service Station (Spar),Ramsey,Cambridgeshire,PE26 1NE,01709 817836,,Low,UK-001830
East of England,Petrol Station / Forecourt,Medium,Asda Express / Asda Petrol Station Witham,Witham,Essex,,01376 311795,,Low,UK-001677
East of England,Cash & Carry,Medium,Booker Wholesale Chelmsford,Chelmsford,Essex,CM1 3AE,01245 251301,,Low,UK-001691
East of England,Cash & Carry,Medium,Faretrade Ltd,Chelmsford,Essex,CM1 2QE,01245 396801,,Low,UK-001961
East of England,Cash & Carry,Medium,Osgood Smith,Colchester,Essex,CO1 2SW,01206 866206,,Low,UK-002011
East of England,Cash & Carry,Medium,Holland Bazaar,Peterborough,Cambridgeshire,PE1 5XL,01733 340018,,Medium,UK-001975
East of England,Other Relevant Retail,Low,GadgetClub Witham,Witham,Essex,CM8 2AF,01376 513249,https://gadgetclub.uk/,Low,UK-001966
London,Vape Shop,Medium,Smoketronics Vape & Coffee Shop,Croydon,Greater London,CR0 6RD,020 8656 6683,,Medium,UK-000660
London,Vape Shop,Medium,Hayes Vapes,Hayes,Greater London,UB3 4BX,020 3261 2053,,Medium,UK-000613
London,Vape Shop,Medium,Camden Vape,London,Greater London,NW1 8AG,0333 305 2822,,Low,UK-000590
London,Vape Shop,Medium,Eliquid Base (Kentish Town),London,Greater London,NW1 8NH,020 3475 6519,,Medium,UK-000601
London,Vape Shop,Medium,UK E-Cig Store (Camden High Street),London,Greater London,NW1 7JL,020 7388 8704,,Medium,UK-000562
London,Vape Shop,Medium,Vape Superstore Soho,London,Greater London,W1D 7PG,020 7287 4524,,Medium,UK-000564
London,Vape Shop,Medium,Vapecore (Ladbroke Grove),London,Greater London,W11 3BG,0333 305 2822,,Low,UK-000677
London,Vape Shop,Medium,myCigara - Holborn (Theobald's Road),London,Greater London,WC1X 8SP,020 7242 0800,https://www.mycigara.com/,Medium,UK-000566
London,Vape Shop,Medium,Blowers Vape Shop Ltd,Uxbridge,Greater London,UB8 1LG,01895 254502,,Medium,UK-000585
London,Vape Shop,Medium,Vape Inc,Walthamstow,Greater London,E17 4PG,020 8521 9004,,Medium,UK-000674
London,Vape Shop,Medium,Vape Superstore (Walthamstow),Walthamstow,Greater London,E17 7JR,020 8520 5777,,Medium,UK-000563
London,Smoke / Shisha Shop,Medium,Al Shishawi,London,Greater London,W2 2HZ,020 7262 6212,,Low,UK-000572
London,Tobacco Specialist,High,C.Gars Ltd - St James's,London,Greater London,SW1A 1HA,020 7930 7095,https://www.cgarsltd.co.uk/,Medium,UK-000548
London,Tobacco Specialist,High,C.Gars Ltd - The City (Lime Street),London,Greater London,EC3M 7HR,020 3795 5926,https://www.cgarsltd.co.uk/,Medium,UK-000549
London,Tobacco Specialist,High,James J Fox - St James's,London,Greater London,SW1A 1ES,020 7930 3787,https://www.jjfox.co.uk/,Medium,UK-000556
London,Tobacco Specialist,Medium,Sautter Cigars,London,Greater London,W1K 2TW,020 7499 4866,https://sauttercigars.com/,Medium,UK-000655
London,Tobacco Specialist,High,Turmeaus Tobacconist - Mayfair,London,Greater London,W1J 7LB,020 7495 7330,https://www.turmeaus.co.uk/,Medium,UK-000550
London,Off-Licence,Low,Mini Free Off Licence,Bethnal Green,Greater London,E2 0HU,020 8980 4690,,Medium,UK-000636
London,Off-Licence,Low,Tad's Coffee Offie,Bethnal Green,Greater London,E1 4LB,020 7702 8297,,Medium,UK-000663
London,Off-Licence,Low,Bow Off Licence,Bow,Greater London,E3 3PN,020 7538 4695,,Medium,UK-000587
London,Off-Licence,Low,G S Wines,Dagenham,Greater London,RM9 6BU,020 8592 5465,,Medium,UK-000608
London,Off-Licence,Low,Yagmur,Dagenham,Greater London,RM9 4AL,020 8592 1818,,Medium,UK-000690
London,Off-Licence,Low,Dalston Food and Wine,Dalston,Greater London,N16 7XJ,020 7226 1959,,Medium,UK-000593
London,Off-Licence,Low,King Edward Off Licence,Hackney,Greater London,E9 7SF,020 8510 9079,,Medium,UK-000619
London,Off-Licence,Low,Ali's Wine & Grocery,Islington,Greater London,N1 3JP,020 7729 7522,,Medium,UK-000574
London,Off-Licence,Low,Alpha Off Licence,London,Greater London,SE15 4JR,020 7639 5124,,Medium,UK-000576
London,Off-Licence,Low,Best Quality Food & Wines,London,Greater London,SW6 4TJ,020 7352 4083,,Medium,UK-000582
London,Off-Licence,Low,Easy Off Licence (Caledonian Road),London,Greater London,N1 9DP,020 7837 1799,,Low,UK-000598
London,Off-Licence,Low,Eatmore Express,London,Greater London,SW6 4RN,020 7736 0335,,Medium,UK-000599
London,Off-Licence,Low,Fulham Food & Wine,London,Greater London,SW6 6BH,020 7610 0070,,Medium,UK-000607
London,Off-Licence,Medium,Lea & Sandeman - Fulham Road,London,Greater London,SW10 9PR,020 7244 0522,https://www.leaandsandeman.co.uk/,Medium,UK-000557
London,Off-Licence,Medium,Pembridge Food and Wine,London,Greater London,W11 3HQ,020 3092 8444,,Medium,UK-000645
London,Off-Licence,Low,Red Lion Wine,London,Greater London,SE13 6QB,020 8852 5801,,Medium,UK-000648
London,Off-Licence,Low,Rushey Green Food & Wine,London,Greater London,SE6 4AA,020 3632 7442,,Medium,UK-000649
London,Off-Licence,Low,SD Off License,London,Greater London,SW17 7TJ,020 8672 0151,,Medium,UK-000651
London,Off-Licence,Low,The Vintner,London,Greater London,W6 9NT,020 7385 4436,,Medium,UK-000668
London,Off-Licence,Low,Universal Liquor Mart,London,Greater London,SW6 7SX,020 3080 0700,,Medium,UK-000672
London,Off-Licence,Low,Whirly Wines Ltd,London,Greater London,SW17 8QD,020 3489 2242,,Medium,UK-000689
London,Off-Licence,Low,Cobham Food & Wine,Mitcham,Greater London,CR4 3PR,020 8767 8854,,Medium,UK-000591
London,Convenience Store,Low,Mount Superstore,Feltham,Greater London,TW13 6AJ,020 8707 4977,,Medium,UK-000637
London,Convenience Store,Low,AJ Bros Express,London,Greater London,SW17 9NT,020 8251 7848,,Medium,UK-000570
London,Convenience Store,Low,Camberwell Grocery,London,Greater London,SE5 8TR,020 7771 1964,,Medium,UK-000589
London,Convenience Store,Low,First Gear Convenience Store,London,Greater London,SW9 8PQ,020 3633 3986,,Medium,UK-000605
London,Convenience Store,Low,Intcont Food & Wine,London,Greater London,W12 9RA,020 8749 6193,,Medium,UK-000615
London,Convenience Store,Low,Knights Express,London,Greater London,SW17 9JG,020 8947 3299,,Medium,UK-000624
London,Convenience Store,Medium,Londis (Fountayne Road),Stoke Newington,Greater London,N16 7DT,020 8806 5839,,Medium,UK-000558
London,Independent Supermarket,Low,Dostlar Ltd,Harringay,Greater London,N4 1EY,020 8340 9134,,Medium,UK-000596
London,Independent Supermarket,Low,Turkish Food Market,Harringay,Greater London,N4 1EU,020 8340 4547,,Medium,UK-000670
London,Independent Supermarket,Low,Al-Sultan Supermarket,London,Greater London,W2 1EJ,020 7589 8614,,Low,UK-000573
London,Independent Supermarket,Medium,Quality Foods,Southall,Greater London,UB1 1SQ,020 8571 6966,https://www.qualityfoodsonline.com,Medium,UK-000559
London,Independent Supermarket,Low,Jalaram Supermarket,Wembley,Greater London,HA0 4TA,020 8900 1141,,Medium,UK-000616
London,Newsagent,Low,Helena News,Feltham,Greater London,TW13 6AL,020 8572 0227,,Medium,UK-000614
London,Cash & Carry,Medium,All Drinks Cash & Carry Ltd,Southall,Greater London,UB2 5NS,020 8893 6000,https://all-drinks.co.uk,High,UK-000575
London,Cash & Carry,Medium,Prince Cash & Carry Ltd,Southall,Greater London,UB2 4EX,020 8574 0892,https://www.princecashandcarry.com,Medium,UK-000646
London,Cash & Carry,Medium,A Cash & Carry,Upton Park,Greater London,E7 8LH,020 8471 7722,,Medium,UK-000568
London,Cash & Carry,Medium,Ganapathy Cash & Carry,Wembley,Greater London,HA0 4TL,020 8900 0100,,Medium,UK-000610
North East,Vape Shop,High,Vapour Tech (Alnwick),Alnwick,Northumberland,NE66 1HW,01665 798565,,High,UK-001141
North East,Vape Shop,Medium,Max Vape,Ashington,Northumberland,NE63 0XX,01670 822222,,Medium,UK-001171
North East,Vape Shop,Medium,The Vape Collective,Bedlington,Northumberland,NE22 5UB,01670 826787,,Medium,UK-001197
North East,Vape Shop,Medium,The Vapour Shop (Berwick),Berwick-upon-Tweed,Northumberland,TD15 1BN,01289 298070,https://vapour-shop.com/,High,UK-001127
North East,Vape Shop,Medium,Totally Wicked Bishop Auckland,Bishop Auckland,County Durham,DL14 7EQ,01388 662413,https://www.totallywicked-eliquid.co.uk/stores/totally-wicked-bishop-auckland,Medium,UK-001128
North East,Vape Shop,Medium,Vape'ry,Bishop Auckland,County Durham,DL14 7EH,01388 417020,https://vapery.ltd/,Medium,UK-001205
North East,Vape Shop,Medium,Blyth Vapes,Blyth,Northumberland,NE24 1BE,01670 631670,,Medium,UK-001148
North East,Vape Shop,Medium,Healthier Smoker (Blyth),Blyth,Northumberland,NE24 1LP,01670 365200,,Medium,UK-001087
North East,Vape Shop,Medium,Vapours E-cig and Tobacco Shop,Blyth,Northumberland,NE24 1BQ,01670 355970,,Medium,UK-001213
North East,Vape Shop,Medium,Totally Wicked Consett,Consett,County Durham,DH8 5QJ,01207 500374,https://www.totallywicked-eliquid.co.uk/stores/consett-e-cig-e-liquid-shop,Medium,UK-001129
North East,Vape Shop,Medium,Vuse Inspiration Store Cramlington,Cramlington,Northumberland,NE23 6RT,01670 458228,,Medium,UK-001078
North East,Vape Shop,Medium,Only The Vape - Darlington,Darlington,County Durham,DL3 6JH,01325 241176,https://onlythevape.com/,Medium,UK-001176
North East,Vape Shop,Medium,The Vape Shops,Darlington,County Durham,DL1 1TZ,01325 787571,,Medium,UK-001199
North East,Vape Shop,Medium,VPZ Darlington,Darlington,County Durham,,01325 351911,https://www.vpz.co.uk/,Medium,UK-001137
North East,Vape Shop,Medium,Vape 8,Durham City,County Durham,DH1 4SQ,0191 386 6277,,Medium,UK-001202
North East,Vape Shop,Medium,The Electric Cigarette Shop,Guisborough,Teesside,TS14 6LF,01287 349018,,Medium,UK-001196
North East,Vape Shop,Medium,First Floor Vaporium,Hexham,Northumberland,NE46 1XG,01434 604250,https://www.firstfloorvaporium.com/,High,UK-001165
North East,Vape Shop,Medium,City Vape,Middlesbrough,Teesside,TS1 5ET,01642 230154,,Medium,UK-001154
North East,Vape Shop,Medium,VPZ Morpeth,Morpeth,Northumberland,NE61 1LX,01670 512150,https://www.vpz.co.uk/,Medium,UK-001135
North East,Vape Shop,Medium,Buy Eliquid Vape Shop Byker,Newcastle upon Tyne,Tyne and Wear,NE6 1DP,0191 276 2451,,Low,UK-001004
North East,Vape Shop,High,Escobar Vape Shop,Newcastle upon Tyne,Tyne and Wear,NE4 6TH,0191 500 2067,https://www.escobarvapeshop.co.uk,High,UK-001018
North East,Vape Shop,Medium,The Electric Cigarette Shop (Byker),Newcastle upon Tyne,Tyne and Wear,NE6 1DR,0191 275 9700,,Medium,UK-001054
North East,Vape Shop,Medium,The Vape Shop North Shields,North Shields,Tyne and Wear,NE29 6QR,0191 435 3249,,Medium,UK-001055
North East,Vape Shop,Medium,Vape Superstore Peterlee,Peterlee,County Durham,SR8 2LY,0333 323 7733,,Low,UK-001139
North East,Vape Shop,Medium,Simian Vapes,Redcar,Teesside,TS10 1DY,01642 494888,https://simianvapes.com,Medium,UK-001187
North East,Vape Shop,Medium,Henry's Vapes,South Shields,Tyne and Wear,NE33 4NA,0191 447 1900,,Medium,UK-001028
North East,Vape Shop,Medium,PunkMonkey Vape,South Shields,Tyne and Wear,NE34 0NF,0191 456 8995,,Medium,UK-001048
North East,Vape Shop,High,Totally Wicked,South Shields,Tyne and Wear,NE33 1NF,0191 427 1760,https://www.totallywicked-eliquid.co.uk/stores/south-shields-ecig-store,Medium,UK-000981
North East,Vape Shop,Medium,Tasty Vape Spennymoor,Spennymoor,County Durham,DL16 6JW,01388 213424,https://tasty-vape-spennymoor.ueniweb.com/,Medium,UK-001195
North East,Vape Shop,Medium,Phoenix Vaping,Sunderland,Tyne and Wear,SR5 2AB,0191 516 9317,https://www.phoenixvaping.co.uk/,Medium,UK-001043
North East,Vape Shop,Medium,VapeLocal.com,Sunderland,Tyne and Wear,SR1 3LE,0191 524 0322,,Medium,UK-001064
North East,Vape Shop,Medium,Mass Vapour,Thornaby,Teesside,TS17 9EP,0845 544 2628,,Medium,UK-001170
North East,Vape Shop,Medium,VPZ Thornaby,Thornaby,Teesside,TS17 9FF,01642 761742,https://www.vpz.co.uk,Medium,UK-001136
North East,Vape Shop,Medium,Uptons Vapourium,Wallsend,Tyne and Wear,NE28 6RA,0191 263 9730,,Medium,UK-001056
North East,Vape Shop,Medium,Vape With Us Wallsend,Wallsend,Tyne and Wear,NE28 8PQ,0191 447 9496,https://vapewithus.co.uk/,Medium,UK-000993
North East,Vape Shop,Medium,Vapour Street,Wallsend,Tyne and Wear,NE28 7RP,0191 649 8416,,Medium,UK-001067
North East,Vape Shop,Medium,ECiggy UK,Washington,Tyne and Wear,NE38 7RT,0191 417 6555,,Medium,UK-001017
North East,Smoke / Shisha Shop,Medium,Mist Lounge,Middlesbrough,Teesside,TS5 6AB,01642 822020,https://mistmiddlesbrough.co.uk,Medium,UK-001174
North East,Tobacco Specialist,High,The Cheap Tab Shop,Newcastle upon Tyne,Tyne and Wear,NE1 5QQ,0191 261 5312,https://www.cheapasmokes.com/pages/the-cheap-tab-shop,Medium,UK-000954
North East,Off-Licence,Low,Beaumonts,Bishop Auckland,County Durham,DL14 6BJ,01388 603139,,Low,UK-001145
North East,Off-Licence,Low,JN Off License,Bishop Auckland,County Durham,DL14 9ER,01388 604175,,Low,UK-001167
North East,Off-Licence,Low,Booze 4 Us,Middlesbrough,Teesside,TS1 5PF,01642 641660,,Medium,UK-001149
North East,Convenience Store,Low,Lowick Village Store,Berwick-upon-Tweed,Northumberland,TD15 2UA,01289 388644,,Medium,UK-001169
North East,Convenience Store,Medium,SPAR Blyth (Brierley Road),Blyth,Northumberland,NE24 5PP,01670 362322,https://www.spar.co.uk/store-locator/hal40001-spar-blyth,Medium,UK-001112
North East,Convenience Store,High,Premier - Pearl Convenience Store,Cramlington,Northumberland,NE23 7SD,0191 237 0967,https://www.premier-stores.co.uk/our-stores/pearl-convenience-store,Medium,UK-001104
North East,Convenience Store,Low,All Sorts (Coatsworth Road),Gateshead,Tyne and Wear,NE8 1QP,0191 477 0976,,Low,UK-000998
North East,Convenience Store,High,Coatsworth Road Convenience Store (Premier),Gateshead,Tyne and Wear,NE8 1SQ,0191 447 4546,https://www.premier-stores.co.uk/our-stores/coatsworth-road-convenience-store,Medium,UK-000962
North East,Convenience Store,Medium,One Stop Ingleby Barwick,Ingleby Barwick,Teesside,,01642 762538,,Medium,UK-001098
North East,Convenience Store,Low,Heaton Convenience Store,Newcastle upon Tyne,Tyne and Wear,NE6 5LQ,0191 224 4007,,Medium,UK-001025
North East,Convenience Store,Medium,SPAR Salters Road,Newcastle upon Tyne,Tyne and Wear,NE3 1DU,0191 285 3880,,Medium,UK-000975
North East,Convenience Store,Medium,Premier Normanby Mini Market,Normanby,Teesside,TS6 0JX,01642 458216,,Medium,UK-001107
North East,Convenience Store,Low,Saltburn Convenience Store,Saltburn,Teesside,TS12 3AA,01287 651155,,Low,UK-001185
North East,Convenience Store,High,Parkside Convenience Store,Seaham,County Durham,SR7 7UQ,0191 581 4518,https://www.premier-stores.co.uk/our-stores/parkside-convenience-store,Medium,UK-001103
North East,Convenience Store,Medium,Princess Convenience Store,Seaham,County Durham,SR7 7QT,0191 581 4212,https://www.premier-stores.co.uk/our-stores/princess-convenience-store,Medium,UK-001109
North East,Convenience Store,Medium,Premier Clarendon Local,Stockton-on-Tees,Teesside,TS18 1LL,01642 913234,,Medium,UK-001105
North East,Convenience Store,Medium,Premier - Pallion Convenience Store,Sunderland,Tyne and Wear,SR4 6NT,0191 375 3773,https://www.premier-stores.co.uk/our-stores/pallion-convenience-store,Medium,UK-000964
North East,Convenience Store,Medium,Best One Thornaby,Thornaby,Teesside,TS17 8EA,01642 678073,,Low,UK-001076
North East,Convenience Store,Medium,SPAR Monkseaton,Whitley Bay,Tyne and Wear,NE25 8AQ,0191 252 4553,https://www.spar.co.uk/store-locator/hal10685-spar-monkseaton,Medium,UK-000974
North East,Independent Supermarket,Medium,Heaton Halal Superstore,Newcastle upon Tyne,Tyne and Wear,NE6 5LP,0191 265 2115,,Medium,UK-001026
North East,Newsagent,Low,Mill Lane News,Billingham,Teesside,,01642 360143,,Medium,UK-001172
North East,Newsagent,Medium,Roseberry Road News / Spar,Billingham,Teesside,TS23 2SD,01642 553734,,Low,UK-001110
North East,Newsagent,Medium,Station News Billingham,Billingham,Teesside,,01642 559107,,Low,UK-001192
North East,Newsagent,Low,Town Square News,Billingham,Teesside,,01642 553252,,Low,UK-001201
North East,Newsagent,Low,Pegg's Newsagents,Hexham,Northumberland,NE46 1PQ,01434 606548,,Medium,UK-001178
North East,Petrol Station / Forecourt,Medium,"Londis @ Esso North Road (MFG, Gosforth)",Newcastle upon Tyne,Tyne and Wear,NE3 2DQ,0191 300 1505,,Low,UK-000959
North East,Petrol Station / Forecourt,Medium,Londis @ Shell Sandy Lane (Gosforth),Newcastle upon Tyne,Tyne and Wear,NE3 5HE,0191 737 1127,,Low,UK-000977
North East,Cash & Carry,Medium,Booker Wholesale Darlington,Darlington,County Durham,DL1 1BW,01325 468438,https://www.booker.co.uk/,Medium,UK-001077
North East,Cash & Carry,High,Bestway Team Valley,Gateshead,Tyne and Wear,NE11 0TU,0191 487 7779,https://www.bestwaywholesale.co.uk/depots/Bestway-Team-Valley,Medium,UK-000951
North East,Cash & Carry,Medium,Booker Gateshead,Gateshead,Tyne and Wear,NE11 0RH,0191 482 1114,,Medium,UK-000952
North East,Cash & Carry,Medium,United Wholesale Grocers (Gateshead),Gateshead,Tyne and Wear,NE11 0RQ,0191 482 5542,https://uwgl.co.uk,Medium,UK-000984
North West,Vape Shop,Medium,Choppa Vapes HQ,Accrington,Lancashire,BB5 1SA,01254 723931,,High,UK-000858
North West,Vape Shop,High,The Vapour Bar,Barrow-in-Furness,Cumbria,LA14 1PN,01229 836855,https://thevapourbar.co.uk/pages/barrow-in-furness-store,High,UK-000978
North West,Vape Shop,Medium,Gorilla Vapour,Blackburn,Lancashire,BB1 1JF,01254 460017,,Medium,UK-000890
North West,Vape Shop,Medium,Ecig Switch,Blackpool,Lancashire,FY1 2JL,01253 596106,,Medium,UK-000887
North West,Vape Shop,Medium,The Vape Store Blackpool,Blackpool,Lancashire,FY3 9AN,01253 987858,,Medium,UK-000928
North West,Vape Shop,Medium,Vapourecigs,Blackpool,Lancashire,FY4 2JE,01253 407498,,Medium,UK-000937
North West,Vape Shop,Medium,eQuit.it Horwich,Bolton,Greater Manchester,BL6 7AD,01204 694112,,Low,UK-000418
North West,Vape Shop,Medium,Electro Vapors,Bootle,Merseyside,L20 3ER,0151 922 3994,,Medium,UK-000770
North West,Vape Shop,Medium,JK's E-Cig Warehouse,Bootle,Merseyside,L20 4XX,0151 345 1171,,Low,UK-000786
North West,Vape Shop,Medium,Next Day Vapes,Burnley,Lancashire,BB11 3AA,0844 351 0283,,Medium,UK-000908
North West,Vape Shop,Medium,Vampire Vape Burnley,Burnley,Lancashire,BB11 1TQ,01282 456694,,Medium,UK-000930
North West,Vape Shop,Medium,Premier Vapes,Chester,Cheshire,CH1 3JJ,01244 311564,,Medium,UK-000914
North West,Vape Shop,Medium,The E-Cig & CBD Store Chester,Chester,Cheshire,CH1 3JS,01625 618618,,Low,UK-000924
North West,Vape Shop,Medium,Vapour-Hut Chester,Chester,Cheshire,CH1 2LB,01244 292902,,Low,UK-000872
North West,Vape Shop,Medium,Key Vape,Colne,Lancashire,BB8 0RY,01282 861944,,Medium,UK-000900
North West,Vape Shop,Medium,The Vape Alchemist,Crewe,Cheshire,CW1 3HN,01270 368814,,Medium,UK-000926
North West,Vape Shop,Medium,Virgin Vapours,Crosby,Merseyside,L23 2UE,0151 538 3868,,Low,UK-000842
North West,Vape Shop,Medium,Vape Station Darwen,Darwen,Lancashire,BB3 2AA,01254 774775,,Medium,UK-000934
North West,Vape Shop,High,NXT Gen Vapours Denton,Denton,Greater Manchester,M34 3PR,0161 320 8807,https://www.nxtgenvapours.co.uk/,Medium,UK-000312
North West,Vape Shop,Medium,Dragon Vape Leigh,Leigh,Greater Manchester,,0161 723 0064,https://dragonvapeuk.com/,Medium,UK-000354
North West,Vape Shop,Medium,Master Vaper Macclesfield,Macclesfield,Cheshire,SK11 6TJ,01625 616263,,Low,UK-000905
North West,Vape Shop,Medium,Wreckless Vape Co,Macclesfield,Cheshire,SK11 6LB,01625 253211,,Medium,UK-000940
North West,Vape Shop,Medium,All Vapes and Sizes 2 Ltd,Nelson,Lancashire,BB9 8RW,01282 619584,,Medium,UK-000874
North West,Vape Shop,Medium,The Vape Store Oldham,Oldham,Greater Manchester,,0161 258 8289,,Low,UK-000392
North West,Vape Shop,Medium,ECiggy UK,Penrith,Cumbria,CA11 7SY,01768 867081,,Medium,UK-001016
North West,Vape Shop,Medium,"Iblaze Vape (Walkden, Salford)",Salford,Greater Manchester,M28 3AX,0161 222 0708,,Medium,UK-000365
North West,Vape Shop,Medium,Neon Vaperz CBD (Salford),Salford,Greater Manchester,M6 8HA,0161 707 2228,,Low,UK-000376
North West,Vape Shop,High,No-Match Southport (North West Ecigs),Southport,Merseyside,PR8 1AF,01704 807280,https://www.northwestecigs.uk/,Medium,UK-000713
North West,Vape Shop,High,Vapable Southport,Southport,Merseyside,,01704 222999,https://vapable.com/southport-vape-shop/,Low,UK-000741
North West,Vape Shop,Medium,The Vape Hut,St Helens,Merseyside,WA11 0LF,01942 726072,,Low,UK-000826
North West,Vape Shop,High,The Vapour Bar,Ulverston,Cumbria,LA12 7DZ,01229 588222,https://thevapourbar.co.uk/pages/ulverston-store,High,UK-000979
North West,Vape Shop,Medium,WOW Vape & CBD,Ulverston,Cumbria,LA12 7AY,01229 586687,,Medium,UK-001069
North West,Vape Shop,Medium,"NJ Vapes (Urmston, Trafford)",Urmston,Greater Manchester,M41 5AB,0161 376 4170,,Low,UK-000375
North West,Vape Shop,Medium,"The Vape Store (Urmston, Trafford)",Urmston,Greater Manchester,M41 5BG,0161 637 5051,,Low,UK-000390
North West,Vape Shop,Medium,VPZ,Whitehaven,Cumbria,CA28 7JN,01946 693376,,Medium,UK-000986
North West,Vape Shop,Medium,Fuel n Vape,Widnes,Halton,WA8 8QA,0151 423 5914,,Medium,UK-000889
North West,Vape Shop,High,Cloudstix Ashton-in-Makerfield,Wigan,Greater Manchester,WN4 9AG,01942 718289,https://www.cloudstix.com/,Medium,UK-000300
North West,Vape Shop,High,The Vapour Bar,Workington,Cumbria,CA14 2NA,01900 267373,https://thevapourbar.co.uk/,Medium,UK-000980
North West,Vape Shop,Medium,VPZ,Workington,Cumbria,CA14 2AB,01900 511017,,Medium,UK-000987
North West,Smoke / Shisha Shop,Medium,Sky Lounge,Blackburn,Lancashire,BB2 6AE,01254 697308,,Medium,UK-000921
North West,Smoke / Shisha Shop,Medium,Dubai Cafe & Shisha Bar (Rusholme),Manchester,Greater Manchester,M14 5AL,0161 224 9040,,Medium,UK-000356
North West,Smoke / Shisha Shop,Medium,Huqqa Lounge (Rusholme),Manchester,Greater Manchester,,0161 273 6555,,Low,UK-000362
North West,Smoke / Shisha Shop,Medium,Luxury Shisha Lounge (Rusholme),Manchester,Greater Manchester,M14 5SS,0161 249 0077,,Medium,UK-000368
North West,Smoke / Shisha Shop,Medium,Shesha Lounge (Cheetham Hill),Manchester,Greater Manchester,,0161 834 8007,,Medium,UK-000380
North West,Smoke / Shisha Shop,Medium,Two Apples Shisha (Cheetham Hill),Manchester,Greater Manchester,M8 8UT,0161 278 7264,,Low,UK-000397
North West,Smoke / Shisha Shop,Medium,Shisha Cafe Warrington,Warrington,Warrington,WA2 9HE,01925 633003,,Low,UK-000919
North West,Tobacco Specialist,Medium,Brucciani,Carlisle,Cumbria,CA3 8PY,01228 522168,https://www.brucciani-limited.co.uk/,High,UK-001003
North West,Tobacco Specialist,Medium,Hodgson's Newsagents & Tobacconist,Carlisle,Cumbria,CA3 8JF,01228 525385,,Medium,UK-001029
North West,Tobacco Specialist,Medium,Aston's of Manchester,Manchester,Greater Manchester,M2 7EA,0161 832 7895,https://astonsofmanchester.co.uk/,Medium,UK-000341
North West,Off-Licence,Medium,Bargain Booze,Barrow-in-Furness,Cumbria,LA13 9QX,01229 838100,,Medium,UK-000944
North West,Off-Licence,Low,Vish Off Licence Ltd,Bolton,Greater Manchester,BL3 3DJ,01204 418222,,Medium,UK-000412
North West,Off-Licence,Low,M S Lone General Store,Burnley,Lancashire,BB11 2SA,01282 425470,,Medium,UK-000904
North West,Off-Licence,Medium,Bargain Booze Plus,Carlisle,Cumbria,CA1 3QB,01228 594465,,Medium,UK-000947
North West,Off-Licence,Low,Bottoms Up,Liverpool,Merseyside,L4 0UQ,0151 263 3113,,Low,UK-000758
North West,Off-Licence,Low,Grog Shop,Liverpool,Merseyside,L32 0TU,0151 549 1773,,Low,UK-000779
North West,Off-Licence,Low,High Park Off Licence,Liverpool,Merseyside,L8 3UF,0151 475 5764,,Low,UK-000780
North West,Off-Licence,Low,Millstreet Wines,Liverpool,Merseyside,L8 4RD,0151 726 0900,,Low,UK-000802
North West,Off-Licence,Low,North Hill Food & Wines,Liverpool,Merseyside,L8 8AG,0151 727 4254,,Low,UK-000808
North West,Off-Licence,Low,Crown Liquor Store,Macclesfield,Cheshire,SK11 6RY,01625 426606,,Medium,UK-000882
North West,Off-Licence,Medium,Bargain Booze Barrowford,Nelson,Lancashire,BB9 8NG,01282 695497,,Low,UK-000852
North West,Off-Licence,Medium,Bargain Booze Select Convenience Sandbach,Sandbach,Cheshire,CW11 3NG,01270 750162,,Medium,UK-000854
North West,Off-Licence,Medium,Bargain Booze - Lord Street Southport,Southport,Merseyside,,01704 534826,https://branches.bargainbooze.co.uk/southport/597-599-lord-street.html,Medium,UK-000691
North West,Off-Licence,Low,AJ Food & Wine,Stockport,Greater Manchester,SK3 0RH,0161 428 2312,,Low,UK-000335
North West,Off-Licence,Low,Springwater Off Licence,Whitefield,Greater Manchester,M45 7RG,0161 796 2910,,Low,UK-000382
North West,Off-Licence,Medium,Bargain Booze Wigan Lane,Wigan,Greater Manchester,WN1 1XS,01942 829539,,Low,UK-000298
North West,Convenience Store,Medium,SPAR Accrington,Accrington,Lancashire,BB5 1PY,01254 357920,,Medium,UK-000868
North West,Convenience Store,Low,Spring Hill Convenience Store,Accrington,Lancashire,BB5 0EX,01254 238956,,Medium,UK-000922
North West,Convenience Store,Low,Bobbys Convenience Store,Burnley,Lancashire,BB11 4DH,01282 789732,,Medium,UK-000879
North West,Convenience Store,Low,Joyces Convenience Store,Burnley,Lancashire,BB10 1XH,01282 438002,,Medium,UK-000896
North West,Convenience Store,Low,Ruma General Store,Burnley,Lancashire,BB10 4AB,01282 413830,,Medium,UK-000918
North West,Convenience Store,Low,The Local Ramsbottom,Bury,Greater Manchester,BL0 9ND,01706 822265,,Low,UK-000386
North West,Convenience Store,Low,DA Shop,Cheadle,Greater Manchester,SK8 5NW,0161 486 1987,,Low,UK-000350
North West,Convenience Store,Low,Your Local Convenience Store (Eccles),Eccles,Greater Manchester,M30 0ND,0161 707 2863,,Low,UK-000416
North West,Convenience Store,Low,Hyde Convenience Store,Hyde,Greater Manchester,SK14 4PD,0161 368 3057,,Medium,UK-000364
North West,Convenience Store,Medium,SPAR Coopers Lane,Kirkby,Merseyside,L33 7TU,0151 305 6865,,Low,UK-000721
North West,Convenience Store,Low,Holliday's,Liverpool,Merseyside,L33 6XE,0151 546 0738,,Low,UK-000782
North West,Convenience Store,Medium,One Stop Convenience Store - Glovers Brow,Liverpool,Merseyside,L32 2AE,0151 792 5986,,Low,UK-000714
North West,Convenience Store,Low,Skaus Store & Cafe,Liverpool,Merseyside,L18 1LW,0151 733 3673,,Low,UK-000813
North West,Convenience Store,Medium,Go Local Macclesfield,Macclesfield,Cheshire,SK11 6TX,01625 402710,,Medium,UK-000860
North West,Convenience Store,Low,High Bank Convenience Store & Off Licence (Gorton),Manchester,Greater Manchester,M18 8UT,0161 223 5982,,Medium,UK-000360
North West,Convenience Store,Medium,"Nisa Local (Manor Avenue, Sale)",Sale,Greater Manchester,M33 5JS,0161 929 5143,https://www.nisalocally.co.uk/stores/greater-manchester/sale/77-manor-ave-12779146,Medium,UK-000315
North West,Convenience Store,Medium,SPAR Ulverston,Ulverston,Cumbria,LA12 9NR,01229 584134,https://www.spar.co.uk/store-locator/hal29972-spar-ulverston,Medium,UK-000976
North West,Convenience Store,Low,Woodhouse Convenience Store,Whitehaven,Cumbria,CA28 9LL,01946 590741,,Medium,UK-001073
North West,Independent Supermarket,Low,Asia Continental,Blackburn,Lancashire,BB1 6DG,01254 671766,,Medium,UK-000876
North West,Independent Supermarket,Low,Granby Supermarkets,Liverpool,Merseyside,L8 2US,0151 709 7732,,Low,UK-000778
North West,Independent Supermarket,High,Manchester Super Stores (Longsight),Manchester,Greater Manchester,M12 4JJ,0161 721 4495,https://manchestersuperstores.co.uk/,Medium,UK-000310
North West,Independent Supermarket,High,Manchester Super Stores (Rusholme),Manchester,Greater Manchester,M14 5AH,0161 224 5899,https://manchestersuperstores.co.uk/,Medium,UK-000311
North West,Independent Supermarket,Medium,Worldwide Foods (Cheetham Hill),Manchester,Greater Manchester,M8 9JX,0161 740 2690,https://worldwidefoods.co.uk/,Medium,UK-000328
North West,Independent Supermarket,Medium,Worldwide Foods (Longsight),Manchester,Greater Manchester,M13 0QE,0161 256 2985,https://worldwidefoods.co.uk/,Medium,UK-000329
North West,Independent Supermarket,Medium,Worldwide Foods (Rusholme),Manchester,Greater Manchester,M14 4AH,0161 248 6727,https://worldwidefoods.co.uk/,Medium,UK-000331
North West,Independent Supermarket,Low,Pendle Halal Meat,Nelson,Lancashire,BB9 9TG,01282 606669,,Medium,UK-000911
North West,Independent Supermarket,Medium,Al-Rayan Supermarket,Rochdale,Greater Manchester,OL16 1PN,01706 521215,,Medium,UK-000337
North West,Newsagent,Low,Susan's Newsagents & Off Licence,Burnley,Lancashire,BB12 7DA,01282 776082,,Medium,UK-000923
North West,Newsagent,Low,JA and P Airey Newsagents and Gifts,Kendal,Cumbria,LA9 4RA,01539 720781,,Medium,UK-001031
North West,Newsagent,Low,Southdene Newsagents,Liverpool,Merseyside,L32 6QP,0151 549 1663,,Low,UK-000816
North West,Newsagent,Low,T & C Mills Newsagent,Liverpool,Merseyside,L22 9QG,0151 928 5934,,Low,UK-000821
North West,Newsagent,Low,TJ News & Off Licence (Gorton),Manchester,Greater Manchester,M18 7GG,0161 223 3020,,Low,UK-000384
North West,Newsagent,Low,Marple Bridge Stores,Marple,Greater Manchester,SK6 5AA,0161 427 2046,,Medium,UK-000370
North West,Newsagent,Low,Marple News,Marple,Greater Manchester,SK6 6DQ,0161 427 7493,,Medium,UK-000371
North West,Newsagent,Low,Barkway Newsagents (Stretford),Stretford,Greater Manchester,M32 9DX,0161 865 0169,,Medium,UK-000346
North West,Petrol Station / Forecourt,Medium,Texaco Horwich Service Station,Bolton,Greater Manchester,BL6 6DT,01204 667182,,Low,UK-000322
North West,Petrol Station / Forecourt,Medium,"Seedley Road Service Station (Costcutter, Salford)",Salford,Greater Manchester,M6 5WN,0161 737 8126,,Low,UK-000318
North West,Cash & Carry,Medium,A S M Cash & Carry,Ashton-under-Lyne,Greater Manchester,OL6 7DF,0161 339 4744,,Medium,UK-000333
North West,Cash & Carry,Medium,ADZ Food Distribution Ltd,Bolton,Greater Manchester,BL3 6JF,01204 365573,,Low,UK-000334
North West,Cash & Carry,Medium,Draycott Trading Cash & Carry,Bolton,Greater Manchester,BL1 8DS,01204 387779,,Low,UK-000355
North West,Cash & Carry,Medium,Marfast & Co Ltd (Cheetham Hill),Manchester,Greater Manchester,M8 8NN,0161 833 0024,https://marfast.co.uk/,Medium,UK-000369
North West,Cash & Carry,Medium,Asia Continental Retail Wholesale Foodstore,Preston,Lancashire,PR1 1TP,01772 496992,,Medium,UK-000877
North West,Cash & Carry,Medium,Kash & Karry Supplies Ltd,Preston,Lancashire,PR1 7JN,01772 378286,,Medium,UK-000898
Northern Ireland,Vape Shop,Medium,The Vape Bar - Belfast,Belfast,Belfast,BT9 7EJ,028 9066 9369,https://thevapebar.co.uk/,Medium,UK-002720
Northern Ireland,Vape Shop,High,Total Vapour - Cregagh Road,Belfast,Belfast,BT6 9ET,028 9070 5428,https://www.totalvapour.co.uk/,Medium,UK-002574
Northern Ireland,Vape Shop,Medium,Vapourette,Belfast,Belfast,BT6 8PQ,028 9560 9517,,Low,UK-002756
Northern Ireland,Vape Shop,Medium,Ziggicig - Great Northern Mall,Belfast,Belfast,BT2 7GN,028 9560 7313,https://ziggicig.com/,Medium,UK-002630
Northern Ireland,Vape Shop,High,Total Vapour - Carrickfergus,Carrickfergus,County Antrim,BT38 8AY,028 9335 5369,https://www.totalvapour.co.uk/,Medium,UK-002573
Northern Ireland,Vape Shop,Medium,Cloud Corp Vaping,Coleraine,County Londonderry,BT52 2NR,028 7034 4211,https://www.cloudcorpni.com/,Medium,UK-002653
Northern Ireland,Vape Shop,Medium,Ziggicig - Coleraine,Coleraine,County Londonderry,BT52 1PF,028 9560 7313,https://ziggicig.com/,Low,UK-002629
Northern Ireland,Vape Shop,High,ELQD ECIGS - Cookstown,Cookstown,County Tyrone,BT80 8NX,028 8623 9349,https://elqdecigs.co.uk/,Medium,UK-002505
Northern Ireland,Vape Shop,Medium,The Ciggie Shop,Lisburn,County Antrim,BT28 1XE,028 9267 3122,,Low,UK-002716
Northern Ireland,Vape Shop,Medium,Ziggicig - Lisburn,Lisburn,County Antrim,BT28 1AP,028 9560 7313,https://ziggicig.com/,Medium,UK-002631
Northern Ireland,Vape Shop,High,Walled City Vape - Pump Street,Londonderry,County Londonderry,BT48 6JG,028 7141 4321,https://walledcityvape.com/,Medium,UK-002616
Northern Ireland,Vape Shop,High,Walled City Vape - Spencer Road,Londonderry,County Londonderry,BT48 6AE,028 7134 2547,https://walledcityvape.com/,Medium,UK-002617
Northern Ireland,Vape Shop,High,ELQD ECIGS - Magherafelt,Magherafelt,County Londonderry,BT45 5AF,028 7932 8175,https://elqdecigs.co.uk/,Medium,UK-002507
Northern Ireland,Vape Shop,Medium,Touch of Class Vaping - Newtownards,Newtownards,County Down,BT23 4EU,028 9181 5444,,Low,UK-002730
Northern Ireland,Vape Shop,Medium,Ziggicig - Newtownards,Newtownards,County Down,BT23 4AB,028 9560 7313,https://ziggicig.com/,Low,UK-002632
Northern Ireland,Tobacco Specialist,Medium,Miss Moran (Morans),Belfast,Belfast,BT1 2,028 9024 6826,,Low,UK-002689
Northern Ireland,Off-Licence,Low,Neill Wine - Helen's Bay,Bangor,County Down,BT19 1TN,028 9185 3650,,Low,UK-002692
Northern Ireland,Off-Licence,Medium,Winemark Warren - Bangor,Bangor,County Down,,028 9145 0603,https://winemark.com/,Low,UK-002626
Northern Ireland,Off-Licence,Medium,Winemark - Belmont,Belfast,Belfast,,028 9067 3271,https://winemark.com/,Low,UK-002622
Northern Ireland,Off-Licence,Medium,Winemark - Bloomfield,Belfast,Belfast,,028 9045 4085,https://winemark.com/,Low,UK-002623
Northern Ireland,Off-Licence,Medium,Winemark - Stockmans Lane,Belfast,Belfast,BT9 7JD,028 9068 3081,https://winemark.com/,Medium,UK-002625
Northern Ireland,Off-Licence,Low,KWM Wines & Spirits - Kilkeel,Kilkeel,County Down,BT34 4BH,028 4176 2400,,Low,UK-002678
Northern Ireland,Off-Licence,Medium,Lisburn Wine Flair,Lisburn,County Antrim,BT28 1TW,028 9267 0441,https://wineflair.net/,Low,UK-002618
Northern Ireland,Off-Licence,Medium,Chill Off Licence - Culmore Road,Londonderry,County Londonderry,BT48 8JH,028 7135 7335,,Low,UK-002490
Northern Ireland,Off-Licence,Low,Drink Link - Newry,Newry,County Down,BT35 8DA,028 3026 6110,,Low,UK-002658
Scotland,Vape Shop,Medium,Scotvapes (George Street),Aberdeen,Aberdeen City,AB25 1EP,01224 465033,https://scotvapes.com/aberdeen/,Medium,UK-002550
Scotland,Vape Shop,Medium,Scotvapes (Holburn Street),Aberdeen,Aberdeen City,AB10 6BT,01224 586452,https://scotvapes.com/,Medium,UK-002551
Scotland,Vape Shop,Medium,VPZ (Aberdeen Union Street),Aberdeen,Aberdeen City,AB11 5BJ,01224 596882,https://www.vpz.co.uk/stores/l/aberdeen/51-union-street/6168734,High,UK-002582
Scotland,Vape Shop,Medium,Vaping 101,Aberdeen,Aberdeen City,AB11 6BR,01224 032542,https://vaping101.co.uk/,High,UK-002753
Scotland,Vape Shop,Medium,Vapourohm Airdrie,Airdrie,North Lanarkshire,ML6 0AA,01236 779111,,Low,UK-000838
Scotland,Vape Shop,Medium,Vapourz Airdrie,Airdrie,North Lanarkshire,ML6 6BU,01236 763833,,Low,UK-000839
Scotland,Vape Shop,Medium,Kilted Vapor,Clydebank,West Dunbartonshire,G81 2TU,0141 952 3687,,Medium,UK-000792
Scotland,Vape Shop,Medium,VPZ Clydebank,Clydebank,West Dunbartonshire,G81 1EA,0141 230 1996,https://www.vpz.co.uk/,Medium,UK-000730
Scotland,Vape Shop,Medium,Coatbridge Vape Shop,Coatbridge,North Lanarkshire,ML5 4EX,01236 437101,,Medium,UK-000764
Scotland,Vape Shop,Medium,Super Vapes Coatbridge,Coatbridge,North Lanarkshire,ML5 3BQ,01236 341834,,Low,UK-000820
Scotland,Vape Shop,Medium,VPZ Cumbernauld,Cumbernauld,North Lanarkshire,G67 1JW,01236 723385,https://www.vpz.co.uk/,Medium,UK-002599
Scotland,Vape Shop,Medium,The Vapour Lounge Dunfermline,Dunfermline,Fife,KY12 7EB,01383 223075,,Low,UK-002726
Scotland,Vape Shop,Medium,VPZ Dunfermline,Dunfermline,Fife,KY12 7JB,01383 871778,https://www.vpz.co.uk/,Medium,UK-000731
Scotland,Vape Shop,Medium,Vapes N Shakes,Dunfermline,Fife,,01383 624763,,Low,UK-000836
Scotland,Vape Shop,Medium,Vapourz Dunfermline,Dunfermline,Fife,KY12 7AT,01383 720335,,Medium,UK-002614
Scotland,Vape Shop,Medium,e-Vapes Dunfermline,Dunfermline,Fife,KY12 7QU,01383 432335,,Low,UK-000849
Scotland,Vape Shop,Medium,Prime Vapour East Kilbride,East Kilbride,South Lanarkshire,G74 1AF,01355 458188,,Medium,UK-000718
Scotland,Vape Shop,Medium,VPZ East Kilbride,East Kilbride,South Lanarkshire,G74 1LJ,01355 231707,https://www.vpz.co.uk/,Medium,UK-000732
Scotland,Vape Shop,Medium,Dr Vapor Edinburgh (Dalry),Edinburgh,City of Edinburgh,EH11 2AY,0131 347 1581,,Medium,UK-000705
Scotland,Vape Shop,Medium,Dr Vapor Edinburgh (Parsons Green),Edinburgh,City of Edinburgh,EH8 7AF,0131 281 2385,,Medium,UK-000706
Scotland,Vape Shop,Medium,Pro Vapor Leith Walk,Edinburgh,City of Edinburgh,EH7 5HN,0131 556 4151,,Medium,UK-000720
Scotland,Vape Shop,Medium,VPZ Leith Walk,Edinburgh,City of Edinburgh,EH7 4PF,0131 561 1300,,Medium,UK-000736
Scotland,Vape Shop,Medium,Vapedrop,Edinburgh,City of Edinburgh,EH6 5HX,0131 281 6507,,Medium,UK-000835
Scotland,Vape Shop,Medium,Scotvapes (Elgin),Elgin,Moray,IV30 1BA,01343 200054,https://scotvapes.com/elgin/,Medium,UK-002549
Scotland,Vape Shop,Medium,VPZ (Elgin),Elgin,Moray,IV30 1BJ,01343 544133,https://www.yelp.com/biz/vpz-elgin-4,Medium,UK-002587
Scotland,Vape Shop,Medium,Emporium Vapour,Falkirk,Falkirk,FK2 7EF,0800 612 7270,,Medium,UK-000774
Scotland,Vape Shop,Medium,Vapourz Falkirk,Falkirk,Falkirk,FK1 1NW,01324 626390,,Medium,UK-000747
Scotland,Vape Shop,High,Vape City,Glasgow,Glasgow City,G20 9AX,0141 946 2117,https://www.vape-city.co.uk/,Medium,UK-000742
Scotland,Vape Shop,Medium,VPZ Grangemouth,Grangemouth,Falkirk,FK3 8AZ,01324 473182,,Medium,UK-000733
Scotland,Vape Shop,Medium,VPZ Greenock,Greenock,Inverclyde,PA15 1UA,01475 648615,https://www.vpz.co.uk/,Medium,UK-002601
Scotland,Vape Shop,Medium,VapourOhm Greenock,Greenock,Inverclyde,PA15 1XP,01475 722109,,Medium,UK-002613
Scotland,Vape Shop,Medium,VPZ Hamilton,Hamilton,South Lanarkshire,ML3 7AU,01698 423137,https://www.vpz.co.uk/,Medium,UK-000734
Scotland,Vape Shop,Medium,e.cig.a.rus Hamilton,Hamilton,South Lanarkshire,ML3 7AR,01698 420068,,Low,UK-000751
Scotland,Vape Shop,Medium,Pencig Vape Shop,Inverness,Highland,IV1 1HN,01463 711191,https://pencig.co.uk/pages/contact/,Medium,UK-002697
Scotland,Vape Shop,High,VPZ (Inverness),Inverness,Highland,IV1 1DY,01463 238672,https://www.vpz.co.uk/stores/l/inverness/7-9-church-street/6168668,High,UK-002590
Scotland,Vape Shop,Medium,Zeus Juice (Inverness),Inverness,Highland,IV1 1HN,01463 211335,,Medium,UK-002627
Scotland,Vape Shop,Medium,VPZ Irvine,Irvine,North Ayrshire,KA12 8AH,01294 287352,https://www.vpz.co.uk/,Medium,UK-002602
Scotland,Vape Shop,Medium,Total Vapes Kilmarnock,Kilmarnock,East Ayrshire,KA1 1QD,01563 549510,,Low,UK-002729
Scotland,Vape Shop,High,VPZ Kilmarnock,Kilmarnock,East Ayrshire,KA1 1QW,01563 259196,https://www.vpz.co.uk/stores/l/kilmarnock/13-15-tichfield-street/6168782,Medium,UK-002603
Scotland,Vape Shop,Medium,Drip Crazy Vapes,Kirkcaldy,Fife,KY1 1QF,01592 560398,,Medium,UK-000768
Scotland,Vape Shop,Medium,Vapourz Kirkcaldy,Kirkcaldy,Fife,KY1 1NQ,01592 265374,,Medium,UK-000748
Scotland,Vape Shop,Medium,Cignil Vapour Livingston,Livingston,West Lothian,EH54 6QU,01506 439461,,Medium,UK-002651
Scotland,Vape Shop,Medium,VPZ Livingston,Livingston,West Lothian,EH54 6HR,01506 324885,https://www.vpz.co.uk/,Medium,UK-002604
Scotland,Vape Shop,Medium,VPZ Motherwell,Motherwell,North Lanarkshire,ML1 1RB,01698 265111,https://www.vpz.co.uk/,Medium,UK-000738
Scotland,Vape Shop,Medium,VPZ Paisley,Paisley,Renfrewshire,PA1 2YA,0141 889 3463,https://www.vpz.co.uk/,Medium,UK-000739
Scotland,Vape Shop,High,VPZ (Perth) / Vaporized,Perth,Perth and Kinross,PH2 8EE,01738 248475,https://www.vpz.co.uk/stores/l/perth/29-county-place/6168785,High,UK-002593
Scotland,Vape Shop,Medium,Zeus Juice (Perth),Perth,Perth and Kinross,PH1 5TH,01738 504503,https://vapeshop-nearme.com/listing/zeus-juice-perth/,Medium,UK-002628
Scotland,Vape Shop,High,Ecigs-Scotland (Peterhead),Peterhead,Aberdeenshire,AB42 1BY,01779 481222,https://ecigdirectory.co.uk/vape-shop/listing/ecigs-scotland-peterhead,Medium,UK-002509
Scotland,Vape Shop,Medium,VPZ Troon,Troon,South Ayrshire,KA10 6AA,01292 857410,https://www.vpz.co.uk/,Medium,UK-002606
Scotland,Vape Shop,Medium,Ecigarus Wishaw,Wishaw,North Lanarkshire,,01698 296440,,Medium,UK-002508
Scotland,Vape Shop,Medium,VPZ Wishaw,Wishaw,North Lanarkshire,ML2 7AF,01698 355102,https://www.vpz.co.uk/,Medium,UK-000740
Scotland,Vape Shop,Medium,e.cig.a.rus Wishaw,Wishaw,North Lanarkshire,ML2 7AU,01698 296440,,Medium,UK-000752
Scotland,Smoke / Shisha Shop,Medium,Urban Shisha Lounge,Aberdeen,Aberdeen City,,01224 478940,,Medium,UK-002736
Scotland,Smoke / Shisha Shop,Medium,Burj Al Shisha,Dundee,Dundee City,,01382 202072,https://burjalshisha.co.uk/,Low,UK-002644
Scotland,Tobacco Specialist,Medium,CASC Whisky & Cigar Shop,Aberdeen,Aberdeen City,,01224 822222,https://www.cascnation.com/,Medium,UK-002646
Scotland,Tobacco Specialist,Medium,The Pipe Shop,Edinburgh,City of Edinburgh,EH6 5HB,0131 553 3561,,Medium,UK-000825
Scotland,Tobacco Specialist,Medium,Smokers Lounge,Glasgow,Glasgow City,G1 5AX,0141 552 0127,,Medium,UK-000814
Scotland,Off-Licence,Medium,Fountainhall Wines,Aberdeen,Aberdeen City,AB15 4EW,01224 641628,https://fountainhallwines.co.uk/,High,UK-002666
Scotland,Off-Licence,Low,Belmont Stores,Ayr,South Ayrshire,,01292 262447,,Low,UK-002637
Scotland,Off-Licence,Low,Drinks Cellar Ayr,Ayr,South Ayrshire,,01292 610743,,Low,UK-002659
Scotland,Off-Licence,Low,Elm Row Grocer & Off Licence,Edinburgh,City of Edinburgh,EH7 4AH,0131 558 3058,,Medium,UK-000773
Scotland,Off-Licence,Low,Goldenacre Wines,Edinburgh,City of Edinburgh,EH3 5PX,0131 552 8064,,Medium,UK-000777
Scotland,Off-Licence,Low,Ellie's Cellar,Stirling,Stirling,FK9 4HP,01786 834894,,Medium,UK-000772
Scotland,Off-Licence,Medium,WoodWinters Wines & Whiskies,Stirling,Stirling,FK7 7WR,01786 448687,,Medium,UK-000750
Scotland,Convenience Store,High,Nisa Local / Premier Clydebank (Glasgow Road),Clydebank,West Dunbartonshire,G81 1JP,0141 951 1669,https://www.nisalocally.co.uk/stores/west-dunbart/clydebank/485b-glasgow-rd,Medium,UK-000712
Scotland,Convenience Store,Low,Muirhead Convenience,Dunfermline,Fife,KY11 3DR,01383 873510,,Medium,UK-000806
Scotland,Convenience Store,Medium,Best-One Leith Walk Stores,Edinburgh,City of Edinburgh,EH6 8SA,0131 553 4260,,Medium,UK-000693
Scotland,Convenience Store,Low,Kavery Convenience Store,Edinburgh,City of Edinburgh,EH11 1TX,0131 623 7192,,Medium,UK-000789
Scotland,Convenience Store,Medium,Premier - Shawlands Convenience Store,Glasgow,Glasgow City,G43 1RN,0141 632 3236,,Medium,UK-000717
Scotland,Convenience Store,High,Crown Stores,Inverness,Highland,IV2 3JT,01463 232026,https://www.premier-stores.co.uk/our-stores/crown-stores,Medium,UK-002541
Scotland,Independent Supermarket,Low,Hing Sing Chinese Supermarket,Edinburgh,City of Edinburgh,EH6 5BU,0131 554 4333,,Medium,UK-000781
Scotland,Independent Supermarket,Low,Loon Fung,Edinburgh,City of Edinburgh,EH6 8NX,0131 555 1098,,Medium,UK-000796
Scotland,Independent Supermarket,High,Locavore (Govanhill),Glasgow,Glasgow City,G42 7SA,0141 378 1680,https://www.locavore.scot/,Medium,UK-000709
Scotland,Independent Supermarket,Medium,Minar Superstore & Halal Meat Shop,Glasgow,Glasgow City,G41 1TD,0141 429 4348,,High,UK-000803
Scotland,Independent Supermarket,Medium,"Roots, Fruits & Flowers",Glasgow,Glasgow City,G12 8HH,0141 334 3530,https://www.rootsfruitsandflowers.com/,High,UK-000811
Scotland,Independent Supermarket,Low,Watan Food Store,Glasgow,Glasgow City,G42 8RS,0141 423 7722,,High,UK-000844
Scotland,Newsagent,Low,Bruntsfield News,Edinburgh,City of Edinburgh,EH10 4EQ,0131 229 3836,,Medium,UK-000760
Scotland,Newsagent,Medium,News Plus (Bruntsfield),Edinburgh,City of Edinburgh,EH10 4DF,0131 229 3415,,Medium,UK-000711
Scotland,Petrol Station / Forecourt,Medium,BP Cliftonhill (Cliftonhill Service Station) / Londis,Coatbridge,North Lanarkshire,ML5 3RA,01236 433242,,Medium,UK-000710
Scotland,Cash & Carry,Medium,Campbells Cash & Carry,Edinburgh,City of Edinburgh,EH11 4BP,0131 442 4999,https://www.campbellsmeat.com,Medium,UK-000704
Scotland,Cash & Carry,High,J.W. Filshill Ltd,Glasgow,Glasgow City,G52 4HE,0141 883 7071,https://www.filshill.co.uk/,Medium,UK-000708
Scotland,Cash & Carry,High,United Wholesale (Scotland) Ltd - Maxwell Road,Glasgow,Glasgow City,G41 1SS,0141 429 0909,https://uniteduk.co.uk/,High,UK-000727
South East,Vape Shop,Medium,Tidal Vape Andover,Andover,Hampshire,SP10 1NG,023 8000 2422,https://www.tidalvape.co.uk/pages/andover,Medium,UK-002242
South East,Vape Shop,Medium,Ecigwizard - Banbury,Banbury,Oxfordshire,OX16 5JG,01296 326700,https://www.ecigwizard.com/pages/ecigwizard-banbury,Medium,UK-002173
South East,Vape Shop,High,Sky Blue Vape Lounge - Banbury,Banbury,Oxfordshire,OX16 5LG,01295 263772,https://skybluevape.co.uk/store/sky-blue-vape-lounge-banbury/,Medium,UK-002227
South East,Vape Shop,Medium,VPZ Basingstoke,Basingstoke,Hampshire,RG21 7NW,01256 323478,,Medium,UK-002257
South East,Vape Shop,High,Phoenix Vapers - Bicester,Bicester,Oxfordshire,OX26 6JB,01869 360331,https://phoenixeliquid.co.uk/,Medium,UK-002220
South East,Vape Shop,High,MIST Vape Shop,Brighton,East Sussex,BN1 4JN,01273 695593,https://www.misteliquid.co.uk/,Medium,UK-002209
South East,Vape Shop,Medium,The Vapour Room Electronic Cigarettes Burgess Hill,Burgess Hill,West Sussex,RH15 9AE,0300 373 1273,,Low,UK-002436
South East,Vape Shop,Medium,Totally Wicked Burgess Hill,Burgess Hill,West Sussex,RH15 8DN,01444 211178,https://www.totallywicked-eliquid.co.uk/,Low,UK-002251
South East,Vape Shop,Low,The Vape Shop Camberley,Camberley,Surrey,GU15 3SP,01276 66611,,Low,UK-002432
South East,Vape Shop,Medium,Vanilla Vapes,Camberley,Surrey,GU15 3RS,01276 406996,https://vanillavapes.co.uk/about-our-store,Medium,UK-002448
South East,Vape Shop,Medium,TJ's E-Cigarettes Canterbury,Canterbury,Kent,CT1 2DY,01227 787843,,Low,UK-002232
South East,Vape Shop,Medium,The Canterbury Vape,Canterbury,Kent,,01227 634090,https://vapeandjuice.co.uk/pages/the-canterbury-vape,Low,UK-002270
South East,Vape Shop,Medium,Vape Royale Canterbury,Canterbury,Kent,CT1 2BQ,01227 634280,,Low,UK-002454
South East,Vape Shop,Medium,TJ's E-Cigarettes Chatham,Chatham,Kent,ME4 4BQ,01634 843020,,Medium,UK-002233
South East,Vape Shop,Medium,Every Cloud Vape Shop Chichester,Chichester,West Sussex,,01243 696770,,Low,UK-002351
South East,Vape Shop,Medium,Vapestore Chichester,Chichester,West Sussex,PO19 1HX,01243 976987,https://www.vapestore.co.uk/pages/store-locations/vapestore-chichester,Medium,UK-002297
South East,Vape Shop,Medium,Vape Simple Crawley,Crawley,West Sussex,RH10 9RW,01293 265550,,Low,UK-002455
South East,Vape Shop,Medium,All About Da Vape,Deal,Kent,CT14 6AG,01304 389546,,Medium,UK-002312
South East,Vape Shop,Medium,Dorking Vape Store,Dorking,Surrey,RH4 1QR,01306 887420,,Low,UK-002342
South East,Vape Shop,Medium,The Vapeistry Dover,Dover,Kent,CT17 9AF,01304 268919,,Medium,UK-002236
South East,Vape Shop,Medium,Totally Wicked Dover,Dover,Kent,CT16 1EB,01304 201650,,Low,UK-002252
South East,Vape Shop,High,Berkshire Vapers (Earley),Earley,Berkshire,RG6 7DT,0118 327 2829,https://berkshirevapers.net/,High,UK-002162
South East,Vape Shop,Medium,The Vapers Shop East Grinstead,East Grinstead,West Sussex,RH19 1EP,01342 457300,,Medium,UK-002434
South East,Vape Shop,Medium,Vapestore Eastbourne,Eastbourne,East Sussex,BN21 3AJ,01323 402700,https://www.vapestore.co.uk/pages/store-locations/vapestore-eastbourne,Medium,UK-002298
South East,Vape Shop,Medium,Anglo Vapour,Eastleigh,Hampshire,SO50 5RA,023 8061 5692,https://anglovapour.co.uk/,Medium,UK-002316
South East,Vape Shop,Medium,Tidal Vape Eastleigh,Eastleigh,Hampshire,SO50 5RF,023 8114 1354,https://www.tidalvape.co.uk/pages/eastleigh-vape-shop,Medium,UK-002243
South East,Vape Shop,Medium,VAP House,Epsom,Surrey,KT19 8BA,01372 878791,,Medium,UK-002447
South East,Vape Shop,Medium,VPZ Fareham,Fareham,Hampshire,PO16 0EP,01329 237465,,Medium,UK-002258
South East,Vape Shop,Medium,Sweet Cloud Farnborough,Farnborough,Hampshire,GU14 6EJ,01252 543933,,Low,UK-002417
South East,Vape Shop,Medium,Vapella Farnham,Farnham,Surrey,GU9 7RP,01252 940063,https://www.vapella.com/store-finder/vape-shop-in-farham/,Medium,UK-002459
South East,Vape Shop,Medium,VapER+ Fleet,Fleet,Hampshire,GU51 3AB,01252 623497,https://vape-er.co.uk/,Medium,UK-002449
South East,Vape Shop,Medium,Iconic E-Cigarettes,Gillingham,Kent,ME7 1AQ,01634 470197,,Low,UK-002366
South East,Vape Shop,Medium,TJ's E-Cigarettes Gillingham,Gillingham,Kent,ME7 1AU,01634 576176,,Low,UK-002234
South East,Vape Shop,Medium,Vapeez Vape Shop,Gillingham,Kent,ME7 5UG,01634 786868,http://vapeez.co.uk/,Medium,UK-002458
South East,Vape Shop,Medium,VPZ Gosport,Gosport,Hampshire,,023 9258 3705,,Medium,UK-002259
South East,Vape Shop,Medium,TJ's E-Cigarettes Gravesend,Gravesend,Kent,DA11 0AZ,01474 329742,,Low,UK-002235
South East,Vape Shop,Medium,Vapestore Guildford,Guildford,Surrey,GU1 3DN,01483 503941,https://www.vapestore.co.uk/pages/store-locations/vapestore-guildford,Medium,UK-002287
South East,Vape Shop,High,The Vapour Room Hastings,Hastings,East Sussex,TN34 1RE,01424 532882,,Medium,UK-002240
South East,Vape Shop,Medium,QSS Vape Haywards Heath,Haywards Heath,West Sussex,RH16 4LT,01444 410227,,Medium,UK-002391
South East,Vape Shop,High,X Vapes - High Wycombe,High Wycombe,Buckinghamshire,HP11 1EP,0333 224 2240,https://xvapes.co.uk/,High,UK-002311
South East,Vape Shop,Medium,Totally Wicked - Maidenhead,Maidenhead,Berkshire,SL6 1HZ,01628 675572,https://vapemaps.co/england/windsor-and-maidenhead/maidenhead/totally-wicked-e-cigarette-and-e-liquid-shop/9509,Medium,UK-002249
South East,Vape Shop,Medium,Vape 360 Maidenhead (Oryx Vape),Maidenhead,Berkshire,SL6 1LT,01628 304360,,Medium,UK-002451
South East,Vape Shop,High,Vape Town - Stony Stratford,Milton Keynes,Buckinghamshire,MK11 1BD,0333 772 2092,https://www.vapetown.co.uk/pages/vape-town-stony-stratford,Medium,UK-002281
South East,Vape Shop,Medium,Baron Vapes,Newbury,Berkshire,RG14 6QW,01635 729680,,Low,UK-002325
South East,Vape Shop,Medium,VPZ - Newbury,Newbury,Berkshire,RG14 1DT,01635 226637,https://www.vpz.co.uk/stores,Medium,UK-002256
South East,Vape Shop,High,Ape Vapes Newport,Newport,Isle of Wight,PO30 1LQ,01983 532146,https://apevapes.co.uk/,Medium,UK-002160
South East,Vape Shop,High,Oxford Vapours - Headington,Oxford,Oxfordshire,OX3 9ED,01865 751666,https://oxfordvapours.com/,Medium,UK-002217
South East,Vape Shop,Medium,Ecigit Portsmouth,Portsmouth,Hampshire,PO2 9AA,023 9269 5998,,Low,UK-002345
South East,Vape Shop,Medium,There's No Place Like Ohm,Portsmouth,Hampshire,PO6 3DL,023 9232 5581,,Low,UK-002439
South East,Vape Shop,Medium,Vaparettes Ramsgate,Ramsgate,Kent,CT11 8NG,01227 283939,https://vaparettes.co.uk/ramsgate-shop/,Medium,UK-002269
South East,Vape Shop,Medium,Vape Chaos Ramsgate,Ramsgate,Kent,CT11 9AG,01843 584903,https://vapechaos.co.uk/pages/ramsgate,Medium,UK-002452
South East,Vape Shop,Medium,You Vape Ramsgate,Ramsgate,Kent,CT11 9EE,01843 585354,,Low,UK-002476
South East,Vape Shop,High,Vapestore Redhill,Redhill,Surrey,RH1 1RH,01737 301190,https://www.vapestore.co.uk/pages/store-locations/vapestore-redhill,Medium,UK-002291
South East,Vape Shop,High,Vapepit Reigate,Reigate,Surrey,RH2 8AA,01737 233875,https://www.vapepit.co.uk/,Medium,UK-002283
South East,Vape Shop,Medium,Wildfire Vape Sevenoaks,Sevenoaks,Kent,TN13 2BU,01323 920040,https://wildfirevape.co.uk/vape-shop-in-sevenoaks/,Medium,UK-002472
South East,Vape Shop,Medium,The Vaping Shop Sittingbourne,Sittingbourne,Kent,ME10 3TB,01795 432608,https://www.thevaping.shop/,Medium,UK-002435
South East,Vape Shop,Medium,VPZ Sittingbourne,Sittingbourne,Kent,ME10 3DL,01795 439949,,Low,UK-002260
South East,Vape Shop,Medium,Vape Slough,Slough,Berkshire,SL1 4XQ,01753 520051,https://vapeslough.co.uk/,Medium,UK-002456
South East,Vape Shop,Medium,Tidal Vape Portswood,Southampton,Hampshire,SO17 2NJ,023 8057 0928,https://www.tidalvape.co.uk/pages/southampton-totton-eastleigh,Medium,UK-002244
South East,Vape Shop,Medium,Tidal Vape Shirley,Southampton,Hampshire,SO15 3NN,023 8000 2399,https://www.tidalvape.co.uk/pages/southampton-totton-eastleigh,Medium,UK-002245
South East,Vape Shop,Medium,Vapetime Southampton,Southampton,Hampshire,SO15 0HX,01962 890240,https://www.vapetime.co.uk/,Medium,UK-002301
South East,Vape Shop,Medium,JTS Ecig Store,Tonbridge,Kent,TN9 2HR,01732 363365,,Low,UK-002369
South East,Vape Shop,Medium,V & M - The Vape and Mobile Store,Tonbridge,Kent,TN9 1EH,01732 798422,,Low,UK-002446
South East,Vape Shop,Medium,VPZ Tonbridge,Tonbridge,Kent,TN9 1SD,01732 367252,,Low,UK-002261
South East,Vape Shop,Medium,4 Vape Waterlooville,Waterlooville,Hampshire,PO7 7HE,023 9311 1246,https://4vape.co.uk/,Medium,UK-002157
South East,Vape Shop,Medium,Vapestore Waterlooville,Waterlooville,Hampshire,PO7 7XW,023 9226 4002,,Medium,UK-002294
South East,Vape Shop,Medium,Tidal Vape Winchester,Winchester,Hampshire,SO23 9JX,01962 571773,https://www.tidalvape.co.uk/,Medium,UK-002246
South East,Vape Shop,High,Vapourium Winchester,Winchester,Hampshire,SO23 7BS,01962 622243,https://vapourium.co.uk/,Medium,UK-002307
South East,Vape Shop,High,Berkshire Vapers (Winnersh),Winnersh,Berkshire,RG41 5HU,0118 979 0340,https://berkshirevapers.net/,Medium,UK-002163
South East,Vape Shop,High,Oxford Vapours - Witney,Witney,Oxfordshire,,01993 358268,https://oxfordvapours.com/,Medium,UK-002218
South East,Vape Shop,High,Electromist Woking (The Vape Depot),Woking,Surrey,GU21 6GH,01483 765921,https://electromist.co.uk/pages/woking-store,Medium,UK-002174
South East,Smoke / Shisha Shop,Medium,Soul Lounge Brighton,Brighton,East Sussex,BN1 2RA,01273 732832,https://dusklounge.co.uk/,Medium,UK-002411
South East,Smoke / Shisha Shop,Medium,Keyif Coffee and Shisha Lounge,Eastbourne,East Sussex,BN21 3HA,01323 370068,https://www.keyif-shisha.co.uk/,Medium,UK-002371
South East,Smoke / Shisha Shop,Medium,Higher Minds,Epsom,Surrey,KT17 2JE,020 8393 2444,,Medium,UK-002361
South East,Smoke / Shisha Shop,Medium,Chillim Shisha Bar and Lounge,Reading,Berkshire,RG30 1EG,0118 377 5830,,Medium,UK-002333
South East,Smoke / Shisha Shop,Medium,Aroma Lounge Southampton,Southampton,Hampshire,SO17 2FY,023 8067 1167,,Medium,UK-002319
South East,Smoke / Shisha Shop,Medium,Cattle Steakhouse Shisha Lounge,Southampton,Hampshire,SO14 1JX,023 8039 3427,https://www.cattlesteakhouse.co.uk/lounge,Medium,UK-002330
South East,Smoke / Shisha Shop,Medium,Royal Shisha Lounge Southampton,Southampton,Hampshire,SO14 3DP,023 8039 8545,,Medium,UK-002395
South East,Tobacco Specialist,Medium,Taylors Tobacconists,Brighton,East Sussex,BN1 1RD,01273 606110,,Medium,UK-002420
South East,Off-Licence,Low,Thresher Wine Shop Eastbourne,Eastbourne,East Sussex,BN21 1SB,01323 732785,,Medium,UK-002440
South East,Off-Licence,Low,B T K Off Licence,Gravesend,Kent,DA11 0LY,01474 356660,,Low,UK-002324
South East,Off-Licence,Low,Perry Food & Wine,Gravesend,Kent,DA11 8RA,01474 368986,,Low,UK-002385
South East,Off-Licence,Low,Rainbow Off Licence,Gravesend,Kent,DA12 2RG,01474 333322,,Low,UK-002392
South East,Off-Licence,Low,Four Hops Shop Ltd,Reigate,Surrey,RH2 9BS,01737 223109,,Low,UK-002353
South East,Off-Licence,Medium,Majestic Wine Reigate,Reigate,Surrey,RH2 0BA,01737 242942,,Low,UK-002211
South East,Off-Licence,Low,Toscanaccio,Winchester,Hampshire,SO23 8AT,01962 841223,,Medium,UK-002442
South East,Off-Licence,Low,Wineshak Winchester,Winchester,Hampshire,SO22 6EW,01962 853925,,Low,UK-002473
South East,Off-Licence,Medium,Majestic Wine Worthing,Worthing,West Sussex,BN11 1BY,01903 238225,,Medium,UK-002212
South East,Off-Licence,Low,Tarring Off Licence,Worthing,West Sussex,BN11 4HN,01903 215957,,Medium,UK-002419
South East,Convenience Store,High,Premier Chatham Convenience Store,Chatham,Kent,ME4 6RT,01634 401626,https://www.premier-stores.co.uk/our-stores/chatham-conveniemce-store,Medium,UK-002224
South East,Convenience Store,Medium,Premier Folkestone (Sandgate Road),Folkestone,Kent,CT20 2BL,01303 850323,,Medium,UK-002225
South East,Convenience Store,Medium,Premier Brockhurst Road,Gosport,Hampshire,PO12 3AT,023 9260 2748,,Medium,UK-002221
South East,Convenience Store,Medium,Sultan Costcutter,Gosport,Hampshire,PO12 3BY,023 9254 2240,,Low,UK-002171
South East,Convenience Store,Medium,Spar - Holborns Redhill,Redhill,Surrey,RH1 6PP,01737 762274,,Low,UK-002228
South East,Newsagent,Low,Good News Newsagents Chichester,Chichester,West Sussex,PO19 1NN,01243 778877,,Medium,UK-002356
South East,Newsagent,Low,The Shop on the Corner,Epsom,Surrey,KT18 6AW,01372 272820,,Low,UK-002429
South East,Newsagent,Low,Guildford News Delivery,Guildford,Surrey,GU2 7NU,01483 450450,,Low,UK-002358
South East,Petrol Station / Forecourt,Low,Anson Service Station,Gosport,Hampshire,PO12 3AZ,023 9250 1012,,Low,UK-002317
South West,Vape Shop,Medium,AMB Vapours Barnstaple,Barnstaple,Devon,EX32 7BZ,01271 322999,,Low,UK-001906
South West,Vape Shop,Medium,Vape Shop Barnstaple,Barnstaple,Devon,EX31 1SE,01271 267750,,Medium,UK-002102
South West,Vape Shop,High,Vape Town Barnstaple,Barnstaple,Devon,EX32 7DA,0333 772 2092,https://www.vapetown.co.uk/pages/vape-town-barnstaple,Medium,UK-001884
South West,Vape Shop,Medium,Superior Vapour,Bath,Somerset,BA1 1EQ,01225 420511,https://www.superiorvapour.com/pages/vape-shop-bath,Medium,UK-002044
South West,Vape Shop,Medium,Sacred Vapes Bideford,Bideford,Devon,,01237 422911,,Medium,UK-001822
South West,Vape Shop,Medium,Vape Centre Bodmin,Bodmin,Cornwall,PL31 2JA,01208 76058,https://www.vapecentre.uk/,Medium,UK-002096
South West,Vape Shop,High,Gorilla Vapes,Bridgwater,Somerset,TA6 3NG,01278 448727,https://www.gorillavapes.co.uk/pages/vape-shop-in-bridgwater-somerset,Medium,UK-001737
South West,Vape Shop,Medium,Life's A Drag E-Cigarette Centre,Bridgwater,Somerset,TA6 3NQ,01278 455847,,Low,UK-001989
South West,Vape Shop,Medium,Ecigwizard,Bristol,Bristol,BS16 3UP,0117 992 7967,https://www.ecigwizard.com/pages/ecigwizard-bristol,Medium,UK-001704
South West,Vape Shop,High,My Vape Store,Bristol,Bristol,BS16 3DA,0117 462 2585,https://www.facebook.com/mvsfishponds/,Medium,UK-001769
South West,Vape Shop,Medium,Vapour Days,Bristol,Bristol,BS1 3XD,0117 925 6413,https://www.vapourdays.co.uk/,High,UK-002130
South West,Vape Shop,Medium,Voltage Vapes,Bristol,Bristol,BS14 0LN,01275 217780,https://voltagevapes.co.uk/pages/find-us,High,UK-002137
South West,Vape Shop,Medium,RedJuice,Cheltenham,Gloucestershire,GL51 9FB,01242 312024,https://redjuice.co.uk/find-us.html,Medium,UK-001814
South West,Vape Shop,Medium,The Puffin Hut,Chippenham,Wiltshire,SN15 3HW,01249 657888,https://thepuffinhut.com/pages/vape-shop-chippenham,Medium,UK-001839
South West,Vape Shop,Medium,Vapour Hut,Chippenham,Wiltshire,SN15 3HG,01249 652681,https://thevapour-hut.com,Medium,UK-002131
South West,Vape Shop,Medium,Vapourway Christchurch,Christchurch,Dorset,BH23 1EU,01202 484804,,Medium,UK-002134
South West,Vape Shop,Medium,Go Vape,Cirencester,Gloucestershire,GL7 2NW,01793 250251,https://ecigdirectory.co.uk/vape-shop/listing/go-vape-cirencester,Medium,UK-001967
South West,Vape Shop,Medium,Clevedon Vape,Clevedon,Somerset,BS21 6ND,01275 563379,https://clevedonvape.business.site,Medium,UK-001938
South West,Vape Shop,Medium,Vapella,Devizes,Wiltshire,SN10 1AH,01380 698170,https://www.vapella.com/elementor-6985/,Medium,UK-002110
South West,Vape Shop,Medium,Safercigs Dorchester,Dorchester,Dorset,DT1 1QR,01258 880357,,Medium,UK-001824
South West,Vape Shop,Medium,Vape Corner Exmouth,Exmouth,Devon,EX8 1PE,01395 223067,,Low,UK-002097
South West,Vape Shop,Medium,Vape Station & CBD Street Exmouth,Exmouth,Devon,EX8 1PZ,01395 487250,,Medium,UK-002105
South West,Vape Shop,High,E-Cig City Vape Shop Falmouth,Falmouth,Cornwall,TR11 3EF,01326 712013,https://ecigcity.co.uk/,Medium,UK-001700
South West,Vape Shop,Medium,The Vaping Lounge Falmouth,Falmouth,Cornwall,TR11 3DB,01326 319774,,Medium,UK-002078
South West,Vape Shop,High,Vape HQ Helston,Helston,Cornwall,TR13 8AA,01326 617500,https://www.instagram.com/vapehqcornwall/,Medium,UK-001873
South West,Vape Shop,High,Vapour Generation,Kingswood,Bristol,BS15 8LY,0117 961 1104,https://www.vapourgeneration.co.uk/pages/kingswood,High,UK-001899
South West,Vape Shop,High,Vape HQ Newquay,Newquay,Cornwall,TR7 2NF,01637 859897,https://www.visitnewquay.org/things-to-do/vapehq-p3186113,Medium,UK-001874
South West,Vape Shop,High,My Vape Store Newton Abbot,Newton Abbot,Devon,TQ12 3SH,01626 897776,https://www.myvapestore.co.uk,Medium,UK-001770
South West,Vape Shop,High,Redeye Vapour Paignton,Paignton,Devon,TQ4 6BP,01803 522888,https://redeyevapour.co.uk/,Medium,UK-001815
South West,Vape Shop,Medium,Vapour Station Paignton,Paignton,Devon,TQ3 2EY,01803 526153,https://vapourstation.com/,Medium,UK-002132
South West,Vape Shop,Medium,VPZ Penzance,Penzance,Cornwall,TR18 2HX,01736 448949,https://stores.vpz.co.uk,Medium,UK-001871
South West,Vape Shop,High,Flavour Vapour Plymouth,Plymouth,Devon,PL6 8LH,01752 260801,https://www.flavourvapour.co.uk/stores?store=15,Low,UK-001734
South West,Vape Shop,High,Phillys Vape Shop,Plymouth,Devon,PL1 1LR,01752 260898,https://www.phillysvape.co.uk/,Medium,UK-001787
South West,Vape Shop,High,Tidal Vape Shop Poole,Poole,Dorset,BH15 1AB,01202 684810,https://www.tidalvape.co.uk/,Medium,UK-001852
South West,Vape Shop,Medium,Urban Vape Shop Poole,Poole,Dorset,BH15 3PB,01202 093660,,Medium,UK-002092
South West,Vape Shop,Medium,Zaravape,Poole,Dorset,BH15 1SZ,01202 680987,,Medium,UK-002152
South West,Vape Shop,Medium,Wick'D Up Vapers,Salisbury,Wiltshire,,01722 349064,,Low,UK-002145
South West,Vape Shop,Medium,The Vape Shop Ltd St Austell,St Austell,Cornwall,PL25 5YY,01726 68808,,Low,UK-002074
South West,Vape Shop,High,VPZ St Austell,St Austell,Cornwall,PL25 5BH,01726 68251,https://stores.vpz.co.uk/vpz-st-austell-286ac8c00dc5,Medium,UK-001872
South West,Vape Shop,High,Go Vape,Swindon,Wiltshire,SN1 1SD,01793 612044,https://govape.co.uk/swindon/,Medium,UK-001736
South West,Vape Shop,Medium,The Puffin Hut,Swindon,Wiltshire,SN4 7AA,01793 850200,https://thepuffinhut.com/pages/vape-shop-royal-wootton-bassett,Medium,UK-001841
South West,Vape Shop,High,Tidal Vape,Swindon,Wiltshire,SN1 1QB,01793 224485,https://www.tidalvape.co.uk/pages/swindon-vape-shop,Medium,UK-001850
South West,Vape Shop,Medium,E-Cig City Vape Shop,Taunton,Somerset,TA1 3LP,01823 806273,,Medium,UK-001951
South West,Vape Shop,Medium,Flavour Vapour,Taunton,Somerset,TA1 1JR,01823 275612,https://www.flavourvapour.co.uk/stores?store=19,Low,UK-001733
South West,Vape Shop,Medium,Vape-it UK Ltd,Taunton,Somerset,TA3 5RH,01823 481851,https://www.vape-it.co.uk/directions,Medium,UK-002109
South West,Vape Shop,Medium,Vaper Trails,Taunton,Somerset,TA1 1UD,01823 271190,,Medium,UK-002112
South West,Vape Shop,Medium,Project Vape,Tewkesbury,Gloucestershire,GL20 8HB,01684 296780,https://ecigdirectory.co.uk/vape-shop/listing/project-vape-tewkesbury,Medium,UK-002020
South West,Vape Shop,High,Vape Town Tiverton,Tiverton,Devon,EX16 6PE,01884 230992,https://www.vapetown.co.uk/pages/vape-town-tiverton,Medium,UK-001885
South West,Vape Shop,High,E-Cig City Vape Store Torquay,Torquay,Devon,TQ1 1DB,01803 298430,https://ecigcity.co.uk/,Medium,UK-001701
South West,Vape Shop,High,My Vape Store Torquay,Torquay,Devon,TQ1 1BN,01803 298514,https://www.myvapestore.co.uk,Medium,UK-001772
South West,Vape Shop,Medium,United Vapour,Torquay,Devon,TQ1 4LX,0333 344 3484,,Medium,UK-002091
South West,Vape Shop,High,Xtreme Vapour Torquay,Torquay,Devon,TQ1 4BY,01803 290858,,Medium,UK-001900
South West,Vape Shop,Medium,Unique Vapour,Trowbridge,Wiltshire,BA14 8EW,01225 920160,,Medium,UK-001865
South West,Vape Shop,High,Flavour Vapour Truro,Truro,Cornwall,TR1 3DJ,01872 225333,https://www.flavourvapour.co.uk/stores?store=21,Low,UK-001735
South West,Vape Shop,Medium,Bomb Site Vape Shop,Weston-super-Mare,Somerset,BS23 1QN,01934 420088,,Medium,UK-001919
South West,Vape Shop,Medium,Vaper Trails WSM,Weston-super-Mare,Somerset,BS23 1RG,01934 642673,https://www.vapertrailswsm.co.uk/,Medium,UK-002113
South West,Vape Shop,Medium,Vape d'Ami,Weymouth,Dorset,DT4 8NN,01305 568662,https://vapedami.co.uk/,Medium,UK-002107
South West,Vape Shop,Medium,Safercigs Wimborne,Wimborne Minster,Dorset,BH21 1QA,01258 880357,,Medium,UK-001825
South West,Vape Shop,Medium,Superior Vapour,Yate,South Gloucestershire,BS37 4AS,0117 403 0462,https://www.superiorvapour.com/pages/vape-shop-yate,Medium,UK-001837
South West,Vape Shop,High,The Vapour Hut,Yate,South Gloucestershire,BS37 4BB,01454 329153,https://www.thevapour-hut.com/contact/,Medium,UK-001846
South West,Smoke / Shisha Shop,Medium,The Earl,Bath,Somerset,BA1 1JQ,01225 464449,,Low,UK-002058
South West,Smoke / Shisha Shop,Medium,Exmouth Smoke & Vape,Exmouth,Devon,EX8 1NH,01395 708983,,Medium,UK-001958
South West,Tobacco Specialist,Medium,Southbourne Grove Tobacconist,Bournemouth,Dorset,,01202 429766,,Low,UK-002039
South West,Tobacco Specialist,Medium,The Pipe Shop Bournemouth,Bournemouth,Dorset,BH4 9AY,01202 764813,,Medium,UK-002065
South West,Tobacco Specialist,High,McGahey The Tobacconist,Exeter,Devon,EX3 0JQ,01392 496111,https://the-tobacconist.co.uk,Medium,UK-001763
South West,Tobacco Specialist,Medium,The Cabin Poole,Poole,Dorset,BH15 1AB,01202 674319,,Medium,UK-002052
South West,Off-Licence,Low,No 1 Off Licence,Bristol,Bristol,BS7 8AA,0117 924 7613,,Medium,UK-001999
South West,Off-Licence,Low,The Off Licence,Bristol,Bristol,BS3 4EW,0117 966 5306,,Medium,UK-002063
South West,Off-Licence,Medium,Bottoms Up,Cheltenham,Gloucestershire,GL52 6BB,01242 221508,https://www.gloucester.co.uk/off-licences/cheltenham/,Low,UK-001920
South West,Off-Licence,Medium,Bargain Booze Select Convenience Falmouth,Falmouth,Cornwall,TR11 3PL,01326 617045,,Medium,UK-001686
South West,Off-Licence,Low,Park Off Licence,Swindon,Wiltshire,SN1 5DH,01793 487196,,Low,UK-002014
South West,Off-Licence,Low,Star World Off Licence,Swindon,Wiltshire,SN2 1DB,01793 423348,,Low,UK-002041
South West,Off-Licence,Low,Victoria Off Licence,Swindon,Wiltshire,SN1 3DF,01793 535630,,Low,UK-002135
South West,Off-Licence,Low,Wollens Off Licence,Swindon,Wiltshire,SN2 1AQ,01793 523508,,Low,UK-002149
South West,Convenience Store,Medium,Spar Filton,Bristol,Bristol,BS7 0QG,0117 969 9830,https://www.spar.co.uk/store-locator/afb29816-spar-filton,Medium,UK-001833
South West,Convenience Store,Low,Rodbourne Mini Market,Swindon,Wiltshire,SN2 2AA,01793 535607,,Low,UK-002025
South West,Newsagent,Low,Peters News,Bournemouth,Dorset,BH10 4EQ,01202 240184,,Medium,UK-002016
South West,Newsagent,Low,Seamoor News,Bournemouth,Dorset,BH4 9AE,01202 765304,,Medium,UK-002030
South West,Newsagent,Low,Tremlett's Newsagents,Truro,Cornwall,TR1 2SJ,01872 272898,,Medium,UK-002084
South West,Cash & Carry,Medium,Bestway Swindon,Swindon,Wiltshire,SN5 8YG,01793 715200,https://www.bestwaywholesale.co.uk/depots/Bestway-Swindon,Medium,UK-001689
Wales,Vape Shop,High,Deluxe Vape Co Aberdare,Aberdare,Rhondda Cynon Taf,CF44 7DY,01685 267273,https://deluxevape.co/pages/aberdare,Medium,UK-002494
Wales,Vape Shop,High,Air Vape Store Bangor,Bangor,Gwynedd,LL57 1NY,01286 238755,https://airvapestore.com/,Medium,UK-002479
Wales,Vape Shop,Medium,The Smoker's Angel (Barry),Barry,Vale of Glamorgan,CF63 4HD,01792 852843,https://ecigdirectory.co.uk/vape-shop/listing/the-smokers-angel-barry,Medium,UK-002564
Wales,Vape Shop,Medium,Totally Wicked (Barry),Barry,Vale of Glamorgan,CF63 2HP,01446 740864,,Medium,UK-002576
Wales,Vape Shop,Medium,VPZ Barry,Barry,Vale of Glamorgan,CF63 4HE,01446 501257,,Medium,UK-002596
Wales,Vape Shop,Medium,Flavour Vapour (Blackwood),Blackwood,Caerphilly,NP12 1PN,01495 616162,https://ecigdirectory.co.uk/vape-shop/listing/flavour-vapour-blackwood,Medium,UK-002513
Wales,Vape Shop,Medium,Celtic Vapours Bridgend,Bridgend,Bridgend,CF31 3SB,01656 858178,https://celticvapours.com/store-locator/vape-shop-bridgend,Medium,UK-002486
Wales,Vape Shop,Medium,Urban Vaping Bridgend,Bridgend,Bridgend,,01656 768688,,Medium,UK-002737
Wales,Vape Shop,Medium,VPZ Bridgend,Bridgend,Bridgend,CF31 3BL,01656 649306,,Medium,UK-002597
Wales,Vape Shop,High,"The Vape House (Cardiff Road, Caerphilly)",Caerphilly,Caerphilly,CF83 1FQ,029 2086 3037,https://www.thevapehouse.co.uk/pages/vape-shop-caerphilly,Medium,UK-002571
Wales,Vape Shop,Medium,"The Vape House (Piccadilly Square, Caerphilly)",Caerphilly,Caerphilly,CF83 1PB,029 2086 3037,https://www.thevapehouse.co.uk/pages/vape-shop-caerphilly,Medium,UK-002572
Wales,Vape Shop,Medium,Superior Vapour Cardiff,Cardiff,Cardiff,CF24 3RP,029 2065 0129,,Medium,UK-002558
Wales,Vape Shop,Medium,Vape Superstore Cardiff,Cardiff,Cardiff,CF11 8AP,029 2240 0977,,Medium,UK-002608
Wales,Vape Shop,Medium,VPZ Cwmbran,Cwmbran,Torfaen,NP44 1PT,01633 872121,https://www.cwmbrancentre.com/retailers/vpz/,Medium,UK-002600
Wales,Vape Shop,Medium,Vape for Life (Ebbw Vale),Ebbw Vale,Blaenau Gwent,NP23 6HW,01495 222539,https://ecigdirectory.co.uk/vape-shop/listing/vape-for-life-ebbw-vale,Medium,UK-002745
Wales,Vape Shop,Medium,Valley Vapes,Flint,Flintshire,CH6 5NR,01352 763406,,Medium,UK-002738
Wales,Vape Shop,Medium,E-Juice Couture,Holyhead,Isle of Anglesey,LL65 1UD,01407 238008,https://ejuicecouture.co.uk/,Medium,UK-002662
Wales,Vape Shop,High,North Wales Vapour (Llandudno),Llandudno,Conwy,LL30 2TL,01492 330865,,Medium,UK-002537
Wales,Vape Shop,High,Deluxe Vape Co Llanelli,Llanelli,Carmarthenshire,SA14 9UY,01554 899800,https://deluxevape.co/pages/trostre,Medium,UK-002496
Wales,Vape Shop,Medium,Rebel Vaper,Llanelli,Carmarthenshire,SA15 1AW,01554 229046,,Medium,UK-002701
Wales,Vape Shop,Medium,Key Vapours CBD Store (Merthyr),Merthyr Tydfil,Merthyr Tydfil,CF47 8DF,01685 388034,,Medium,UK-002516
Wales,Vape Shop,Medium,Totally Wicked (Merthyr Tydfil),Merthyr Tydfil,Merthyr Tydfil,CF47 8DE,01685 705957,,Medium,UK-002577
Wales,Vape Shop,Medium,Deluxe Vape Co Neath,Neath,Neath Port Talbot,SA11 1RS,01639 642845,,Medium,UK-002497
Wales,Vape Shop,Medium,Vape-It (Neath),Neath,Neath Port Talbot,SA11 1PY,01639 697272,,Medium,UK-002747
Wales,Vape Shop,High,Totally Wicked (Shell Casnewydd Service Station),Newport,Newport,NP19 8BW,01633 263176,https://www.totallywicked-eliquid.co.uk/stores/casnewyddservicestation-newport-ecig-store,Medium,UK-002579
Wales,Vape Shop,High,Superior Vapour Pontypridd,Pontypridd,Rhondda Cynon Taf,CF37 4TD,01443 858283,https://www.superiorvapour.com/pages/vape-shop-pontypridd,Medium,UK-002559
Wales,Vape Shop,Medium,"Celtic Vapours (Fairway, Port Talbot)",Port Talbot,Neath Port Talbot,SA12 7HR,01639 898220,,Medium,UK-002485
Wales,Vape Shop,Medium,The Vape Escape (Port Talbot),Port Talbot,Neath Port Talbot,,01656 530004,,Medium,UK-002569
Wales,Vape Shop,Medium,The Vapour Co.,Port Talbot,Neath Port Talbot,SA13 1PH,01639 897267,,Medium,UK-002725
Wales,Vape Shop,High,Celtic Vapours Swansea,Swansea,Swansea,SA5 8JF,01792 581328,https://celticvapours.com/store-locator/vape-shop-swansea,Medium,UK-002487
Wales,Vape Shop,High,Deluxe Vape Co Fforestfach,Swansea,Swansea,SA5 4BB,01792 220850,https://deluxevape.co/pages/swansea,Medium,UK-002495
Wales,Vape Shop,High,Deluxe Vape Co Swansea (Picton Arcade),Swansea,Swansea,SA1 3BH,01792 447070,https://deluxevape.co/pages/swansea,Medium,UK-002498
Wales,Tobacco Specialist,Medium,The Bear Shop,Cardiff,Cardiff,CF10 1FJ,029 2023 3443,,Medium,UK-002715
Wales,Tobacco Specialist,Medium,W. Walker Tobacconist,Wrexham,Wrexham,LL13 7LL,01978 262961,,Medium,UK-002759
Wales,Off-Licence,Low,Bridgend Booze,Bridgend,Bridgend,CF31 2LL,01656 664225,,Medium,UK-002641
Wales,Off-Licence,Low,Bryntirion Wines Ltd,Bridgend,Bridgend,CF31 4EA,01656 652642,,Medium,UK-002643
Wales,Convenience Store,Medium,Late Stop 24-7 Convenience Store,Bangor,Gwynedd,LL57 2EG,01248 370201,,Medium,UK-002680
Wales,Convenience Store,Medium,"Premier (High Street, Barry)",Barry,Vale of Glamorgan,CF62 7EA,01446 735761,https://www.premier-stores.co.uk/our-stores/high-street-barry,Medium,UK-002540
Wales,Convenience Store,Medium,"The Co-operative Food (Colcot Road, Barry)",Barry,Vale of Glamorgan,CF62 8HJ,01446 739123,,Medium,UK-002491
Wales,Newsagent,Low,Book Corner,Llandudno,Conwy,,01492 875772,,Medium,UK-002639
Wales,Petrol Station / Forecourt,Low,Llansamlet Service Station (Texaco / Nisa Local),Swansea,Swansea,SA7 9BA,01792 447541,,Medium,UK-002682
West Midlands,Vape Shop,Medium,Acti-Vape UK - Bedworth,Bedworth,Warwickshire,CV12 8HT,024 7792 1711,,Medium,UK-001216
West Midlands,Vape Shop,Medium,Big Slims Vapour Co. Bedworth,Bedworth,Warwickshire,CV12 8QA,024 7664 0856,,Medium,UK-001298
West Midlands,Vape Shop,Medium,Flavour Vapour Birmingham,Birmingham,West Midlands,B29 6BJ,0121 472 0130,https://www.flavourvapour.co.uk/,Medium,UK-000427
West Midlands,Vape Shop,Medium,Grey Haze Vape & Cafe Lounge - Kings Heath,Birmingham,West Midlands,B14 7BH,0345 021 9294,https://greyhaze.co.uk/,Medium,UK-000429
West Midlands,Vape Shop,Medium,The Ace of Vapez - Acocks Green,Birmingham,West Midlands,B27 6RA,0121 492 1290,https://www.theaceofvapez.com/,Medium,UK-000448
West Midlands,Vape Shop,Medium,The Juicy Joint,Birmingham,West Midlands,B23 6TP,0121 373 7051,https://thejuicyjoint.co.uk/,Medium,UK-000520
West Midlands,Vape Shop,Medium,The Vape Shack - Acocks Green,Birmingham,West Midlands,B27 7XU,0121 792 9004,,Low,UK-000524
West Midlands,Vape Shop,High,Vaperz Corner - Acocks Green,Birmingham,West Midlands,B27 7UT,0121 708 2710,https://vaperzcorner.com/,Medium,UK-000451
West Midlands,Vape Shop,High,Electromist Merry Hill,Brierley Hill,West Midlands,DY5 1QX,01384 751333,https://electromist.co.uk/,Medium,UK-000426
West Midlands,Vape Shop,Medium,ECIG Emporium Burton,Burton upon Trent,Staffordshire,,01283 337478,,Medium,UK-001306
West Midlands,Vape Shop,High,The Ace of Vapez Cannock,Cannock,Staffordshire,WS11 4AH,01543 222003,https://www.theaceofvapez.com/pages/retail-locations,High,UK-001275
West Midlands,Vape Shop,High,Sky Blue Vape Lounge - Walsgrave,Coventry,West Midlands,CV2 4BL,024 7644 0055,https://skybluevape.co.uk/store/sky-blue-vape-lounge-walsgrave/,Medium,UK-001274
West Midlands,Vape Shop,Medium,Touch of Vape,Coventry,West Midlands,CV3 5HF,024 7650 2777,https://www.touchofvape.com/pages/vape-shop-coventry,High,UK-001365
West Midlands,Vape Shop,Medium,Vape Shop Outlet - Coventry City Centre,Coventry,West Midlands,CV1 1DD,024 7622 3044,https://www.vapeshop.co.uk/pages/vape-shop-outlet-coventry-city-centre,Medium,UK-001232
West Midlands,Vape Shop,Medium,Ecigwizard Evesham,Evesham,Worcestershire,WR11 4SG,01386 389717,,Medium,UK-001231
West Midlands,Vape Shop,Medium,VPZ Evesham,Evesham,Worcestershire,WR11 4SQ,01386 422841,,Medium,UK-001286
West Midlands,Vape Shop,Medium,Vape and Tech Evesham Ltd,Evesham,Worcestershire,WR11 4EU,01386 571171,,Medium,UK-001291
West Midlands,Vape Shop,High,CCR Vape (Hereford),Hereford,Herefordshire,HR4 9AR,01432 352767,https://www.ccrvape.co.uk/,Medium,UK-001224
West Midlands,Vape Shop,High,Royal Vapes Kenilworth,Kenilworth,Warwickshire,CV8 1HH,01926 854580,https://www.royalvapes.co.uk/,Medium,UK-001263
West Midlands,Vape Shop,Medium,Stratos Vaping,Kidderminster,Worcestershire,DY10 2BA,01562 310081,,Medium,UK-001357
West Midlands,Vape Shop,Medium,VapeSense Kingswinford,Kingswinford,West Midlands,DY6 9JS,01384 918900,,Medium,UK-000537
West Midlands,Vape Shop,Medium,Captain's Vape Lounge - Leamington Spa,Leamington Spa,Warwickshire,CV32 4LJ,01926 730764,https://captainsvape.co.uk/store/captains-vape-lounge-leamington-spa/,Medium,UK-001227
West Midlands,Vape Shop,High,Opt2Vape Leek,Leek,Staffordshire,ST13 5JW,01538 371462,https://opt2vape.co.uk/stores/leek-vape-shop/,Medium,UK-001253
West Midlands,Vape Shop,Medium,Electromist Lichfield,Lichfield,Staffordshire,WS13 6NF,01543 418833,,Medium,UK-001308
West Midlands,Vape Shop,High,The Ace of Vapez Lichfield,Lichfield,Staffordshire,WS13 6JP,01543 221998,https://www.theaceofvapez.com/pages/retail-locations,Medium,UK-001276
West Midlands,Vape Shop,Medium,Vape Sense Malvern,Malvern,Worcestershire,WR14 1SU,01684 437071,,Medium,UK-001290
West Midlands,Vape Shop,Medium,Vape 'n' Quit Market Drayton,Market Drayton,Shropshire,TF9 3BY,01630 653152,,Medium,UK-001371
West Midlands,Vape Shop,Medium,Planet of the Vapez,Newcastle-under-Lyme,Staffordshire,ST5 6LQ,01782 636467,,Medium,UK-001339
West Midlands,Vape Shop,High,Totally Wicked Newcastle-under-Lyme,Newcastle-under-Lyme,Staffordshire,ST5 9HF,01782 637600,https://www.totallywicked-eliquid.co.uk/stores/newcastle-u-lyme-e-cigs-e-liquid-shop-nul-vape,Medium,UK-001282
West Midlands,Vape Shop,Medium,Vape Up,Newcastle-under-Lyme,Staffordshire,ST5 8LW,01782 698260,https://www.vape-up.co.uk/contact-us,Medium,UK-001377
West Midlands,Vape Shop,Medium,Royal Vapes Nuneaton,Nuneaton,Warwickshire,CV11 5BP,024 7632 7803,https://www.royalvapes.co.uk/,Medium,UK-001265
West Midlands,Vape Shop,Medium,Sky Blue Vape Lounge - Nuneaton,Nuneaton,Warwickshire,CV10 8DE,024 7634 7649,https://skybluevape.co.uk/store/sky-blue-vape-lounge-nuneaton/,Medium,UK-001273
West Midlands,Vape Shop,Medium,Air Vape Store Oswestry,Oswestry,Shropshire,SY11 2NN,01691 239981,,Medium,UK-001294
West Midlands,Vape Shop,Medium,Oswestry Vapes,Oswestry,Shropshire,SY11 1QA,01691 238959,,Medium,UK-001338
West Midlands,Vape Shop,Medium,ExpressVapes,Rugby,Warwickshire,CV21 4EG,01788 544850,https://expressvapes.co.uk/,Medium,UK-001310
West Midlands,Vape Shop,Medium,Mr VP Vape Shop,Rugby,Warwickshire,CV21 3PU,01788 877460,,Medium,UK-001335
West Midlands,Vape Shop,Medium,Totally Wicked - Rugby,Rugby,Warwickshire,CV21 2TP,01788 541007,,Medium,UK-001280
West Midlands,Vape Shop,Medium,VJ Vapours Tunstall,Stoke-on-Trent,Staffordshire,ST6 5EA,01782 866012,,Medium,UK-001285
West Midlands,Vape Shop,Medium,Vape Sales UK,Tamworth,Staffordshire,B77 5EA,01827 285585,,Medium,UK-001376
West Midlands,Vape Shop,Medium,Phone Care & Vape,Walsall,West Midlands,WS3 2XE,01922 320998,,Medium,UK-000499
West Midlands,Vape Shop,High,Royal Vapes Warwick,Warwick,Warwickshire,,01926 419240,https://www.royalvapes.co.uk/,Medium,UK-001266
West Midlands,Vape Shop,Medium,Warwick Vapes,Warwick,Warwickshire,CV34 4JA,01926 257390,https://warwickvapes.com/,High,UK-001386
West Midlands,Vape Shop,Medium,Vape N Chase,West Bromwich,West Midlands,,0121 572 0040,,Medium,UK-000535
West Midlands,Vape Shop,Medium,Vvapour,West Bromwich,West Midlands,B71 1AS,0800 292 2345,,Medium,UK-000540
West Midlands,Vape Shop,High,The Ace Of Vapez - Willenhall (The Precinct),Willenhall,West Midlands,WV12 4PZ,01902 634748,https://www.theaceofvapez.com/pages/retail-locations,High,UK-000447
West Midlands,Vape Shop,Medium,Land of Vapes,Wolverhampton,West Midlands,WV1 1HP,01902 426610,,Medium,UK-000486
West Midlands,Vape Shop,High,Regimental Vape,Wolverhampton,West Midlands,WV11 3TT,01902 903456,https://www.regimentalvape.co.uk/,High,UK-000504
West Midlands,Vape Shop,High,The Ace Of Vapez - East Park,Wolverhampton,West Midlands,WV1 2HR,01902 458119,https://www.theaceofvapez.com/pages/retail-locations,High,UK-000445
West Midlands,Vape Shop,High,The Ace Of Vapez - Scotlands,Wolverhampton,West Midlands,WV10 8PN,01902 240425,https://www.theaceofvapez.com/pages/retail-locations,High,UK-000446
West Midlands,Vape Shop,Medium,Vape Sense,Worcester,Worcestershire,WR1 1JZ,01905 780360,,Medium,UK-001289
West Midlands,Vape Shop,Medium,Vape and Tech Worcester Ltd,Worcester,Worcestershire,WR1 3NJ,01905 969968,,Medium,UK-001292
West Midlands,Smoke / Shisha Shop,Medium,Shisha-Wala,Birmingham,West Midlands,B25 8DP,0121 245 2229,https://shisha-wala.co.uk/,Medium,UK-000515
West Midlands,Smoke / Shisha Shop,Medium,H2O Shisha Lounge,Coventry,West Midlands,CV1 3BA,024 7622 9199,,Low,UK-001316
West Midlands,Smoke / Shisha Shop,Medium,Rania Cafe,Stoke-on-Trent,Staffordshire,ST6 3EX,01782 499446,,Medium,UK-001341
West Midlands,Tobacco Specialist,Medium,John Hollingsworth & Sons,Birmingham,West Midlands,B2 5HU,0121 236 7768,,Medium,UK-000483
West Midlands,Tobacco Specialist,Medium,Salt Tobacconists,Coventry,West Midlands,CV1 2HN,024 7622 3475,,Medium,UK-001346
West Midlands,Tobacco Specialist,Medium,J M Edwards,Stoke-on-Trent,Staffordshire,ST1 1LD,01782 281416,,Medium,UK-001323
West Midlands,Off-Licence,Low,Hayer Brothers Groceries & Off Licence,Birmingham,West Midlands,B21 9QL,0121 725 6829,,Low,UK-000477
West Midlands,Off-Licence,Low,International Mini Market,Birmingham,West Midlands,B19 1RJ,0121 554 5363,,Low,UK-000480
West Midlands,Off-Licence,Low,Malhi Wine & Beer Convenience Store,Birmingham,West Midlands,B21 9QZ,0121 250 4968,,Low,UK-000491
West Midlands,Off-Licence,Low,Stirchley Food & Wine,Birmingham,West Midlands,B30 2PH,0121 459 7611,,Low,UK-000517
West Midlands,Off-Licence,Medium,Stirchley Wines & Spirits,Birmingham,West Midlands,B30 2JH,0121 459 9936,https://www.stirchleywines.co.uk/,Medium,UK-000518
West Midlands,Off-Licence,Low,B & G Liquor Ltd,Oldbury,West Midlands,B68 9NB,0121 552 3270,,Medium,UK-000454
West Midlands,Off-Licence,Low,Booze Stop,Oldbury,West Midlands,B68 0BZ,0121 421 3797,,Medium,UK-000458
West Midlands,Off-Licence,Low,Causeway Wines,Oldbury,West Midlands,B68 8LS,0121 541 2103,,Medium,UK-000460
West Midlands,Off-Licence,Low,Dave Wine,Oldbury,West Midlands,B68 0PJ,0121 421 2029,,Medium,UK-000465
West Midlands,Off-Licence,Low,Padda Store,Oldbury,West Midlands,B68 0DY,0121 439 4384,,Medium,UK-000497
West Midlands,Off-Licence,Low,Royal Liquors,Oldbury,West Midlands,B68 8NQ,0121 544 2719,,Medium,UK-000507
West Midlands,Off-Licence,Low,Sandhu Grocers,Oldbury,West Midlands,B68 8LD,0121 552 4845,,Medium,UK-000510
West Midlands,Off-Licence,Medium,Bargain Booze Plus Redditch (Studley Road),Redditch,Worcestershire,,01527 514285,https://branches.bargainbooze.co.uk/redditch/14-studley-road.html,Medium,UK-001218
West Midlands,Off-Licence,Low,Paul's Convenience & Off Licence Store,Rowley Regis,West Midlands,B65 0EH,0121 559 4902,,Medium,UK-000498
West Midlands,Off-Licence,Low,Dylan's 24/7 Off Licence & Convenience Store,Wednesbury,West Midlands,WS10 0AH,0121 505 5898,,Medium,UK-000467
West Midlands,Off-Licence,Low,Delta Wines,West Bromwich,West Midlands,B70 7EG,0121 553 5563,,Medium,UK-000466
West Midlands,Off-Licence,Low,Elite Wines,West Bromwich,West Midlands,B70 9LW,0121 553 5218,,Medium,UK-000469
West Midlands,Off-Licence,Medium,The Wine Shop,Wolverhampton,West Midlands,,01902 656833,,Low,UK-000525
West Midlands,Convenience Store,Medium,Costcutter Yardley Wood,Birmingham,West Midlands,B14 4ER,0121 436 7621,,Low,UK-000423
West Midlands,Convenience Store,Medium,Dhillons Convenience Store,Birmingham,West Midlands,B23 5SB,0121 350 8581,https://www.premier-stores.co.uk/our-stores/dhillons-convenience-store-0,Medium,UK-000437
West Midlands,Convenience Store,Low,Jay Mini Market,Birmingham,West Midlands,B21 0HH,0121 554 2063,,Low,UK-000482
West Midlands,Convenience Store,Medium,Kwik Stop Convenience Store,Birmingham,West Midlands,B30 2YP,0121 472 8118,https://www.premier-stores.co.uk/our-stores/kwik-stop-convenience-store,Medium,UK-000438
West Midlands,Convenience Store,Medium,One Stop Hednesford,Cannock,Staffordshire,WS12 4BW,01543 422160,,Medium,UK-001251
West Midlands,Convenience Store,Medium,Nisa Local - Khera Supermarkets,Leamington Spa,Warwickshire,,01926 332574,,Low,UK-001250
West Midlands,Convenience Store,Medium,A N Convenience,Nuneaton,Warwickshire,CV11 6DJ,024 7711 8597,https://www.premier-stores.co.uk/our-stores/an-convenience-nuneaton,Medium,UK-001255
West Midlands,Convenience Store,Medium,Nisa Local - Lawford Road,Rugby,Warwickshire,CV21 2EA,01788 572008,,Medium,UK-001247
West Midlands,Convenience Store,High,Nisa Local Shrewsbury (Penfold Shopping Centre),Shrewsbury,Shropshire,SY3 5HF,01743 598213,https://www.nisalocally.co.uk/stores/shropshire/shrewsbury/unit-3-penfold-shopping-center,Medium,UK-001248
West Midlands,Convenience Store,Low,Khan Convenience Store,Stoke-on-Trent,Staffordshire,ST3 4RN,01782 336076,,Medium,UK-001326
West Midlands,Convenience Store,Medium,One Stop Packmoor,Stoke-on-Trent,Staffordshire,,01782 827955,,Medium,UK-001252
West Midlands,Independent Supermarket,Medium,Azad Supermarket - Balsall Heath (Stoney Lane),Birmingham,West Midlands,B12 8AJ,0121 449 8882,,Medium,UK-000420
West Midlands,Independent Supermarket,Medium,Worldwide Foods,Birmingham,West Midlands,B8 1LL,0121 327 0074,https://www.worldwidefoods.co.uk/,Medium,UK-000543
West Midlands,Independent Supermarket,Low,Veg Express Superstore,Darlaston,West Midlands,WS10 9JL,0121 526 5433,,Medium,UK-000539
West Midlands,Independent Supermarket,Low,F B Supermarket,Walsall,West Midlands,WS1 4JT,01922 640177,,Medium,UK-000471
West Midlands,Independent Supermarket,Medium,M & T Supermarket Ltd,Walsall,West Midlands,WS1 3RF,01922 620607,,Medium,UK-000490
West Midlands,Independent Supermarket,Medium,Home From Home Foods,Wolverhampton,West Midlands,WV2 4LD,01902 421200,https://www.homefromhomefoods.com/,High,UK-000479
West Midlands,Independent Supermarket,Medium,World Foods Superstore,Wolverhampton,West Midlands,WV6 0QW,01902 421222,,Medium,UK-000542
West Midlands,Newsagent,Low,Stretton Newsagents,Burton upon Trent,Staffordshire,DE13 0DZ,01283 565577,,Medium,UK-001358
West Midlands,Newsagent,Low,S & S Newsagents,Hereford,Herefordshire,HR4 9AB,01432 351394,,Medium,UK-001344
West Midlands,Newsagent,Low,K P Newsagents,Warwick,Warwickshire,CV34 4NE,01926 492010,,Low,UK-001324
West Midlands,Newsagent,Low,St Margarets News & Off Licence,Warwick,Warwickshire,CV34 5QN,01926 491060,,Low,UK-001353
West Midlands,Petrol Station / Forecourt,Medium,Shell Yardley Wood Service Station,Birmingham,West Midlands,B14 4QA,0121 474 4928,https://www.londis.co.uk/our-stores/shell-yardley-wood-service-station,Medium,UK-000432
West Midlands,Petrol Station / Forecourt,Medium,Texaco Chase Service Station,Cannock,Staffordshire,WS12 4AA,01543 871276,https://www.londis.co.uk/our-stores/texaco-chase-service-station,Medium,UK-001245
West Midlands,Petrol Station / Forecourt,Low,Fenton Service Station,Stoke-on-Trent,Staffordshire,ST4 2HU,01782 411441,,Medium,UK-001311
West Midlands,Cash & Carry,Medium,Monmore Confectionery (Midlands) Ltd,Bilston,West Midlands,WV14 0PR,01902 403336,https://www.monmoreconfectionery.co.uk/,High,UK-000494
West Midlands,Cash & Carry,Medium,Lal & Sons Cash & Carry,Coventry,West Midlands,CV1 4FN,024 7622 0563,,Medium,UK-001328
West Midlands,Cash & Carry,High,Bestway Stoke-on-Trent,Stoke-on-Trent,Staffordshire,ST4 2FL,01782 569640,https://www.bestwaywholesale.co.uk/depots/Bestway-Stoke-on-Trent,Medium,UK-001220
West Midlands,Cash & Carry,Medium,Booker Cash & Carry Stoke-on-Trent,Stoke-on-Trent,Staffordshire,,01782 744800,,Medium,UK-001221
West Midlands,Cash & Carry,Medium,Central Food Service,Stoke-on-Trent,Staffordshire,ST6 4RB,01782 811899,,Medium,UK-001302
West Midlands,Cash & Carry,Medium,Hancocks Cash & Carry Stoke,Stoke-on-Trent,Staffordshire,ST4 2DW,01782 202590,,Medium,UK-001241
West Midlands,Cash & Carry,Medium,Westone Wholesale,Telford,Shropshire,TF1 7GS,01952 670220,,Medium,UK-001387
West Midlands,Cash & Carry,High,Bestway Walsall,Walsall,West Midlands,WS2 8TF,01922 633561,https://www.bestwaywholesale.co.uk/depots/Bestway-Walsall,High,UK-000422
West Midlands,Cash & Carry,Medium,SR Catering Ltd,Wolverhampton,West Midlands,WV10 0PG,01902 456430,https://srcateringltd.co.uk/,High,UK-000508
Yorkshire & Humber,Vape Shop,Medium,Bingley Vape Shop,Bingley,West Yorkshire,BD16 2JA,01535 213290,,Medium,WY-0065
Yorkshire & Humber,Vape Shop,High,Vape Shop Guy Boroughbridge,Boroughbridge,North Yorkshire,,01423 325924,https://vapeshopguy.co.uk/,Medium,UK-000222
Yorkshire & Humber,Vape Shop,High,"420 Vape Shop (Tong Street, Bradford)",Bradford,West Yorkshire,BD4 6HD,01274 962277,https://420vapeshop.co.uk/,Medium,WY-0003
Yorkshire & Humber,Vape Shop,Medium,The Vape Hub,Bradford,West Yorkshire,BD6 3PB,01274 785496,,Medium,WY-0161
Yorkshire & Humber,Vape Shop,High,We Are Vapes,Bradford,West Yorkshire,BD4 9QJ,01274 270773,https://www.wearevapes.com/,Medium,WY-0041
Yorkshire & Humber,Vape Shop,High,We Are Vapes,Bradford,West Yorkshire,,01274 634327,https://www.wearevapes.com/,Medium,WY-0042
Yorkshire & Humber,Vape Shop,Medium,A Touch of Glass,Bridlington,East Riding of Yorkshire,YO15 2DW,01262 677677,,Medium,UK-000231
Yorkshire & Humber,Vape Shop,Medium,Totally Wicked,Brighouse,West Yorkshire,HD6 1JR,01484 769431,,Medium,WY-0032
Yorkshire & Humber,Vape Shop,Medium,Vape Road,Brighouse,West Yorkshire,HD6 1AQ,01484 917785,,Medium,WY-0175
Yorkshire & Humber,Vape Shop,Medium,Zesty Vape,Brighouse,West Yorkshire,HD6 1AQ,01484 722183,,Medium,WY-0191
Yorkshire & Humber,Vape Shop,High,WOW Vape (Castleford),Castleford,West Yorkshire,WF10 1BA,01977 516062,https://wow-vape.co.uk,Medium,WY-0039
Yorkshire & Humber,Vape Shop,Medium,Vaping Cloud,Cleethorpes,Lincolnshire,DN35 0PX,01472 488770,,Low,UK-000293
Yorkshire & Humber,Vape Shop,High,VAPEx Doncaster,Doncaster,South Yorkshire,DN1 2BY,01302 315051,https://vapexstores.co.uk/dn1,Medium,UK-000216
Yorkshire & Humber,Vape Shop,Medium,Totally Wicked,Halifax,West Yorkshire,HX1 1TA,01422 320223,https://www.totallywicked-eliquid.co.uk/stores/halifax-e-cigs-e-liquid-shop,Medium,WY-0033
Yorkshire & Humber,Vape Shop,Medium,Vapestation,Halifax,West Yorkshire,HX1 1QE,01422 365557,,Medium,WY-0181
Yorkshire & Humber,Vape Shop,Medium,VapourWave Harrogate,Harrogate,North Yorkshire,HG1 5AZ,01423 601806,https://www.vapour-wave.co.uk/,Medium,UK-000294
Yorkshire & Humber,Vape Shop,High,iVape Harrogate,Harrogate,North Yorkshire,HG1 1QQ,01423 509009,https://ivapestore.co.uk/stores/ivape-harrogate,Medium,UK-000230
Yorkshire & Humber,Vape Shop,Medium,Ecig N Vape,Heckmondwike,West Yorkshire,WF16 0EU,01924 402342,,Medium,WY-0082
Yorkshire & Humber,Vape Shop,Medium,VAPE (Heckmondwike),Heckmondwike,West Yorkshire,WF16 0JG,01924 650140,,Medium,WY-0171
Yorkshire & Humber,Vape Shop,Medium,Vape Suite,Huddersfield,West Yorkshire,HD1 2QD,01484 312366,,Medium,WY-0177
Yorkshire & Humber,Vape Shop,High,Vape Shack Immingham,Immingham,Lincolnshire,,01469 577493,,Low,UK-000221
Yorkshire & Humber,Vape Shop,High,Vapour Worx Knaresborough,Knaresborough,North Yorkshire,HG5 0HB,01423 610083,https://vapeshopguy.co.uk/,Medium,UK-000225
Yorkshire & Humber,Vape Shop,Low,Vaporized Meanwood,Leeds,West Yorkshire,LS6 4HY,0113 274 8997,,Low,WY-0183
Yorkshire & Humber,Vape Shop,Medium,Ryedale Vapour,Malton,North Yorkshire,YO17 7AA,01653 228160,,Low,UK-000273
Yorkshire & Humber,Vape Shop,Medium,Vape with Us Northallerton,Northallerton,North Yorkshire,DL7 8JZ,01609 772799,,Medium,UK-000292
Yorkshire & Humber,Vape Shop,Medium,Mister Motivaper,Pontefract,West Yorkshire,,01274 987430,,Low,WY-0121
Yorkshire & Humber,Vape Shop,Medium,Angel Smoke e-Cigarettes,Rotherham,South Yorkshire,S62 6EU,01709 322634,https://angelsmoke.co.uk,Medium,UK-000236
Yorkshire & Humber,Vape Shop,Medium,SMKD Rotherham,Rotherham,South Yorkshire,S65 1AL,01274 270303,https://smkd.com/,Medium,UK-000212
Yorkshire & Humber,Vape Shop,Medium,The Little Shop of Vapes,Scarborough,North Yorkshire,YO11 1SL,01723 449978,,Medium,UK-000282
Yorkshire & Humber,Vape Shop,High,CRAM Vape,Scunthorpe,Lincolnshire,DN16 2AR,01724 277259,https://www.cramvape.co.uk,Medium,UK-000194
Yorkshire & Humber,Vape Shop,Medium,The Vape Lounge Scunthorpe,Scunthorpe,Lincolnshire,,01724 858999,,Low,UK-000284
Yorkshire & Humber,Vape Shop,High,"420 Vape Shop (Leeds Road, Shipley)",Shipley,West Yorkshire,BD18 1EA,01274 011507,https://420vapeshop.co.uk/,Medium,WY-0002
Yorkshire & Humber,Vape Shop,Medium,Big D Vapes,Slaithwaite,West Yorkshire,HD7 5LU,01484 843253,,Medium,WY-0064
Yorkshire & Humber,Vape Shop,High,Ecig N Vape South Elmsall,South Elmsall,West Yorkshire,WF9 2RJ,01977 647267,,Medium,WY-0013
Yorkshire & Humber,Vape Shop,Medium,House of Vapour,South Elmsall,West Yorkshire,WF9 2AL,01977 647969,https://www.houseofvapour.net,Medium,WY-0097
Yorkshire & Humber,Vape Shop,Medium,The Vape Lounge Thirsk,Thirsk,North Yorkshire,YO7 1HQ,01845 525571,,Medium,UK-000285
Yorkshire & Humber,Vape Shop,High,Vape Safe Whitby,Whitby,North Yorkshire,YO21 1BW,01947 604873,https://www.vapesafe.net/,Low,UK-000218
Yorkshire & Humber,Vape Shop,Medium,The Vape Centre York,York,North Yorkshire,YO31 7EA,01904 927903,,Low,UK-000283
Yorkshire & Humber,Vape Shop,High,Vape Safe York,York,North Yorkshire,YO1 8AX,01904 848488,https://www.vapesafe.net/,Medium,UK-000219
Yorkshire & Humber,Smoke / Shisha Shop,Medium,Smoke & Vape Barnsley,Barnsley,South Yorkshire,,01226 953777,,Low,UK-000277
Yorkshire & Humber,Tobacco Specialist,Medium,Somers of Keighley,Keighley,West Yorkshire,BD21 3PB,01535 604678,,Medium,WY-0150
Yorkshire & Humber,Tobacco Specialist,High,C.Gars Leeds (Dominique London),Leeds,West Yorkshire,LS1 6LQ,0113 244 5556,https://www.cgarsltd.co.uk/,Medium,WY-0012
Yorkshire & Humber,Off-Licence,Medium,Caspar's Bottle Shop,Leeds,West Yorkshire,LS7 3LW,0113 237 4554,https://www.casparsbottleshop.com/,Medium,WY-0073
Yorkshire & Humber,Off-Licence,Low,Castleford Road Off Licence,Normanton,West Yorkshire,WF6 2EU,01924 223984,,Medium,WY-0074
Yorkshire & Humber,Off-Licence,Medium,The Dram Shop,Sheffield,South Yorkshire,S10 1GA,0114 268 3117,,Medium,UK-000215
Yorkshire & Humber,Convenience Store,Medium,Notay Convenience Store (Premier),Batley,West Yorkshire,WF17 8JD,01924 471483,https://www.premier-stores.co.uk/our-stores/notay-convenience-store,Medium,WY-0127
Yorkshire & Humber,Convenience Store,Medium,Costcutter Wibsey,Bradford,West Yorkshire,BD6 1PQ,01274 723454,https://store-locator.costcutter.co.uk/costcutter-b8ba71542351,Medium,WY-0076
Yorkshire & Humber,Convenience Store,Medium,Londis Ravensthorpe,Dewsbury,West Yorkshire,WF13 3JE,01924 461300,https://www.londis.co.uk/our-stores/londis-ravensthorpe,Medium,WY-0115
Yorkshire & Humber,Convenience Store,Low,Thornhill Convenience Store,Dewsbury,West Yorkshire,WF12 9DZ,01924 462478,,Medium,WY-0164
Yorkshire & Humber,Convenience Store,Medium,SPAR Huddersfield Road,Elland,West Yorkshire,HX5 9AA,01422 648232,https://www.spar.co.uk/store-locator/hal32443-spar-huddersfield-road,Medium,WY-0141
Yorkshire & Humber,Convenience Store,Low,KV Convenience & Off Licence,Huddersfield,West Yorkshire,HD3 4HZ,01484 644192,,Medium,WY-0101
Yorkshire & Humber,Convenience Store,Medium,Nisa Local Knottingley,Knottingley,West Yorkshire,WF11 0QH,01977 607202,https://www.nisalocally.co.uk/stores/west-yorkshire/knottingley,Medium,WY-0125
Yorkshire & Humber,Convenience Store,Low,Meltham Convenience Store,Meltham,West Yorkshire,HD9 4EJ,01484 618211,,Medium,WY-0120
Yorkshire & Humber,Convenience Store,High,Premier Mexborough Convenience Store,Mexborough,South Yorkshire,S64 9QZ,01709 581369,https://www.premier-stores.co.uk/our-stores/mexborough-convenience-store,Medium,UK-000207
Yorkshire & Humber,Convenience Store,Medium,Londis Normanton (313 Castleford Road),Normanton,West Yorkshire,WF6 2HL,01924 892113,https://www.londis.co.uk/our-stores/londis-normanton,Medium,WY-0113
Yorkshire & Humber,Convenience Store,Medium,"Londis Normanton (Castleford Road, WF6 2DW)",Normanton,West Yorkshire,WF6 2DW,01924 890438,https://www.londis.co.uk/our-stores/normanton,Medium,WY-0114
Yorkshire & Humber,Convenience Store,Medium,SPAR Outwood,Wakefield,West Yorkshire,WF1 2LE,01924 822641,https://www.spar.co.uk/store-locator/afb49926-spar-outwood,Medium,WY-0142
Yorkshire & Humber,Independent Supermarket,High,Abu Bakr Supermarket (Batley),Batley,West Yorkshire,WF17 8FU,01924 950730,https://www.abubakrgroup.com/,Medium,WY-0006
Yorkshire & Humber,Independent Supermarket,Medium,Mullaco (Batley),Batley,West Yorkshire,WF17 7PJ,01924 939128,https://mullaco.co.uk/,Medium,WY-0019
Yorkshire & Humber,Independent Supermarket,Medium,Worldwide Foods Bradford (Leeds Road),Bradford,West Yorkshire,BD3 7NH,01274 656638,https://worldwidefoods.co.uk/,Medium,WY-0045
Yorkshire & Humber,Independent Supermarket,Medium,Mullaco Supermarket (Dewsbury),Dewsbury,West Yorkshire,WF12 0AA,01924 465909,https://mullaco.co.uk/,Medium,WY-0021
Yorkshire & Humber,Independent Supermarket,Medium,Weetons Food Hall,Harrogate,North Yorkshire,HG3 1EW,01423 507100,https://weetons.co.uk/,Medium,UK-000296
Yorkshire & Humber,Independent Supermarket,Low,Asia Foods,Huddersfield,West Yorkshire,HD1 3SG,01484 514828,,Medium,WY-0052
Yorkshire & Humber,Independent Supermarket,Low,Khadim Supersave,Huddersfield,West Yorkshire,HD1 5HU,01484 360513,,Medium,WY-0106
Yorkshire & Humber,Independent Supermarket,Medium,Shans Supermarket,Keighley,West Yorkshire,,01535 667889,,Medium,WY-0145
Yorkshire & Humber,Independent Supermarket,Medium,FilFoods Filipino Store,Leeds,West Yorkshire,LS8 5PB,0113 440 1031,,Medium,WY-0084
Yorkshire & Humber,Independent Supermarket,Low,Sprouts Supermarket,Rotherham,South Yorkshire,S60 2PE,01709 839980,,Medium,UK-000279
Yorkshire & Humber,Independent Supermarket,Medium,Manchester Superstore (Wakefield),Wakefield,West Yorkshire,WF1 4NL,01924 369105,https://manchestersuperstores.co.uk/store-locations/manchester-super-stores-in-wakefield/,Medium,WY-0017
Yorkshire & Humber,Independent Supermarket,Medium,Ainsty Farm Shop,York,North Yorkshire,YO26 8EQ,01423 331897,https://www.ainstyfarmshop.co.uk/home.html,Medium,UK-000234
Yorkshire & Humber,Newsagent,Low,Flemingate News,Beverley,East Riding of Yorkshire,HU17 0NZ,01482 881429,,Medium,UK-000246
Yorkshire & Humber,Newsagent,Low,Anwarsons Newsagency,Brighouse,West Yorkshire,HD6 1JR,01484 717622,,Medium,WY-0050
Yorkshire & Humber,Newsagent,Low,Kash News & Gifts,Brighouse,West Yorkshire,HD6 1AF,01484 400405,,Medium,WY-0103
Yorkshire & Humber,Newsagent,Low,Mount Pellon Newsagent,Halifax,West Yorkshire,HX2 0HA,01422 361609,,Medium,WY-0122
Yorkshire & Humber,Newsagent,Low,Charlesworths,Holmfirth,West Yorkshire,HD9 7DF,01484 681111,,Medium,WY-0075
Yorkshire & Humber,Newsagent,Low,Dhillon's Newsagents,Leeds,West Yorkshire,LS13 2JJ,0113 257 8085,,Medium,WY-0080
Yorkshire & Humber,Newsagent,Medium,GT News (White Rose Shopping Centre),Leeds,West Yorkshire,LS11 8LU,0113 228 6446,http://www.gtnews.co.uk/,Medium,WY-0014
Yorkshire & Humber,Newsagent,Low,Matharu Newsagents,Leeds,West Yorkshire,LS6 4ER,0113 275 1851,,Medium,WY-0119
Yorkshire & Humber,Newsagent,Low,Select Newsagent,Mirfield,West Yorkshire,WF14 0AB,01924 695779,,Medium,WY-0144
Yorkshire & Humber,Newsagent,Low,Carlton Self Service,Pontefract,West Yorkshire,WF8 2SE,01977 780317,,Medium,WY-0072
Yorkshire & Humber,Newsagent,Low,Brooks News,Pudsey,West Yorkshire,LS28 7LD,0113 257 3382,,Medium,WY-0070
Yorkshire & Humber,Newsagent,Low,J A & S Cowie Newsagent,Ripon,North Yorkshire,HG4 2AT,01765 603153,,Low,UK-000257
Yorkshire & Humber,Newsagent,Low,Ripon News,Ripon,North Yorkshire,HG4 1EN,01765 604337,,Low,UK-000272
Yorkshire & Humber,Newsagent,Low,Todmorden Newscentre,Todmorden,West Yorkshire,OL14 5AQ,01706 819889,,Medium,WY-0165
Yorkshire & Humber,Petrol Station / Forecourt,Medium,Phoenix Filling Station,Bradford,West Yorkshire,BD7 1JT,01274 721896,,Medium,WY-0132
Yorkshire & Humber,Petrol Station / Forecourt,Medium,Glasshoughton Service Station,Castleford,West Yorkshire,WF10 4RS,01977 278353,https://www.nisalocally.co.uk/stores/west-yorkshire/castleford/bp-glasshoughton-ser-st,Medium,WY-0028
Yorkshire & Humber,Petrol Station / Forecourt,Low,Springfield Garage (Keighley),Keighley,West Yorkshire,BD21 1QQ,01535 604629,,Medium,WY-0152
Yorkshire & Humber,Cash & Carry,Medium,BGC Wholesale,Bradford,West Yorkshire,BD4 6SE,01274 651059,https://bgcwholesale.com/locations/bradford,Medium,WY-0055
Yorkshire & Humber,Cash & Carry,Medium,SaveCo Cash & Carry Bradford,Bradford,West Yorkshire,BD3 8HE,01274 665555,https://savecobradford.co.uk/,Medium,WY-0143
Yorkshire & Humber,Cash & Carry,Medium,Suki's Cash & Carry,Bradford,West Yorkshire,BD3 9HN,01274 736093,https://sukiscashandcarry.co.uk/,Medium,WY-0156
Yorkshire & Humber,Cash & Carry,Medium,White Rose Catering,Dewsbury,West Yorkshire,WF13 3QU,01924 467054,,Medium,WY-0188
Yorkshire & Humber,Cash & Carry,High,Parfetts Cash & Carry (Halifax),Halifax,West Yorkshire,HX3 6RA,01422 363167,https://www.parfetts.co.uk/,Medium,WY-0005
Yorkshire & Humber,Cash & Carry,Medium,TLC (Top Lines Catering Supplies),Sheffield,South Yorkshire,S9 3WX,0114 261 9999,https://www.tlcfoods.com/,Medium,UK-000280
